Date,Open,High,Low,Close,Adj Close,Volume
2019-07-29,141.5,141.50999450683594,139.3699951171875,141.02999877929688,135.55184936523438,16605900
2019-07-30,140.13999938964844,141.22000122070312,139.8000030517578,140.35000610351562,134.8982696533203,16846500
2019-07-31,140.3300018310547,140.49000549316406,135.0800018310547,136.27000427246094,130.97674560546875,38598800
2019-08-01,137.0,140.94000244140625,136.92999267578125,138.05999755859375,132.6972198486328,40557500
2019-08-02,138.08999633789062,138.32000732421875,135.25999450683594,136.89999389648438,131.58226013183594,30791600
2019-08-05,133.3000030517578,133.92999267578125,130.77999877929688,132.2100067138672,127.074462890625,42749600
2019-08-06,133.8000030517578,135.67999267578125,133.2100067138672,134.69000244140625,129.45809936523438,32696700
2019-08-07,133.7899932861328,135.64999389648438,131.8300018310547,135.27999877929688,130.0251922607422,33414500
2019-08-08,136.60000610351562,138.99000549316406,135.92999267578125,138.88999938964844,133.49496459960938,27496500
2019-08-09,138.61000061035156,139.3800048828125,136.4600067138672,137.7100067138672,132.36080932617188,23466700
2019-08-12,137.07000732421875,137.86000061035156,135.24000549316406,135.7899932861328,130.515380859375,20484300
2019-08-13,136.0500030517578,138.8000030517578,135.0,138.60000610351562,133.2162322998047,25154600
2019-08-14,136.36000061035156,136.9199981689453,133.6699981689453,133.97999572753906,129.20449829101562,32527300
2019-08-15,134.38999938964844,134.5800018310547,132.25,133.67999267578125,128.91522216796875,28074400
2019-08-16,134.8800048828125,136.4600067138672,134.72000122070312,136.1300048828125,131.2779083251953,24449100
2019-08-19,137.85000610351562,138.5500030517578,136.88999938964844,138.41000366210938,133.4766082763672,24355700
2019-08-20,138.2100067138672,138.7100067138672,137.24000549316406,137.25999450683594,132.3675994873047,21170800
2019-08-21,138.5500030517578,139.49000549316406,138.0,138.7899932861328,133.8430633544922,14970300
2019-08-22,138.66000366210938,139.1999969482422,136.2899932861328,137.77999877929688,132.86904907226562,18697000
2019-08-23,137.19000244140625,138.35000610351562,132.8000030517578,133.38999938964844,128.63552856445312,38508600
2019-08-26,134.99000549316406,135.55999755859375,133.89999389648438,135.4499969482422,130.62210083007812,20312600
2019-08-27,136.38999938964844,136.72000122070312,134.66000366210938,135.74000549316406,130.9018096923828,23102100
2019-08-28,134.8800048828125,135.75999450683594,133.5500030517578,135.55999755859375,130.7282257080078,17393300
2019-08-29,137.25,138.44000244140625,136.91000366210938,138.1199951171875,133.19691467285156,20168700
2019-08-30,139.14999389648438,139.17999267578125,136.27000427246094,137.86000061035156,132.94619750976562,23940100
2019-09-03,136.61000061035156,137.1999969482422,135.6999969482422,136.0399932861328,131.1910858154297,18869300
2019-09-04,137.3000030517578,137.69000244140625,136.47999572753906,137.6300048828125,132.72442626953125,17995900
2019-09-05,139.11000061035156,140.3800048828125,138.75999450683594,140.0500030517578,135.05816650390625,26101800
2019-09-06,140.02999877929688,140.17999267578125,138.1999969482422,139.10000610351562,134.14199829101562,20824500
2019-09-09,139.58999633789062,139.75,136.4600067138672,137.52000427246094,132.61834716796875,25773900
2019-09-10,136.8000030517578,136.88999938964844,134.50999450683594,136.0800018310547,131.2296600341797,28903400
2019-09-11,135.91000366210938,136.27000427246094,135.08999633789062,136.1199951171875,131.26824951171875,24726100
2019-09-12,137.85000610351562,138.4199981689453,136.8699951171875,137.52000427246094,132.61834716796875,27010000
2019-09-13,137.77999877929688,138.05999755859375,136.57000732421875,137.32000732421875,132.42544555664062,23363100
2019-09-16,135.8300018310547,136.6999969482422,135.66000366210938,136.3300018310547,131.4707489013672,16731400
2019-09-17,136.9600067138672,137.52000427246094,136.42999267578125,137.38999938964844,132.49293518066406,17814200
2019-09-18,137.36000061035156,138.6699981689453,136.52999877929688,138.52000427246094,133.5827178955078,23982100
2019-09-19,140.3000030517578,142.3699951171875,140.07000732421875,141.07000732421875,136.0418243408203,35772100
2019-09-20,141.00999450683594,141.64999389648438,138.25,139.44000244140625,134.4698944091797,39167300
2019-09-23,139.22999572753906,139.6300048828125,138.44000244140625,139.13999938964844,134.18060302734375,17139300
2019-09-24,140.36000061035156,140.69000244140625,136.8800048828125,137.3800048828125,132.48333740234375,29773200
2019-09-25,137.5,139.9600067138672,136.02999877929688,139.36000061035156,134.39276123046875,21382000
2019-09-26,139.44000244140625,140.17999267578125,138.44000244140625,139.5399932861328,134.5663604736328,17456600
2019-09-27,140.14999389648438,140.36000061035156,136.64999389648438,137.72999572753906,132.82086181640625,22477700
2019-09-30,138.0500030517578,139.22000122070312,137.77999877929688,139.02999877929688,134.07452392578125,17280900
2019-10-01,139.66000366210938,140.25,137.0,137.07000732421875,132.1843719482422,21466600
2019-10-02,136.25,136.3699951171875,133.5800018310547,134.64999389648438,129.85064697265625,30521700
2019-10-03,134.9499969482422,136.75,133.22000122070312,136.27999877929688,131.42254638671875,24132900
2019-10-04,136.75,138.25,136.4199981689453,138.1199951171875,133.19691467285156,22897700
2019-10-07,137.13999938964844,138.17999267578125,137.02000427246094,137.1199951171875,132.2325897216797,15303700
2019-10-08,137.0800018310547,137.75999450683594,135.6199951171875,135.6699981689453,130.8342742919922,25550500
2019-10-09,137.4600067138672,138.6999969482422,136.97000122070312,138.24000549316406,133.31268310546875,19749900
2019-10-10,138.49000549316406,139.6699981689453,138.25,139.10000610351562,134.14199829101562,17654600
2019-10-11,140.1199951171875,141.02999877929688,139.5,139.67999267578125,134.7013397216797,25446000
2019-10-14,139.69000244140625,140.2899932861328,139.52000427246094,139.5500030517578,134.57598876953125,13304300
2019-10-15,140.05999755859375,141.7899932861328,139.80999755859375,141.57000732421875,136.52398681640625,19695700
2019-10-16,140.7899932861328,140.99000549316406,139.52999877929688,140.41000366210938,135.40533447265625,20751600
2019-10-17,140.9499969482422,141.4199981689453,139.02000427246094,139.69000244140625,134.71099853515625,21460600
2019-10-18,139.75999450683594,140.0,136.55999755859375,137.41000366210938,132.5122528076172,32273500
2019-10-21,138.4499969482422,138.5,137.00999450683594,138.42999267578125,133.49591064453125,20078200
2019-10-22,138.97000122070312,140.00999450683594,136.25999450683594,136.3699951171875,131.5093231201172,27431000
2019-10-23,136.8800048828125,137.4499969482422,135.61000061035156,137.24000549316406,132.3483123779297,29844600
2019-10-24,139.38999938964844,140.4199981689453,138.6699981689453,139.94000244140625,134.95208740234375,37029300
2019-10-25,139.33999633789062,141.13999938964844,139.1999969482422,140.72999572753906,135.71389770507812,25959700
2019-10-28,144.39999389648438,145.6699981689453,143.50999450683594,144.19000244140625,139.05059814453125,35280100
2019-10-29,144.0800018310547,144.5,142.64999389648438,142.8300018310547,137.73904418945312,20589500
2019-10-30,143.52000427246094,145.0,142.7899932861328,144.61000061035156,139.4556427001953,18496600
2019-10-31,144.89999389648438,144.92999267578125,142.99000549316406,143.3699951171875,138.2598114013672,24605100
2019-11-01,144.25999450683594,144.4199981689453,142.97000122070312,143.72000122070312,138.5973663330078,33128400
2019-11-04,144.8300018310547,145.0,144.16000366210938,144.5500030517578,139.3977508544922,16912000
2019-11-05,144.97000122070312,145.02000427246094,143.91000366210938,144.4600067138672,139.31097412109375,18250200
2019-11-06,144.3699951171875,144.52000427246094,143.1999969482422,144.05999755859375,138.92523193359375,16575800
2019-11-07,143.83999633789062,144.8800048828125,143.77000427246094,144.25999450683594,139.1180877685547,17786700
2019-11-08,143.97999572753906,145.99000549316406,143.75999450683594,145.9600067138672,140.75750732421875,16732700
2019-11-11,145.33999633789062,146.4199981689453,144.72999572753906,146.11000061035156,140.9021759033203,14362600
2019-11-12,146.27999877929688,147.57000732421875,146.05999755859375,147.07000732421875,141.8279571533203,18641600
2019-11-13,146.74000549316406,147.4600067138672,146.27999877929688,147.30999755859375,142.05938720703125,16919200
2019-11-14,147.02000427246094,148.41000366210938,147.0,148.05999755859375,142.7826690673828,19729800
2019-11-15,148.92999267578125,149.99000549316406,148.27000427246094,149.97000122070312,144.62457275390625,23485700
2019-11-18,150.07000732421875,150.5500030517578,148.97999572753906,150.33999633789062,144.9813995361328,21534000
2019-11-19,150.8800048828125,151.3300018310547,150.1999969482422,150.38999938964844,145.02960205078125,23935700
2019-11-20,150.30999755859375,150.83999633789062,148.4600067138672,149.6199951171875,144.7780303955078,25696800
2019-11-21,149.39999389648438,149.8000030517578,148.5,149.47999572753906,144.64254760742188,18576100
2019-11-22,150.07000732421875,150.3000030517578,148.82000732421875,149.58999633789062,144.74899291992188,15901800
2019-11-25,150.0,151.35000610351562,149.9199981689453,151.22999572753906,146.33592224121094,22420900
2019-11-26,151.36000061035156,152.4199981689453,151.32000732421875,152.02999877929688,147.11000061035156,24620100
2019-11-27,152.3300018310547,152.5,151.52000427246094,152.32000732421875,147.39064025878906,15184400
2019-11-29,152.10000610351562,152.3000030517578,151.27999877929688,151.3800048828125,146.48104858398438,11977300
2019-12-02,151.80999755859375,151.8300018310547,148.32000732421875,149.5500030517578,144.71031188964844,27418400
2019-12-03,147.49000549316406,149.42999267578125,146.64999389648438,149.30999755859375,144.47804260253906,24066000
2019-12-04,150.13999938964844,150.17999267578125,149.1999969482422,149.85000610351562,145.00059509277344,17574700
2019-12-05,150.0500030517578,150.32000732421875,149.47999572753906,149.92999267578125,145.07798767089844,17869100
2019-12-06,150.99000549316406,151.8699951171875,150.27000427246094,151.75,146.8390655517578,16403500
2019-12-09,151.07000732421875,152.2100067138672,150.91000366210938,151.36000061035156,146.4617156982422,16687400
2019-12-10,151.2899932861328,151.88999938964844,150.75999450683594,151.1300048828125,146.23915100097656,16476100
2019-12-11,151.5399932861328,151.8699951171875,150.3300018310547,151.6999969482422,146.79071044921875,18856600
2019-12-12,151.64999389648438,153.44000244140625,151.02000427246094,153.24000549316406,148.2808837890625,24612100
2019-12-13,153.0,154.88999938964844,152.8300018310547,154.52999877929688,149.52914428710938,23845400
2019-12-16,155.11000061035156,155.89999389648438,154.82000732421875,155.52999877929688,150.4967498779297,24144200
2019-12-17,155.4499969482422,155.7100067138672,154.4499969482422,154.69000244140625,149.6839599609375,25425600
2019-12-18,154.3000030517578,155.47999572753906,154.17999267578125,154.3699951171875,149.3743133544922,24129200
2019-12-19,154.0,155.77000427246094,153.75,155.7100067138672,150.67092895507812,24958900
2019-12-20,157.35000610351562,158.49000549316406,156.2899932861328,157.41000366210938,152.31593322753906,53477500
2019-12-23,158.1199951171875,158.1199951171875,157.27000427246094,157.41000366210938,152.31593322753906,17718200
2019-12-24,157.47999572753906,157.7100067138672,157.1199951171875,157.3800048828125,152.28688049316406,8989200
2019-12-26,157.55999755859375,158.72999572753906,157.39999389648438,158.6699981689453,153.5351104736328,14520600
2019-12-27,159.4499969482422,159.5500030517578,158.22000122070312,158.9600067138672,153.81578063964844,18412800
2019-12-30,158.99000549316406,159.02000427246094,156.72999572753906,157.58999633789062,152.4901123046875,16348400
2019-12-31,156.77000427246094,157.77000427246094,156.4499969482422,157.6999969482422,152.59654235839844,18369400
2020-01-02,158.77999877929688,160.72999572753906,158.3300018310547,160.6199951171875,155.4220428466797,22622100
2020-01-03,158.32000732421875,159.9499969482422,158.05999755859375,158.6199951171875,153.4867706298828,21116200
2020-01-06,157.0800018310547,159.10000610351562,156.50999450683594,159.02999877929688,153.88351440429688,20813700
2020-01-07,159.32000732421875,159.6699981689453,157.32000732421875,157.5800018310547,152.4804229736328,21634100
2020-01-08,158.92999267578125,160.8000030517578,157.9499969482422,160.08999633789062,154.90919494628906,27746500
2020-01-09,161.83999633789062,162.22000122070312,161.02999877929688,162.08999633789062,156.84446716308594,21385000
2020-01-10,162.82000732421875,163.22000122070312,161.17999267578125,161.33999633789062,156.11874389648438,20725900
2020-01-13,161.75999450683594,163.30999755859375,161.25999450683594,163.27999877929688,157.99595642089844,21626500
2020-01-14,163.38999938964844,163.60000610351562,161.72000122070312,162.1300048828125,156.88316345214844,23477400
2020-01-15,162.6199951171875,163.94000244140625,162.57000732421875,163.17999267578125,157.8992156982422,21417900
2020-01-16,164.35000610351562,166.24000549316406,164.02999877929688,166.1699981689453,160.7924041748047,23865400
2020-01-17,167.4199981689453,167.47000122070312,165.42999267578125,167.10000610351562,161.69232177734375,34371700
2020-01-21,166.67999267578125,168.19000244140625,166.42999267578125,166.5,161.1117706298828,29517200
2020-01-22,167.39999389648438,167.49000549316406,165.67999267578125,165.6999969482422,160.33766174316406,24138800
2020-01-23,166.19000244140625,166.8000030517578,165.27000427246094,166.72000122070312,161.3246307373047,19680800
2020-01-24,167.50999450683594,167.52999877929688,164.4499969482422,165.0399932861328,159.698974609375,24918100
2020-01-27,161.14999389648438,163.3800048828125,160.1999969482422,162.27999877929688,157.02835083007812,32078100
2020-01-28,163.77999877929688,165.75999450683594,163.07000732421875,165.4600067138672,160.1054229736328,24899900
2020-01-29,167.83999633789062,168.75,165.69000244140625,168.0399932861328,162.60189819335938,34754500
2020-01-30,174.0500030517578,174.0500030517578,170.7899932861328,172.77999877929688,167.1885223388672,51597500
2020-01-31,172.2100067138672,172.39999389648438,169.5800018310547,170.22999572753906,164.7210235595703,36142700
2020-02-03,170.42999267578125,174.5,170.39999389648438,174.3800048828125,168.7367401123047,30107000
2020-02-04,177.13999938964844,180.63999938964844,176.30999755859375,180.1199951171875,174.291015625,36433300
2020-02-05,184.02999877929688,184.1999969482422,178.41000366210938,179.89999389648438,174.07806396484375,39186300
2020-02-06,180.97000122070312,183.82000732421875,180.05999755859375,183.6300048828125,177.68739318847656,27751400
2020-02-07,182.85000610351562,185.6300048828125,182.47999572753906,183.88999938964844,177.93896484375,33529100
2020-02-10,183.5800018310547,188.83999633789062,183.25,188.6999969482422,182.59332275390625,35844300
2020-02-11,190.64999389648438,190.6999969482422,183.5,184.44000244140625,178.47120666503906,53159900
2020-02-12,185.5800018310547,185.85000610351562,181.85000610351562,184.7100067138672,178.73243713378906,47062900
2020-02-13,183.0800018310547,186.22999572753906,182.8699951171875,183.7100067138672,177.7648162841797,35295800
2020-02-14,183.25,185.41000366210938,182.64999389648438,185.35000610351562,179.3517303466797,23149500
2020-02-18,185.61000061035156,187.6999969482422,185.5,187.22999572753906,181.1708984375,27792200
2020-02-19,188.05999755859375,188.17999267578125,186.47000122070312,187.27999877929688,181.71424865722656,29997500
2020-02-20,186.9499969482422,187.25,181.10000610351562,184.4199981689453,178.93923950195312,36862400
2020-02-21,183.1699981689453,183.5,177.25,178.58999633789062,173.28248596191406,48572600
2020-02-24,167.77000427246094,174.5500030517578,163.22999572753906,170.88999938964844,165.81134033203125,68311100
2020-02-25,174.1999969482422,174.83999633789062,167.64999389648438,168.07000732421875,163.07516479492188,68073300
2020-02-26,169.7100067138672,173.25999450683594,168.2100067138672,170.1699981689453,165.11276245117188,56206100
2020-02-27,163.32000732421875,167.02999877929688,157.97999572753906,158.17999267578125,153.47906494140625,93174900
2020-02-28,152.41000366210938,163.7100067138672,152.0,162.00999450683594,157.19525146484375,97012700
2020-03-02,165.30999755859375,172.9199981689453,162.30999755859375,172.7899932861328,167.65487670898438,71030800
2020-03-03,173.8000030517578,175.0,162.25999450683594,164.50999450683594,159.62095642089844,71677000
2020-03-04,168.49000549316406,170.6999969482422,165.6199951171875,170.5500030517578,165.48143005371094,49814400
2020-03-05,166.0500030517578,170.8699951171875,165.69000244140625,166.27000427246094,161.3286590576172,47817300
2020-03-06,162.61000061035156,163.11000061035156,156.0,161.57000732421875,156.76834106445312,72821100
2020-03-09,151.0,157.75,150.0,150.6199951171875,146.14376831054688,70419300
2020-03-10,158.16000366210938,161.02999877929688,152.5800018310547,160.9199981689453,156.13763427734375,65354400
2020-03-11,157.1300048828125,157.6999969482422,151.14999389648438,153.6300048828125,149.06427001953125,56371600
2020-03-12,145.3000030517578,153.47000122070312,138.5800018310547,139.05999755859375,134.9272918701172,93226400
2020-03-13,147.5,161.91000366210938,140.72999572753906,158.8300018310547,154.10975646972656,92727400
2020-03-16,140.0,149.35000610351562,135.0,135.4199981689453,131.39549255371094,87905900
2020-03-17,140.0,147.5,135.0,146.57000732421875,142.21412658691406,81059800
2020-03-18,138.0,146.0,135.02000427246094,140.39999389648438,136.2274627685547,81593200
2020-03-19,142.77000427246094,150.14999389648438,139.0,142.7100067138672,138.4688262939453,85922700
2020-03-20,146.0,147.10000610351562,135.86000061035156,137.35000610351562,133.2681121826172,84866200
2020-03-23,137.00999450683594,140.57000732421875,132.52000427246094,135.97999572753906,131.9388427734375,78975200
2020-03-24,143.75,149.60000610351562,141.27000427246094,148.33999633789062,143.9315185546875,82516700
2020-03-25,148.91000366210938,154.3300018310547,144.44000244140625,146.9199981689453,142.55368041992188,75638200
2020-03-26,148.39999389648438,156.66000366210938,148.3699951171875,156.11000061035156,151.47061157226562,64568100
2020-03-27,151.75,154.88999938964844,149.1999969482422,149.6999969482422,145.25111389160156,57042300
2020-03-30,152.44000244140625,160.60000610351562,150.00999450683594,160.22999572753906,155.46815490722656,63420300
2020-03-31,159.39999389648438,164.77999877929688,156.55999755859375,157.7100067138672,153.02305603027344,77927200
2020-04-01,153.0,157.75,150.82000732421875,152.11000061035156,147.5894775390625,57969900
2020-04-02,151.86000061035156,155.47999572753906,150.36000061035156,155.25999450683594,150.64585876464844,49630700
2020-04-03,155.10000610351562,157.3800048828125,152.19000244140625,153.8300018310547,149.2583465576172,41243300
2020-04-06,160.32000732421875,166.5,157.5800018310547,165.27000427246094,160.35838317871094,67111700
2020-04-07,169.58999633789062,170.0,163.25999450683594,163.49000549316406,158.63125610351562,62769000
2020-04-08,165.6699981689453,166.6699981689453,163.5,165.1300048828125,160.22254943847656,48318200
2020-04-09,166.36000061035156,167.3699951171875,163.3300018310547,165.13999938964844,160.2322235107422,51385100
2020-04-13,164.35000610351562,165.57000732421875,162.3000030517578,165.50999450683594,160.59124755859375,41905300
2020-04-14,169.0,173.75,168.0,173.6999969482422,168.537841796875,52874300
2020-04-15,171.1999969482422,173.57000732421875,169.24000549316406,171.8800048828125,166.77194213867188,40940800
2020-04-16,174.3000030517578,177.27999877929688,172.89999389648438,177.0399932861328,171.778564453125,50479600
2020-04-17,179.5,180.0,175.8699951171875,178.60000610351562,173.29222106933594,52765600
2020-04-20,176.6300048828125,178.75,174.99000549316406,175.05999755859375,169.857421875,36669600
2020-04-21,173.5,173.6699981689453,166.11000061035156,167.82000732421875,162.83261108398438,56203700
2020-04-22,171.38999938964844,174.0,170.82000732421875,173.52000427246094,168.36318969726562,34620200
2020-04-23,174.11000061035156,175.05999755859375,170.91000366210938,171.4199981689453,166.32557678222656,32790800
2020-04-24,172.05999755859375,174.55999755859375,170.7100067138672,174.5500030517578,169.36257934570312,34277600
2020-04-27,176.58999633789062,176.89999389648438,173.3000030517578,174.0500030517578,168.87744140625,33194400
2020-04-28,175.58999633789062,175.6699981689453,169.38999938964844,169.80999755859375,164.76345825195312,34392700
2020-04-29,173.22000122070312,177.67999267578125,171.8800048828125,177.42999267578125,172.156982421875,51286600
2020-04-30,180.0,180.39999389648438,176.22999572753906,179.2100067138672,173.8841094970703,53875900
2020-05-01,175.8000030517578,178.63999938964844,174.00999450683594,174.57000732421875,169.38201904296875,39370500
2020-05-04,174.49000549316406,179.0,173.8000030517578,178.83999633789062,173.52508544921875,30372900
2020-05-05,180.6199951171875,183.64999389648438,179.89999389648438,180.75999450683594,175.38800048828125,36839200
2020-05-06,182.0800018310547,184.1999969482422,181.6300048828125,182.5399932861328,177.11512756347656,32139300
2020-05-07,184.1699981689453,184.5500030517578,182.5800018310547,183.60000610351562,178.14364624023438,28316000
2020-05-08,184.97999572753906,185.0,183.36000061035156,184.67999267578125,179.19151306152344,30877800
2020-05-11,183.14999389648438,187.50999450683594,182.85000610351562,186.74000549316406,181.19032287597656,30892700
2020-05-12,186.8000030517578,187.0399932861328,182.3000030517578,182.50999450683594,177.08602905273438,32038200
2020-05-13,182.5500030517578,184.0500030517578,176.5399932861328,179.75,174.40806579589844,44711500
2020-05-14,177.5399932861328,180.69000244140625,175.67999267578125,180.52999877929688,175.16488647460938,41873900
2020-05-15,179.05999755859375,187.05999755859375,177.0,183.16000366210938,177.71670532226562,46610400
2020-05-18,185.75,186.1999969482422,183.9600067138672,184.91000366210938,179.41468811035156,35264500
2020-05-19,185.02999877929688,186.60000610351562,183.49000549316406,183.6300048828125,178.17271423339844,26799100
2020-05-20,184.80999755859375,185.85000610351562,183.94000244140625,185.66000366210938,180.6441192626953,31261300
2020-05-21,185.39999389648438,186.6699981689453,183.2899932861328,183.42999267578125,178.474365234375,29119500
2020-05-22,183.19000244140625,184.4600067138672,182.5399932861328,183.50999450683594,178.5522003173828,20826900
2020-05-26,186.33999633789062,186.5,181.10000610351562,181.57000732421875,176.66461181640625,36073600
2020-05-27,180.1999969482422,181.99000549316406,176.60000610351562,181.80999755859375,176.89813232421875,39517100
2020-05-28,180.74000549316406,184.14999389648438,180.3800048828125,181.39999389648438,176.4991912841797,33810200
2020-05-29,182.72999572753906,184.27000427246094,180.41000366210938,183.25,178.29922485351562,42130400
2020-06-01,182.5399932861328,183.0,181.4600067138672,182.8300018310547,177.89056396484375,22622400
2020-06-02,184.25,185.0,181.35000610351562,184.91000366210938,179.9143829345703,30794600
2020-06-03,184.82000732421875,185.94000244140625,183.5800018310547,185.36000061035156,180.3522186279297,27311000
2020-06-04,184.3000030517578,185.83999633789062,182.3000030517578,182.9199981689453,177.97813415527344,28761800
2020-06-05,182.6199951171875,187.72999572753906,182.00999450683594,187.1999969482422,182.1425018310547,39893600
2020-06-08,185.94000244140625,188.5500030517578,184.44000244140625,188.36000061035156,183.27117919921875,33211600
2020-06-09,188.0,190.6999969482422,187.25999450683594,189.8000030517578,184.67227172851562,29783900
2020-06-10,191.1300048828125,198.52000427246094,191.00999450683594,196.83999633789062,191.5220489501953,43872300
2020-06-11,193.1300048828125,195.75999450683594,186.07000732421875,186.27000427246094,181.2376251220703,52854700
2020-06-12,190.5399932861328,191.72000122070312,185.17999267578125,187.74000549316406,182.66793823242188,43373600
2020-06-15,184.5800018310547,190.82000732421875,184.00999450683594,188.94000244140625,183.8354949951172,32770200
2020-06-16,192.88999938964844,195.5800018310547,191.4600067138672,193.57000732421875,188.34042358398438,42556700
2020-06-17,195.02999877929688,196.32000732421875,193.69000244140625,194.24000549316406,188.99232482910156,25687800
2020-06-18,194.0,196.49000549316406,194.0,196.32000732421875,191.01611328125,23061600
2020-06-19,198.58999633789062,199.2899932861328,194.3699951171875,195.14999389648438,189.8777313232422,44441100
2020-06-22,195.7899932861328,200.75999450683594,195.22999572753906,200.57000732421875,195.1512908935547,32818900
2020-06-23,202.08999633789062,203.9499969482422,201.42999267578125,201.91000366210938,196.45509338378906,30917400
2020-06-24,201.60000610351562,203.25,196.55999755859375,197.83999633789062,192.4950408935547,36740600
2020-06-25,197.8000030517578,200.61000061035156,195.47000122070312,200.33999633789062,194.927490234375,27803900
2020-06-26,199.72999572753906,199.88999938964844,194.8800048828125,196.3300018310547,191.02586364746094,54675800
2020-06-29,195.77999877929688,198.52999877929688,193.5500030517578,198.44000244140625,193.07884216308594,26701600
2020-06-30,197.8800048828125,204.39999389648438,197.74000549316406,203.50999450683594,198.0118865966797,34310300
2020-07-01,203.13999938964844,206.35000610351562,201.77000427246094,204.6999969482422,199.1697235107422,32061200
2020-07-02,205.67999267578125,208.02000427246094,205.0,206.25999450683594,200.6875762939453,29315800
2020-07-06,208.8300018310547,211.1300048828125,208.08999633789062,210.6999969482422,205.0076141357422,31897600
2020-07-07,210.4499969482422,214.6699981689453,207.99000549316406,208.25,202.6238250732422,33600700
2020-07-08,210.07000732421875,213.25999450683594,208.69000244140625,212.8300018310547,207.08009338378906,33600000
2020-07-09,216.3300018310547,216.3800048828125,211.47000122070312,214.32000732421875,208.52981567382812,33121700
2020-07-10,213.6199951171875,214.0800018310547,211.0800018310547,213.6699981689453,207.89736938476562,26177600
2020-07-13,214.47999572753906,215.8000030517578,206.5,207.07000732421875,201.47569274902344,38135600
2020-07-14,206.1300048828125,208.85000610351562,202.02999877929688,208.35000610351562,202.7211456298828,37591800
2020-07-15,209.55999755859375,211.3300018310547,205.02999877929688,208.0399932861328,202.41946411132812,32179400
2020-07-16,205.39999389648438,205.6999969482422,202.30999755859375,203.9199981689453,198.4108123779297,29940700
2020-07-17,204.47000122070312,205.0399932861328,201.38999938964844,202.8800048828125,197.39889526367188,31635300
2020-07-20,205.0,212.3000030517578,203.00999450683594,211.60000610351562,205.88330078125,36884800
2020-07-21,213.66000366210938,213.94000244140625,208.02999877929688,208.75,203.11029052734375,37990400
2020-07-22,209.1999969482422,212.3000030517578,208.38999938964844,211.75,206.0292510986328,49605700
2020-07-23,207.19000244140625,210.9199981689453,202.14999389648438,202.5399932861328,197.06808471679688,67457000
2020-07-24,200.4199981689453,202.86000061035156,197.50999450683594,201.3000030517578,195.86155700683594,39827000
2020-07-27,201.47000122070312,203.97000122070312,200.86000061035156,203.85000610351562,198.3426971435547,30160900
2020-07-28,203.61000061035156,204.6999969482422,201.74000549316406,202.02000427246094,196.56210327148438,23251400
2020-07-29,202.5,204.64999389648438,202.00999450683594,204.05999755859375,198.5469970703125,19632600
2020-07-30,201.0,204.4600067138672,199.57000732421875,203.89999389648438,198.3913116455078,25079600
2020-07-31,204.39999389648438,205.10000610351562,199.00999450683594,205.00999450683594,199.4713592529297,51044000
2020-08-03,211.52000427246094,217.63999938964844,210.44000244140625,216.5399932861328,210.68984985351562,78983000
2020-08-04,214.1699981689453,214.77000427246094,210.30999755859375,213.2899932861328,207.52761840820312,49280100
2020-08-05,214.89999389648438,215.0,211.57000732421875,212.94000244140625,207.18710327148438,28806400
2020-08-06,212.33999633789062,216.3699951171875,211.5500030517578,216.35000610351562,210.5049591064453,32656800
2020-08-07,214.85000610351562,215.6999969482422,210.92999267578125,212.47999572753906,206.73951721191406,27820400
2020-08-10,211.6699981689453,211.8800048828125,206.35000610351562,208.25,202.6238250732422,36716500
2020-08-11,207.16000366210938,207.64999389648438,203.13999938964844,203.3800048828125,197.88539123535156,36446500
2020-08-12,205.2899932861328,210.27999877929688,204.75,209.19000244140625,203.53842163085938,28013100
2020-08-13,209.44000244140625,211.35000610351562,208.14999389648438,208.6999969482422,203.06166076660156,22588900
2020-08-14,208.75999450683594,209.58999633789062,207.50999450683594,208.89999389648438,203.25624084472656,17958900
2020-08-17,209.60000610351562,211.19000244140625,208.9199981689453,210.27999877929688,204.59898376464844,20184800
2020-08-18,210.52999877929688,212.36000061035156,209.2100067138672,211.49000549316406,205.77633666992188,21336200
2020-08-19,211.49000549316406,212.10000610351562,209.25,209.6999969482422,204.52784729003906,27627600
2020-08-20,209.5399932861328,215.0,208.91000366210938,214.5800018310547,209.28750610351562,26981500
2020-08-21,213.86000061035156,216.25,212.85000610351562,213.02000427246094,207.76597595214844,36249300
2020-08-24,214.7899932861328,215.52000427246094,212.42999267578125,213.69000244140625,208.41943359375,25460100
2020-08-25,213.10000610351562,216.61000061035156,213.10000610351562,216.47000122070312,211.13087463378906,23043700
2020-08-26,217.8800048828125,222.08999633789062,217.36000061035156,221.14999389648438,215.69541931152344,39600800
2020-08-27,222.88999938964844,231.14999389648438,219.39999389648438,226.5800018310547,220.99147033691406,57602200
2020-08-28,228.17999267578125,230.63999938964844,226.5800018310547,228.91000366210938,223.26406860351562,26292900
2020-08-31,227.0,228.6999969482422,224.30999755859375,225.52999877929688,219.96742248535156,28774200
2020-09-01,225.50999450683594,227.4499969482422,224.42999267578125,227.27000427246094,221.6645050048828,25725500
2020-09-02,227.97000122070312,232.86000061035156,227.35000610351562,231.64999389648438,225.93649291992188,34080800
2020-09-03,229.27000427246094,229.30999755859375,214.9600067138672,217.3000030517578,211.94039916992188,58400300
2020-09-04,215.10000610351562,218.36000061035156,205.19000244140625,214.25,208.9656219482422,59664100
2020-09-08,206.5,210.02999877929688,202.1999969482422,202.66000366210938,197.6614990234375,52924300
2020-09-09,207.60000610351562,214.83999633789062,206.6999969482422,211.2899932861328,206.07861328125,45679000
2020-09-10,213.39999389648438,214.74000549316406,204.11000061035156,205.3699951171875,200.30462646484375,35461500
2020-09-11,207.1999969482422,208.6300048828125,201.24000549316406,204.02999877929688,198.9976806640625,33620100
2020-09-14,204.24000549316406,209.1999969482422,204.02999877929688,205.41000366210938,200.34365844726562,30375800
2020-09-15,208.4199981689453,209.77999877929688,206.92999267578125,208.77999877929688,203.63052368164062,21823900
2020-09-16,210.6199951171875,210.64999389648438,204.63999938964844,205.0500030517578,199.99253845214844,26328100
2020-09-17,200.0500030517578,204.3300018310547,199.9600067138672,202.91000366210938,197.90533447265625,34011300
2020-09-18,202.8000030517578,203.64999389648438,196.25,200.38999938964844,195.447509765625,55225300
2020-09-21,197.19000244140625,202.7100067138672,196.3800048828125,202.5399932861328,197.54444885253906,39839700
2020-09-22,205.05999755859375,208.10000610351562,202.0800018310547,207.4199981689453,202.3040771484375,33517100
2020-09-23,207.89999389648438,208.10000610351562,200.02999877929688,200.58999633789062,195.6425323486328,30803800
2020-09-24,199.85000610351562,205.57000732421875,199.1999969482422,203.19000244140625,198.17843627929688,31202500
2020-09-25,203.5500030517578,209.0399932861328,202.5399932861328,207.82000732421875,202.69422912597656,29437300
2020-09-28,210.8800048828125,212.57000732421875,208.05999755859375,209.44000244140625,204.27426147460938,32004900
2020-09-29,209.35000610351562,210.07000732421875,206.80999755859375,207.25999450683594,202.14805603027344,24221900
2020-09-30,207.72999572753906,211.97999572753906,206.5399932861328,210.3300018310547,205.142333984375,33829100
2020-10-01,213.49000549316406,213.99000549316406,211.32000732421875,212.4600067138672,207.21978759765625,27158400
2020-10-02,208.0,210.99000549316406,205.5399932861328,206.19000244140625,201.10443115234375,33154800
2020-10-05,207.22000122070312,210.41000366210938,206.97999572753906,210.3800048828125,205.19110107421875,21331600
2020-10-06,208.82000732421875,210.17999267578125,204.82000732421875,205.91000366210938,200.83132934570312,28554300
2020-10-07,207.05999755859375,210.11000061035156,206.72000122070312,209.8300018310547,204.6546630859375,25681100
2020-10-08,210.50999450683594,211.19000244140625,208.32000732421875,210.5800018310547,205.38613891601562,19925800
2020-10-09,211.22999572753906,215.86000061035156,211.22999572753906,215.80999755859375,210.48712158203125,26458000
2020-10-12,218.7899932861328,223.86000061035156,216.80999755859375,221.39999389648438,215.9392852783203,40461400
2020-10-13,222.72000122070312,225.2100067138672,220.42999267578125,222.86000061035156,217.36326599121094,28950800
2020-10-14,223.0,224.22000122070312,219.1300048828125,220.86000061035156,215.41256713867188,23421700
2020-10-15,217.10000610351562,220.36000061035156,216.00999450683594,219.66000366210938,214.24220275878906,22733100
2020-10-16,220.14999389648438,222.2899932861328,219.32000732421875,219.66000366210938,214.24220275878906,26057900
2020-10-19,220.4199981689453,222.3000030517578,213.72000122070312,214.22000122070312,208.9363555908203,27625800
2020-10-20,215.8000030517578,217.3699951171875,213.08999633789062,214.64999389648438,209.35577392578125,22753500
2020-10-21,213.1199951171875,216.9199981689453,213.1199951171875,214.8000030517578,209.5020751953125,22724900
2020-10-22,213.92999267578125,216.05999755859375,211.6999969482422,214.88999938964844,209.58981323242188,22351500
2020-10-23,215.02999877929688,216.27999877929688,213.16000366210938,216.22999572753906,210.8968048095703,18879600
2020-10-26,213.85000610351562,216.33999633789062,208.10000610351562,210.0800018310547,204.89845275878906,37111600
2020-10-27,211.58999633789062,214.6699981689453,210.3300018310547,213.25,207.9902801513672,36700300
2020-10-28,207.6699981689453,208.83999633789062,202.10000610351562,202.67999267578125,197.68099975585938,51195600
2020-10-29,204.07000732421875,207.36000061035156,203.3699951171875,204.72000122070312,199.67066955566406,31432600
2020-10-30,203.5,204.2899932861328,199.6199951171875,202.47000122070312,197.47616577148438,36953700
2020-11-02,204.2899932861328,205.27999877929688,200.1199951171875,202.3300018310547,197.33961486816406,30842200
2020-11-03,203.88999938964844,208.1199951171875,203.1199951171875,206.42999267578125,201.3385009765625,27512000
2020-11-04,214.02000427246094,218.32000732421875,212.4199981689453,216.38999938964844,211.05282592773438,42311800
2020-11-05,222.0399932861328,224.1199951171875,221.14999389648438,223.2899932861328,217.7826385498047,36080100
2020-11-06,222.25999450683594,224.36000061035156,218.02999877929688,223.72000122070312,218.20205688476562,25231900
2020-11-09,224.44000244140625,228.1199951171875,217.8800048828125,218.38999938964844,213.00350952148438,44395000
2020-11-10,214.5,216.5,209.72000122070312,211.00999450683594,205.80552673339844,44045100
2020-11-11,212.38999938964844,218.0399932861328,212.1999969482422,216.5500030517578,211.20889282226562,29440800
2020-11-12,217.2100067138672,219.11000061035156,214.4600067138672,215.44000244140625,210.12628173828125,21593900
2020-11-13,216.36000061035156,217.4199981689453,214.16000366210938,216.50999450683594,211.16989135742188,18621100
2020-11-16,214.8699951171875,217.74000549316406,214.52000427246094,217.22999572753906,211.87213134765625,24953300
2020-11-17,216.10000610351562,217.67999267578125,214.0800018310547,214.4600067138672,209.17047119140625,24154100
2020-11-18,213.64999389648438,215.1699981689453,210.92999267578125,211.0800018310547,206.4127960205078,28372800
2020-11-19,211.3800048828125,213.02999877929688,209.92999267578125,212.4199981689453,207.72314453125,24792700
2020-11-20,212.1999969482422,213.2899932861328,210.0,210.38999938964844,205.73805236816406,22843100
2020-11-23,210.9499969482422,212.2899932861328,208.16000366210938,210.11000061035156,205.46424865722656,25683500
2020-11-24,209.58999633789062,214.25,208.86000061035156,213.86000061035156,209.13133239746094,33979700
2020-11-25,215.11000061035156,215.2899932861328,212.4600067138672,213.8699951171875,209.14111328125,21012900
2020-11-27,214.85000610351562,216.27000427246094,214.0399932861328,215.22999572753906,210.4710235595703,14512200
2020-11-30,214.10000610351562,214.75999450683594,210.83999633789062,214.07000732421875,209.33668518066406,33064800
2020-12-01,214.50999450683594,217.32000732421875,213.35000610351562,216.2100067138672,211.4293975830078,30904500
2020-12-02,214.8800048828125,215.47000122070312,212.8000030517578,215.3699951171875,210.60794067382812,23724500
2020-12-03,214.61000061035156,216.3800048828125,213.64999389648438,214.24000549316406,209.5029296875,25120900
2020-12-04,214.22000122070312,215.3800048828125,213.17999267578125,214.36000061035156,209.62026977539062,24666000
2020-12-07,214.3699951171875,215.5399932861328,212.99000549316406,214.2899932861328,209.55181884765625,24620000
2020-12-08,213.97000122070312,216.9499969482422,212.88999938964844,216.00999450683594,211.23377990722656,23284100
2020-12-09,215.16000366210938,215.22999572753906,211.2100067138672,211.8000030517578,207.1168975830078,32440600
2020-12-10,211.77000427246094,213.0800018310547,210.36000061035156,210.52000427246094,205.8651885986328,26733300
2020-12-11,210.0500030517578,213.32000732421875,209.11000061035156,213.25999450683594,208.54458618164062,30979400
2020-12-14,213.10000610351562,216.2100067138672,212.8800048828125,214.1999969482422,209.46383666992188,28798400
2020-12-15,215.1699981689453,215.4199981689453,212.24000549316406,214.1300048828125,209.39535522460938,27000600
2020-12-16,214.75,220.11000061035156,214.72000122070312,219.27999877929688,214.43150329589844,35023300
2020-12-17,219.8699951171875,220.88999938964844,217.9199981689453,219.4199981689453,214.5684051513672,32515800
2020-12-18,218.58999633789062,219.69000244140625,216.02000427246094,218.58999633789062,213.75677490234375,63354900
2020-12-21,217.5500030517578,224.0,217.27999877929688,222.58999633789062,217.6682891845703,37181900
2020-12-22,222.69000244140625,225.6300048828125,221.85000610351562,223.94000244140625,218.98846435546875,22612200
2020-12-23,223.11000061035156,223.55999755859375,220.8000030517578,221.02000427246094,216.13304138183594,18699600
2020-12-24,221.4199981689453,223.61000061035156,221.1999969482422,222.75,217.8247528076172,10550600
2020-12-28,224.4499969482422,226.02999877929688,223.02000427246094,224.9600067138672,219.98590087890625,17933500
2020-12-29,226.30999755859375,227.17999267578125,223.5800018310547,224.14999389648438,219.1938018798828,17403200
2020-12-30,225.22999572753906,225.6300048828125,221.47000122070312,221.67999267578125,216.77842712402344,20272300
2020-12-31,221.6999969482422,223.0,219.67999267578125,222.4199981689453,217.5020751953125,20942100
2021-01-04,222.52999877929688,223.0,214.80999755859375,217.69000244140625,212.8766326904297,37130100
2021-01-05,217.25999450683594,218.52000427246094,215.6999969482422,217.89999389648438,213.08200073242188,23823000
2021-01-06,212.1699981689453,216.49000549316406,211.94000244140625,212.25,207.5569305419922,35930700
2021-01-07,214.0399932861328,219.33999633789062,213.7100067138672,218.2899932861328,213.46336364746094,27694500
2021-01-08,218.67999267578125,220.5800018310547,217.02999877929688,219.6199951171875,214.76397705078125,22956200
2021-01-11,218.47000122070312,218.91000366210938,216.72999572753906,217.49000549316406,212.68109130859375,23031300
2021-01-12,216.5,217.10000610351562,213.32000732421875,214.92999267578125,210.1776580810547,23249300
2021-01-13,214.02000427246094,216.75999450683594,213.92999267578125,216.33999633789062,211.5565185546875,20087100
2021-01-14,215.91000366210938,217.4600067138672,212.74000549316406,213.02000427246094,208.30992126464844,29480800
2021-01-15,213.52000427246094,214.50999450683594,212.02999877929688,212.64999389648438,207.9480743408203,31746500
2021-01-19,213.75,216.97999572753906,212.6300048828125,216.44000244140625,211.65428161621094,30480900
2021-01-20,217.6999969482422,225.7899932861328,217.2899932861328,224.33999633789062,219.37960815429688,37777300
2021-01-21,224.6999969482422,226.3000030517578,222.4199981689453,224.97000122070312,219.99569702148438,30709400
2021-01-22,227.0800018310547,230.07000732421875,225.8000030517578,225.9499969482422,220.95399475097656,30172700
2021-01-25,229.1199951171875,229.77999877929688,224.22000122070312,229.52999877929688,224.454833984375,33152100
2021-01-26,231.86000061035156,234.17999267578125,230.0800018310547,232.3300018310547,227.1929473876953,49169600
2021-01-27,238.0,240.44000244140625,230.13999938964844,232.89999389648438,227.7503662109375,69870600
2021-01-28,235.61000061035156,242.63999938964844,235.08999633789062,238.92999267578125,233.64700317382812,49111200
2021-01-29,235.99000549316406,238.02000427246094,231.35000610351562,231.9600067138672,226.83111572265625,42503100
2021-02-01,235.05999755859375,242.5,232.42999267578125,239.64999389648438,234.35108947753906,33314200
2021-02-02,241.3000030517578,242.30999755859375,238.69000244140625,239.50999450683594,234.2141876220703,25916300
2021-02-03,239.57000732421875,245.08999633789062,239.25999450683594,243.0,237.62701416015625,27158100
2021-02-04,242.66000366210938,243.24000549316406,240.3699951171875,242.00999450683594,236.6588897705078,25296100
2021-02-05,242.22999572753906,243.27999877929688,240.4199981689453,242.1999969482422,236.84474182128906,18054800
2021-02-08,243.14999389648438,243.67999267578125,240.80999755859375,242.47000122070312,237.10874938964844,22211900
2021-02-09,241.8699951171875,244.75999450683594,241.3800048828125,243.77000427246094,238.37998962402344,23565000
2021-02-10,245.0,245.9199981689453,240.88999938964844,242.82000732421875,237.4510040283203,22186700
2021-02-11,244.77999877929688,245.14999389648438,242.14999389648438,244.49000549316406,239.08407592773438,15751100
2021-02-12,243.92999267578125,245.3000030517578,242.72999572753906,244.99000549316406,239.5730438232422,16561100
2021-02-16,245.02999877929688,246.1300048828125,242.9199981689453,243.6999969482422,238.31155395507812,26728500
2021-02-17,241.32000732421875,244.30999755859375,240.94000244140625,244.1999969482422,239.35049438476562,21653500
2021-02-18,241.8000030517578,243.92999267578125,240.86000061035156,243.7899932861328,238.94859313964844,16925600
2021-02-19,243.75,243.86000061035156,240.17999267578125,240.97000122070312,236.1846466064453,25262600
2021-02-22,237.4199981689453,237.92999267578125,232.39999389648438,234.50999450683594,229.8529052734375,36446900
2021-02-23,230.3300018310547,234.8300018310547,228.72999572753906,233.27000427246094,228.63755798339844,30228700
2021-02-24,230.00999450683594,235.1999969482422,229.0,234.5500030517578,229.8921356201172,26339700
2021-02-25,232.0800018310547,234.58999633789062,227.8800048828125,228.99000549316406,224.44253540039062,39542200
2021-02-26,231.52999877929688,235.3699951171875,229.5399932861328,232.3800048828125,227.76522827148438,37819200
2021-03-01,235.89999389648438,237.47000122070312,233.14999389648438,236.94000244140625,232.23464965820312,25324000
2021-03-02,237.00999450683594,237.3000030517578,233.4499969482422,233.8699951171875,229.22560119628906,22812500
2021-03-03,232.16000366210938,233.5800018310547,227.25999450683594,227.55999755859375,223.0409393310547,34029500
2021-03-04,226.74000549316406,232.49000549316406,224.25999450683594,226.72999572753906,222.2274169921875,44727800
2021-03-05,229.52000427246094,233.27000427246094,226.4600067138672,231.60000610351562,227.00071716308594,41872800
2021-03-08,231.3699951171875,233.3699951171875,227.1300048828125,227.38999938964844,222.87432861328125,35267400
2021-03-09,232.8800048828125,235.3800048828125,231.6699981689453,233.77999877929688,229.1374053955078,33080500
2021-03-10,237.0,237.0,232.0399932861328,232.4199981689453,227.804443359375,29746800
2021-03-11,234.9600067138672,239.1699981689453,234.30999755859375,237.1300048828125,232.42088317871094,29907600
2021-03-12,234.00999450683594,235.82000732421875,233.22999572753906,235.75,231.06829833984375,22653700
2021-03-15,234.9600067138672,235.19000244140625,231.80999755859375,234.80999755859375,230.14695739746094,26034900
2021-03-16,236.27999877929688,240.05999755859375,235.94000244140625,237.7100067138672,232.98934936523438,28092200
2021-03-17,236.14999389648438,238.5500030517578,233.22999572753906,237.0399932861328,232.3326873779297,29562100
2021-03-18,232.55999755859375,234.19000244140625,230.3300018310547,230.72000122070312,226.13818359375,34833000
2021-03-19,231.02000427246094,232.47000122070312,229.35000610351562,230.35000610351562,225.77554321289062,46430700
2021-03-22,230.27000427246094,236.89999389648438,230.13999938964844,235.99000549316406,231.30352783203125,30127000
2021-03-23,237.49000549316406,241.0500030517578,237.07000732421875,237.5800018310547,232.8619384765625,31638400
2021-03-24,237.85000610351562,238.0,235.32000732421875,235.4600067138672,230.78404235839844,25620100
2021-03-25,235.3000030517578,236.94000244140625,231.57000732421875,232.33999633789062,227.72601318359375,34061900
2021-03-26,231.5500030517578,236.7100067138672,231.5500030517578,236.47999572753906,231.78378295898438,25479900
2021-03-29,236.58999633789062,236.8000030517578,231.8800048828125,235.24000549316406,230.5684051513672,25227500
2021-03-30,233.52999877929688,233.85000610351562,231.10000610351562,231.85000610351562,227.24574279785156,24792000
2021-03-31,232.91000366210938,239.10000610351562,232.38999938964844,235.77000427246094,231.087890625,43623500
2021-04-01,238.47000122070312,242.83999633789062,238.0500030517578,242.35000610351562,237.53721618652344,30338000
2021-04-05,242.75999450683594,249.9600067138672,242.6999969482422,249.07000732421875,244.123779296875,36910600
2021-04-06,247.61000061035156,249.39999389648438,246.8800048828125,247.86000061035156,242.93780517578125,22931900
2021-04-07,247.80999755859375,250.92999267578125,247.19000244140625,249.89999389648438,244.93727111816406,22719800
2021-04-08,252.77000427246094,254.13999938964844,252.0,253.25,248.22076416015625,23625200
2021-04-09,252.8699951171875,255.99000549316406,252.44000244140625,255.85000610351562,250.7691192626953,24326800
2021-04-12,254.7100067138672,257.6700134277344,254.6199951171875,255.91000366210938,250.82794189453125,27148700
2021-04-13,257.260009765625,259.19000244140625,256.8299865722656,258.489990234375,253.35670471191406,23837500
2021-04-14,257.4800109863281,258.8299865722656,255.16000366210938,255.58999633789062,250.51429748535156,23070900
2021-04-15,257.92999267578125,259.92999267578125,257.7300109863281,259.5,254.3466339111328,25627500
2021-04-16,259.4700012207031,261.0,257.6000061035156,260.739990234375,255.56201171875,24878600
2021-04-19,260.19000244140625,261.4800109863281,257.82000732421875,258.739990234375,253.6017303466797,23209300
2021-04-20,257.82000732421875,260.20001220703125,256.8399963378906,258.260009765625,253.13125610351562,19722900
2021-04-21,258.94000244140625,260.67999267578125,257.25,260.5799865722656,255.40516662597656,24030400
2021-04-22,260.2099914550781,261.7799987792969,255.63999938964844,257.1700134277344,252.0629119873047,25606200
2021-04-23,257.8800048828125,261.510009765625,257.2699890136719,261.1499938964844,255.96389770507812,21462600
2021-04-26,261.6600036621094,262.44000244140625,260.1700134277344,261.54998779296875,256.35595703125,19763300
2021-04-27,261.5799865722656,263.19000244140625,260.1199951171875,261.9700012207031,256.767578125,31014200
2021-04-28,256.0799865722656,256.5400085449219,252.9499969482422,254.55999755859375,249.50474548339844,46903100
2021-04-29,255.4600067138672,256.1000061035156,249.0,252.50999450683594,247.49546813964844,40589000
2021-04-30,249.74000549316406,253.0800018310547,249.60000610351562,252.17999267578125,247.17198181152344,30945100
2021-05-03,253.39999389648438,254.35000610351562,251.1199951171875,251.86000061035156,246.8583526611328,19626600
2021-05-04,250.97000122070312,251.2100067138672,245.75999450683594,247.7899932861328,242.86917114257812,32756100
2021-05-05,249.05999755859375,249.5,245.82000732421875,246.47000122070312,241.57540893554688,21901300
2021-05-06,246.4499969482422,249.86000061035156,244.69000244140625,249.72999572753906,244.77066040039062,26491100
2021-05-07,252.14999389648438,254.3000030517578,251.1699981689453,252.4600067138672,247.44644165039062,27032900
2021-05-10,250.8699951171875,251.72999572753906,247.1199951171875,247.17999267578125,242.27130126953125,29299900
2021-05-11,244.5500030517578,246.60000610351562,242.57000732421875,246.22999572753906,241.3401641845703,33641600
2021-05-12,242.1699981689453,244.3800048828125,238.07000732421875,239.0,234.25375366210938,36684400
2021-05-13,241.8000030517578,245.60000610351562,241.4199981689453,243.02999877929688,238.20372009277344,29624300
2021-05-14,245.5800018310547,249.17999267578125,245.49000549316406,248.14999389648438,243.2220458984375,23901100
2021-05-17,246.5500030517578,246.58999633789062,243.52000427246094,245.17999267578125,240.31103515625,24970200
2021-05-18,246.27000427246094,246.41000366210938,242.89999389648438,243.0800018310547,238.25274658203125,20168000
2021-05-19,239.30999755859375,243.22999572753906,238.60000610351562,243.1199951171875,238.84217834472656,25739800
2021-05-20,243.9600067138672,247.9499969482422,243.86000061035156,246.47999572753906,242.14305114746094,21800700
2021-05-21,247.57000732421875,248.3300018310547,244.74000549316406,245.1699981689453,240.85610961914062,21863100
2021-05-24,247.7899932861328,251.16000366210938,247.50999450683594,250.77999877929688,246.3673858642578,21411500
2021-05-25,251.77000427246094,252.75,250.82000732421875,251.72000122070312,247.2908477783203,17704300
2021-05-26,251.42999267578125,252.94000244140625,250.75,251.49000549316406,247.06491088867188,17771600
2021-05-27,251.1699981689453,251.47999572753906,249.25,249.30999755859375,244.9232635498047,24426200
2021-05-28,251.0,252.0800018310547,249.55999755859375,249.67999267578125,245.28671264648438,18270200
2021-06-01,251.22999572753906,251.2899932861328,246.9600067138672,247.39999389648438,243.0468292236328,23213300
2021-06-02,248.1300048828125,249.27000427246094,245.83999633789062,247.3000030517578,242.94863891601562,19406700
2021-06-03,245.22000122070312,246.33999633789062,243.0,245.7100067138672,241.38661193847656,25307700
2021-06-04,247.75999450683594,251.64999389648438,247.50999450683594,250.7899932861328,246.37721252441406,25281100
2021-06-07,249.97999572753906,254.08999633789062,249.80999755859375,253.80999755859375,249.34405517578125,23079200
2021-06-08,255.16000366210938,256.010009765625,252.50999450683594,252.57000732421875,248.12591552734375,22455000
2021-06-09,253.80999755859375,255.52999877929688,253.2100067138672,253.58999633789062,249.12794494628906,17937600
2021-06-10,254.2899932861328,257.4599914550781,253.6699981689453,257.239990234375,252.7136993408203,24563600
2021-06-11,257.989990234375,258.489990234375,256.6099853515625,257.8900146484375,253.35231018066406,18999700
2021-06-14,257.8999938964844,259.95001220703125,256.79998779296875,259.8900146484375,255.3170623779297,19150500
2021-06-15,259.7699890136719,259.989990234375,257.67999267578125,258.3599853515625,253.8140106201172,18038900
2021-06-16,259.3999938964844,260.5799865722656,254.4199981689453,257.3800048828125,252.8512420654297,27220000
2021-06-17,256.07000732421875,261.75,256.010009765625,260.8999938964844,256.3092956542969,27565500
2021-06-18,259.6300048828125,262.29998779296875,258.75,259.42999267578125,254.86520385742188,37202200
2021-06-21,259.82000732421875,263.5199890136719,257.9200134277344,262.6300048828125,258.0088806152344,26696100
2021-06-22,262.7200012207031,265.7900085449219,262.3999938964844,265.510009765625,260.8381652832031,24694100
2021-06-23,265.989990234375,266.8299865722656,264.42999267578125,265.2699890136719,260.6024169921875,19518700
2021-06-24,266.1600036621094,267.8500061035156,265.4700012207031,266.69000244140625,261.9974365234375,21446900
2021-06-25,266.2300109863281,267.25,264.760009765625,265.0199890136719,260.3568420410156,25611100
2021-06-28,266.19000244140625,268.8999938964844,265.9100036621094,268.7200012207031,263.99169921875,19590000
2021-06-29,268.8699951171875,271.6499938964844,267.9800109863281,271.3999938964844,266.62457275390625,19937800
2021-06-30,270.69000244140625,271.3599853515625,269.6000061035156,270.8999938964844,266.13336181640625,21656500
2021-07-01,269.6099853515625,271.8399963378906,269.6000061035156,271.6000061035156,266.821044921875,16725300
2021-07-02,272.82000732421875,278.0,272.5,277.6499938964844,272.76458740234375,26458000
2021-07-06,278.0299987792969,279.3699951171875,274.29998779296875,277.6600036621094,272.7744140625,31565600
2021-07-07,279.3999938964844,280.69000244140625,277.1499938964844,279.92999267578125,275.00445556640625,23260000
2021-07-08,276.8999938964844,278.7300109863281,274.8699951171875,277.4200134277344,272.53863525390625,24618600
2021-07-09,275.7200012207031,278.04998779296875,275.32000732421875,277.94000244140625,273.0495300292969,23916700
2021-07-12,279.1600036621094,279.7699890136719,276.5799865722656,277.32000732421875,272.44036865234375,18931700
2021-07-13,277.5199890136719,282.8500061035156,277.3900146484375,280.9800109863281,276.0359802246094,26120100
2021-07-14,282.3500061035156,283.6600036621094,280.54998779296875,282.510009765625,277.53912353515625,23113700
2021-07-15,282.0,282.510009765625,279.8299865722656,281.0299987792969,276.0850830078125,22604200
2021-07-16,282.07000732421875,284.1000061035156,279.4599914550781,280.75,275.80999755859375,26186800
2021-07-19,278.92999267578125,280.3699951171875,274.45001220703125,277.010009765625,272.1358642578125,32935600
2021-07-20,278.0299987792969,280.9700012207031,276.260009765625,279.32000732421875,274.4052734375,26259700
2021-07-21,278.8999938964844,281.5199890136719,277.2900085449219,281.3999938964844,276.4485778808594,24364300
2021-07-22,283.8399963378906,286.4200134277344,283.4200134277344,286.1400146484375,281.1052551269531,23384100
2021-07-23,287.3699951171875,289.989990234375,286.5,289.6700134277344,284.5731201171875,22768100
2021-07-26,289.0,289.69000244140625,286.6400146484375,289.04998779296875,283.9640197753906,23176100
2021-07-27,289.42999267578125,289.5799865722656,282.95001220703125,286.5400085449219,281.4981994628906,33604100
2021-07-28,288.989990234375,290.1499938964844,283.8299865722656,286.2200012207031,281.1838073730469,33566900
2021-07-29,286.239990234375,288.6199951171875,286.0799865722656,286.5,281.4588317871094,18168300
2021-07-30,285.1700134277344,286.6600036621094,283.9100036621094,284.9100036621094,279.8968811035156,20944800
2021-08-02,286.3599853515625,286.7699890136719,283.739990234375,284.82000732421875,279.8084716796875,16267400
2021-08-03,285.4200134277344,287.2300109863281,284.0,287.1199951171875,282.0679626464844,17879000
2021-08-04,286.2200012207031,287.5899963378906,284.6499938964844,286.510009765625,281.46875,16191300
2021-08-05,286.8800048828125,289.6300048828125,286.1000061035156,289.5199890136719,284.4257507324219,13900200
2021-08-06,288.510009765625,289.5,287.6199951171875,289.4599914550781,284.3667907714844,16589300
2021-08-09,289.75,291.54998779296875,287.80999755859375,288.3299865722656,283.2566833496094,16117600
2021-08-10,288.79998779296875,289.25,285.20001220703125,286.44000244140625,281.3999328613281,18616600
2021-08-11,287.2099914550781,288.6600036621094,285.8599853515625,286.95001220703125,281.9009704589844,13955900
2021-08-12,286.6300048828125,289.9700012207031,286.3399963378906,289.80999755859375,284.7106018066406,14561300
2021-08-13,289.4800109863281,292.8999938964844,289.29998779296875,292.8500061035156,287.6971740722656,18249000
2021-08-16,293.19000244140625,294.82000732421875,290.0199890136719,294.6000061035156,289.4163513183594,22507600
2021-08-17,292.3900146484375,293.42999267578125,291.0799865722656,293.0799865722656,287.9230651855469,20075300
2021-08-18,292.0400085449219,294.82000732421875,290.2699890136719,290.7300109863281,286.16119384765625,21813000
2021-08-19,288.69000244140625,297.4700012207031,288.6400146484375,296.7699890136719,292.1063232421875,29850500
2021-08-20,299.7200012207031,305.8399963378906,298.05999755859375,304.3599853515625,299.5770263671875,40817600
2021-08-23,303.25,305.3999938964844,301.8500061035156,304.6499938964844,299.86248779296875,22830200
2021-08-24,305.0199890136719,305.6499938964844,302.0,302.6199951171875,297.86431884765625,18175800
2021-08-25,304.29998779296875,304.5899963378906,300.4200134277344,302.010009765625,297.26397705078125,20006100
2021-08-26,300.989990234375,302.42999267578125,298.95001220703125,299.0899963378906,294.38983154296875,17666100
2021-08-27,298.989990234375,300.8699951171875,296.8299865722656,299.7200012207031,295.00994873046875,22605700
2021-08-30,301.1199951171875,304.2200012207031,301.05999755859375,303.5899963378906,298.8191223144531,16348100
2021-08-31,304.4200134277344,304.5,301.5,301.8800048828125,297.135986328125,26285300
2021-09-01,302.8699951171875,305.19000244140625,301.489990234375,301.8299865722656,297.0867919921875,18983800
2021-09-02,302.20001220703125,303.3599853515625,300.17999267578125,301.1499938964844,296.41748046875,16285600
2021-09-03,300.989990234375,302.6000061035156,300.260009765625,301.1400146484375,296.40765380859375,14747900
2021-09-07,301.010009765625,301.0899963378906,298.20001220703125,300.17999267578125,295.46270751953125,17180400
2021-09-08,299.7799987792969,300.6099853515625,297.4700012207031,300.2099914550781,295.4922180175781,15046800
2021-09-09,300.82000732421875,302.1400146484375,297.0,297.25,292.5787353515625,19927000
2021-09-10,298.4200134277344,299.9200134277344,295.3800048828125,295.7099914550781,291.06292724609375,19633400
2021-09-13,297.54998779296875,298.5400085449219,294.0799865722656,296.989990234375,292.32281494140625,23652900
2021-09-14,299.55999755859375,301.3900146484375,298.1000061035156,299.7900085449219,295.0788269042969,21853400
2021-09-15,303.260009765625,305.32000732421875,301.82000732421875,304.82000732421875,300.02978515625,28356300
2021-09-16,303.760009765625,305.30999755859375,300.760009765625,305.2200012207031,300.4235534667969,19550800
2021-09-17,304.1700134277344,304.5,299.5299987792969,299.8699951171875,295.1575927734375,41372500
2021-09-20,296.3299865722656,298.7200012207031,289.5199890136719,294.29998779296875,289.67510986328125,38278700
2021-09-21,295.69000244140625,297.5400085449219,294.07000732421875,294.79998779296875,290.1672668457031,22364100
2021-09-22,296.7300109863281,300.2200012207031,294.510009765625,298.5799865722656,293.88787841796875,26626300
2021-09-23,298.8500061035156,300.8999938964844,297.5299987792969,299.55999755859375,294.85247802734375,18604600
2021-09-24,298.2300109863281,299.79998779296875,296.92999267578125,299.3500061035156,294.6457824707031,14999000
2021-09-27,296.1400146484375,296.4700012207031,292.94000244140625,294.1700134277344,289.5471496582031,23571700
2021-09-28,289.79998779296875,290.7799987792969,282.75,283.5199890136719,279.06451416015625,43186200
2021-09-29,285.1000061035156,286.7699890136719,283.010009765625,284.0,279.5370178222656,26353700
2021-09-30,285.7099914550781,287.8299865722656,281.6199951171875,281.9200134277344,277.48968505859375,32343600
2021-10-01,282.1199951171875,289.9800109863281,281.2900085449219,289.1000061035156,284.5568542480469,30086300
2021-10-04,287.3999938964844,287.75,280.25,283.1099853515625,278.66094970703125,31350700
2021-10-05,284.04998779296875,290.3999938964844,284.04998779296875,288.760009765625,284.22216796875,24993000
2021-10-06,285.7799987792969,293.6300048828125,285.510009765625,293.1099853515625,288.5038146972656,28002600
2021-10-07,295.17999267578125,296.6400146484375,293.9200134277344,294.8500061035156,290.21649169921875,20430500
2021-10-08,296.2200012207031,296.6400146484375,293.760009765625,294.8500061035156,290.21649169921875,17685700
2021-10-11,292.9200134277344,297.9700012207031,292.75,294.2300109863281,289.60626220703125,19298600
2021-10-12,295.3399963378906,295.44000244140625,292.3500061035156,292.8800048828125,288.27740478515625,17974100
2021-10-13,294.9100036621094,297.2799987792969,293.489990234375,296.30999755859375,291.65350341796875,23416300
2021-10-14,299.2099914550781,303.2699890136719,297.8299865722656,302.75,297.9923095703125,27262900
2021-10-15,302.3399963378906,304.45001220703125,300.5199890136719,304.2099914550781,299.42938232421875,25384800
2021-10-18,303.57000732421875,308.2099914550781,302.69000244140625,307.2900085449219,302.4610290527344,22729300
2021-10-19,308.3500061035156,309.29998779296875,307.2200012207031,308.2300109863281,303.38623046875,17682100
2021-10-20,309.2099914550781,309.70001220703125,306.1099853515625,307.4100036621094,302.5791015625,16537100
2021-10-21,307.1700134277344,311.0199890136719,306.3599853515625,310.760009765625,305.8764953613281,16918100
2021-10-22,310.3999938964844,311.0899963378906,307.79998779296875,309.1600036621094,304.30157470703125,17449300
2021-10-25,309.3599853515625,309.3999938964844,306.4599914550781,308.1300048828125,303.2878112792969,17554500
2021-10-26,311.0,312.3999938964844,308.6000061035156,310.1099853515625,305.2366638183594,28107300
2021-10-27,316.0,326.1000061035156,316.0,323.1700134277344,318.0914611816406,52588700
2021-10-28,324.3299865722656,324.8699951171875,321.3599853515625,324.3500061035156,319.2528991699219,26297900
2021-10-29,324.1300048828125,332.0,323.8999938964844,331.6199951171875,326.40863037109375,34766000
2021-11-01,331.3599853515625,331.489990234375,326.3699951171875,329.3699951171875,324.19403076171875,27073200
2021-11-02,330.30999755859375,333.45001220703125,330.0,333.1300048828125,327.8948974609375,26487100
2021-11-03,333.8999938964844,334.8999938964844,330.6499938964844,334.0,328.75128173828125,21500100
2021-11-04,332.8900146484375,336.5400085449219,329.510009765625,336.44000244140625,331.1529235839844,23992200
2021-11-05,338.510009765625,338.7900085449219,334.4200134277344,336.05999755859375,330.77886962890625,22570100
2021-11-08,337.29998779296875,337.6499938964844,334.44000244140625,336.989990234375,331.6942443847656,20897000
2021-11-09,337.1099853515625,338.7200012207031,334.5299987792969,335.95001220703125,330.670654296875,21307400
2021-11-10,334.57000732421875,334.6300048828125,329.9200134277344,330.79998779296875,325.6015319824219,25500900
2021-11-11,331.25,333.7699890136719,330.510009765625,332.42999267578125,327.2059020996094,16849800
2021-11-12,333.9200134277344,337.2300109863281,333.7900085449219,336.7200012207031,331.42852783203125,23831000
2021-11-15,337.5400085449219,337.8800048828125,334.0299987792969,336.07000732421875,330.7887268066406,16723000
2021-11-16,335.67999267578125,340.6700134277344,335.510009765625,339.510009765625,334.1746520996094,20886800
2021-11-17,338.94000244140625,342.19000244140625,338.0,339.1199951171875,334.4014892578125,19053400
2021-11-18,338.17999267578125,342.45001220703125,337.1199951171875,341.2699890136719,336.52154541015625,22463500
2021-11-19,342.6400146484375,345.1000061035156,342.20001220703125,343.1099853515625,338.3359069824219,21963400
2021-11-22,344.6199951171875,349.6700134277344,339.54998779296875,339.8299865722656,335.1015625,31031100
2021-11-23,337.04998779296875,339.45001220703125,333.55999755859375,337.67999267578125,332.98150634765625,30427600
2021-11-24,336.2799987792969,338.1600036621094,333.9100036621094,337.9100036621094,333.2082824707031,21661300
2021-11-26,334.3500061035156,337.92999267578125,328.1199951171875,329.67999267578125,325.0928039550781,24217200
2021-11-29,334.94000244140625,339.0299987792969,334.739990234375,336.6300048828125,331.94610595703125,28563500
2021-11-30,335.32000732421875,337.7799987792969,328.989990234375,330.5899963378906,325.9901123046875,42885600
2021-12-01,335.1300048828125,339.2799987792969,329.3900146484375,330.0799865722656,325.4872741699219,33337600
2021-12-02,330.29998779296875,333.489990234375,327.79998779296875,329.489990234375,324.9054260253906,30766000
2021-12-03,331.989990234375,332.70001220703125,318.0299987792969,323.010009765625,318.515625,41779300
2021-12-06,323.95001220703125,327.45001220703125,319.2300109863281,326.19000244140625,321.6513977050781,30032600
2021-12-07,331.6400146484375,335.79998779296875,330.1000061035156,334.9200134277344,330.2598876953125,31021900
2021-12-08,335.30999755859375,335.5,330.79998779296875,334.9700012207031,330.3092041015625,24761000
2021-12-09,334.4100036621094,336.489990234375,332.1199951171875,333.1000061035156,328.4652404785156,22214200
2021-12-10,334.9800109863281,343.0,334.7900085449219,342.5400085449219,337.77386474609375,38095700
2021-12-13,340.67999267578125,343.7900085449219,339.0799865722656,339.3999938964844,334.6775207519531,28899400
2021-12-14,333.2200012207031,334.6400146484375,324.1099853515625,328.3399963378906,323.771484375,44438700
2021-12-15,328.6099853515625,335.19000244140625,324.5,334.6499938964844,329.9936828613281,35381100
2021-12-16,335.7099914550781,336.760009765625,323.0199890136719,324.8999938964844,320.3793640136719,35034800
2021-12-17,320.8800048828125,324.9200134277344,317.25,323.79998779296875,319.29461669921875,47750300
2021-12-20,320.04998779296875,322.79998779296875,317.57000732421875,319.9100036621094,315.458740234375,28326500
2021-12-21,323.2900085449219,327.7300109863281,319.79998779296875,327.2900085449219,322.7360534667969,24740600
2021-12-22,328.29998779296875,333.6099853515625,325.75,333.20001220703125,328.5638427734375,24831500
2021-12-23,332.75,336.3900146484375,332.7300109863281,334.69000244140625,330.0331115722656,19617800
2021-12-27,335.4599914550781,342.4800109863281,335.42999267578125,342.45001220703125,337.6851501464844,19947000
2021-12-28,343.1499938964844,343.80999755859375,340.32000732421875,341.25,336.5018310546875,15661500
2021-12-29,341.29998779296875,344.29998779296875,339.67999267578125,341.95001220703125,337.1921081542969,15042000
2021-12-30,341.9100036621094,343.1300048828125,338.82000732421875,339.32000732421875,334.59869384765625,15994500
2021-12-31,338.510009765625,339.3599853515625,335.8500061035156,336.32000732421875,331.64044189453125,18000800
2022-01-03,335.3500061035156,338.0,329.7799987792969,334.75,330.0922546386719,28865100
2022-01-04,334.8299865722656,335.20001220703125,326.1199951171875,329.010009765625,324.4320983886719,32674300
2022-01-05,325.8599853515625,326.07000732421875,315.9800109863281,316.3800048828125,311.9778747558594,40054300
2022-01-06,313.1499938964844,318.70001220703125,311.489990234375,313.8800048828125,309.51263427734375,39646100
2022-01-07,314.1499938964844,316.5,310.0899963378906,314.0400085449219,309.6704406738281,32720000
2022-01-10,309.489990234375,314.7200012207031,304.69000244140625,314.2699890136719,309.897216796875,44289500
2022-01-11,313.3800048828125,316.6099853515625,309.8900146484375,314.9800109863281,310.5973815917969,29386800
2022-01-12,319.6700134277344,323.4100036621094,317.0799865722656,318.2699890136719,313.8415832519531,34372200
2022-01-13,320.4700012207031,320.8800048828125,304.0,304.79998779296875,300.5589904785156,45366000
2022-01-14,304.25,310.82000732421875,303.75,310.20001220703125,305.88385009765625,39846400
2022-01-18,304.07000732421875,309.79998779296875,301.739990234375,302.6499938964844,298.4388732910156,42333200
2022-01-19,306.2900085449219,313.9100036621094,302.70001220703125,303.3299865722656,299.1094055175781,45933900
2022-01-20,309.07000732421875,311.6499938964844,301.1400146484375,301.6000061035156,297.40350341796875,35380700
2022-01-21,302.69000244140625,304.1099853515625,295.6099853515625,296.0299987792969,291.9110107421875,57984400
2022-01-24,292.20001220703125,297.1099853515625,276.04998779296875,296.3699951171875,292.2463073730469,85731500
2022-01-25,291.5199890136719,294.989990234375,285.1700134277344,288.489990234375,284.4759521484375,72848600
2022-01-26,307.989990234375,308.5,293.0299987792969,296.7099914550781,292.58154296875,90428900
2022-01-27,302.6600036621094,307.29998779296875,297.92999267578125,299.8399963378906,295.6679992675781,53481300
2022-01-28,300.2300109863281,308.4800109863281,294.45001220703125,308.260009765625,303.9708557128906,49743700
2022-01-31,308.95001220703125,312.3800048828125,306.3699951171875,310.9800109863281,306.65301513671875,46444500
2022-02-01,310.4100036621094,310.6300048828125,305.1300048828125,308.760009765625,304.4638977050781,40950400
2022-02-02,309.6300048828125,315.1199951171875,308.8800048828125,313.4599914550781,309.0984802246094,36636000
2022-02-03,309.489990234375,311.2300109863281,299.9599914550781,301.25,297.05841064453125,43730000
2022-02-04,300.2099914550781,308.79998779296875,299.9700012207031,305.94000244140625,301.68316650390625,35096500
2022-02-07,306.1700134277344,307.8399963378906,299.8999938964844,300.95001220703125,296.7625732421875,28533300
2022-02-08,301.25,305.55999755859375,299.95001220703125,304.55999755859375,300.3222961425781,32421200
2022-02-09,309.8699951171875,311.92999267578125,307.3900146484375,311.2099914550781,306.8797912597656,31284700
2022-02-10,304.0400085449219,309.1199951171875,300.70001220703125,302.3800048828125,298.1726989746094,45386200
2022-02-11,303.19000244140625,304.2900085449219,294.2200012207031,295.0400085449219,290.934814453125,39175600
2022-02-14,293.7699890136719,296.760009765625,291.3500061035156,295.0,290.8953857421875,36359500
2022-02-15,300.010009765625,300.79998779296875,297.0199890136719,300.4700012207031,296.28924560546875,27058300
2022-02-16,298.3699951171875,300.8699951171875,293.67999267578125,299.5,295.9433898925781,29982100
2022-02-17,296.3599853515625,296.79998779296875,290.0,290.7300109863281,287.2775573730469,32461600
2022-02-18,293.04998779296875,293.8599853515625,286.30999755859375,287.92999267578125,284.51080322265625,34264000
2022-02-22,285.0,291.5400085449219,284.5,287.7200012207031,284.3033142089844,41736100
2022-02-23,290.17999267578125,291.70001220703125,280.1000061035156,280.2699890136719,276.9417419433594,37811200
2022-02-24,272.510009765625,295.1600036621094,271.5199890136719,294.5899963378906,291.0917053222656,56989700
2022-02-25,295.1400146484375,297.6300048828125,291.6499938964844,297.30999755859375,293.7794189453125,32546700
2022-02-28,294.30999755859375,299.1400146484375,293.0,298.7900085449219,295.2418212890625,34627500
2022-03-01,296.3999938964844,299.9700012207031,292.1499938964844,294.95001220703125,291.4474182128906,31217800
2022-03-02,295.3599853515625,301.4700012207031,293.70001220703125,300.19000244140625,296.62518310546875,31873000
2022-03-03,302.8900146484375,303.1300048828125,294.04998779296875,295.9200134277344,292.40594482421875,27314500
2022-03-04,294.2900085449219,295.6600036621094,287.1700134277344,289.8599853515625,286.4178771972656,32356500
2022-03-07,288.5299987792969,289.69000244140625,278.5299987792969,278.9100036621094,275.597900390625,43157200
2022-03-08,277.79998779296875,283.9599914550781,270.0,275.8500061035156,272.57421875,48159500
2022-03-09,283.44000244140625,289.6000061035156,280.7799987792969,288.5,285.0740051269531,35204500
2022-03-10,283.0199890136719,286.6000061035156,280.5799865722656,285.5899963378906,282.1986083984375,30628000
2022-03-11,287.9599914550781,289.510009765625,279.42999267578125,280.07000732421875,276.744140625,27209300
2022-03-14,280.3399963378906,285.3999938964844,275.82000732421875,276.44000244140625,273.1572265625,30660700
2022-03-15,280.3500061035156,287.82000732421875,278.7300109863281,287.1499938964844,283.74005126953125,34245100
2022-03-16,289.1099853515625,294.57000732421875,283.20001220703125,294.3900146484375,290.89410400390625,37826300
2022-03-17,293.2900085449219,295.6099853515625,289.3699951171875,295.2200012207031,291.7142333984375,30816600
2022-03-18,295.3699951171875,301.0,292.7300109863281,300.42999267578125,296.8623352050781,43390600
2022-03-21,298.8900146484375,300.1400146484375,294.8999938964844,299.1600036621094,295.607421875,28351200
2022-03-22,299.79998779296875,305.0,298.7699890136719,304.05999755859375,300.4492492675781,27599700
2022-03-23,300.510009765625,303.2300109863281,297.7200012207031,299.489990234375,295.9334716796875,25715400
2022-03-24,299.1400146484375,304.20001220703125,298.32000732421875,304.1000061035156,300.48883056640625,24484500
2022-03-25,305.2300109863281,305.5,299.2900085449219,303.67999267578125,300.0737609863281,22566500
2022-03-28,304.3299865722656,310.79998779296875,304.3299865722656,310.70001220703125,307.01043701171875,29578200
2022-03-29,313.9100036621094,315.82000732421875,309.04998779296875,315.4100036621094,311.66448974609375,30393400
2022-03-30,313.760009765625,315.95001220703125,311.5799865722656,313.8599853515625,310.13287353515625,28163600
2022-03-31,313.8999938964844,315.1400146484375,307.8900146484375,308.30999755859375,304.6487731933594,33422100
2022-04-01,309.3699951171875,310.1300048828125,305.5400085449219,309.4200134277344,305.7456359863281,27110500
2022-04-04,310.0899963378906,315.1099853515625,309.7099914550781,314.9700012207031,311.22967529296875,24289600
2022-04-05,313.2699890136719,314.8699951171875,309.8699951171875,310.8800048828125,307.188232421875,23156700
2022-04-06,305.19000244140625,307.0,296.7099914550781,299.5,295.9433898925781,40110400
2022-04-07,296.6600036621094,303.6499938964844,296.3500061035156,301.3699951171875,297.79119873046875,31411200
2022-04-08,300.44000244140625,301.1199951171875,296.2799987792969,296.9700012207031,293.4434509277344,24361900
2022-04-11,291.7900085449219,292.6099853515625,285.0,285.260009765625,281.8725280761719,34569300
2022-04-12,289.239990234375,290.739990234375,280.489990234375,282.05999755859375,278.7104797363281,30966700
2022-04-13,282.7300109863281,288.5799865722656,281.29998779296875,287.6199951171875,284.2044982910156,21907200
2022-04-14,288.0899963378906,288.30999755859375,279.32000732421875,279.8299865722656,276.5069580078125,28221600
2022-04-18,278.9100036621094,282.4599914550781,278.3399963378906,280.5199890136719,277.18878173828125,20778000
2022-04-19,279.3800048828125,286.1700134277344,278.4100036621094,285.29998779296875,281.9120178222656,22297700
2022-04-20,289.3999938964844,289.70001220703125,285.3699951171875,286.3599853515625,282.9594421386719,22906700
2022-04-21,288.5799865722656,293.29998779296875,280.05999755859375,280.80999755859375,277.4753723144531,29454600
2022-04-22,281.67999267578125,283.20001220703125,273.3800048828125,274.0299987792969,270.7758483886719,29405800
2022-04-25,273.2900085449219,281.1099853515625,270.7699890136719,280.7200012207031,277.38641357421875,35678900
2022-04-26,277.5,278.3599853515625,270.0,270.2200012207031,267.0111083984375,46518400
2022-04-27,282.1000061035156,290.9700012207031,279.1600036621094,283.2200012207031,279.8567199707031,63477700
2022-04-28,285.19000244140625,290.9800109863281,281.4599914550781,289.6300048828125,286.19061279296875,33646600
2022-04-29,288.6099853515625,289.8800048828125,276.5,277.5199890136719,274.2243957519531,37073900
2022-05-02,277.7099914550781,284.94000244140625,276.2200012207031,284.4700012207031,281.0918884277344,35151100
2022-05-03,283.9599914550781,284.1300048828125,280.1499938964844,281.7799987792969,278.4338073730469,25978600
2022-05-04,282.5899963378906,290.8800048828125,276.7300109863281,289.9800109863281,286.5364685058594,33599300
2022-05-05,285.5400085449219,286.3500061035156,274.3399963378906,277.3500061035156,274.0564270019531,43260400
2022-05-06,274.80999755859375,279.25,271.2699890136719,274.7300109863281,271.46759033203125,37780300
2022-05-09,270.05999755859375,272.3599853515625,263.32000732421875,264.5799865722656,261.4380798339844,47726000
2022-05-10,271.69000244140625,273.75,265.07000732421875,269.5,266.2996520996094,39336400
2022-05-11,265.67999267578125,271.3599853515625,259.29998779296875,260.54998779296875,257.4559631347656,48975900
2022-05-12,257.69000244140625,259.8800048828125,250.02000427246094,255.35000610351562,252.3177032470703,51033800
2022-05-13,257.3500061035156,263.0400085449219,255.35000610351562,261.1199951171875,258.0191650390625,34925100
2022-05-16,259.9599914550781,265.82000732421875,255.77999877929688,261.5,258.3946533203125,32550900
2022-05-17,266.1099853515625,268.3299865722656,262.4599914550781,266.82000732421875,263.6514587402344,28828800
2022-05-18,263.0,263.6000061035156,252.77000427246094,254.0800018310547,251.6475067138672,31356000
2022-05-19,253.89999389648438,257.6700134277344,251.8800048828125,253.13999938964844,250.71652221679688,32692300
2022-05-20,257.239990234375,258.5400085449219,246.44000244140625,252.55999755859375,250.14207458496094,39199300
2022-05-23,255.49000549316406,261.5,253.42999267578125,260.6499938964844,258.1546325683594,33175400
2022-05-24,257.8900146484375,261.3299865722656,253.5,259.6199951171875,257.13446044921875,29043900
2022-05-25,258.1400146484375,264.5799865722656,257.1300048828125,262.5199890136719,260.0067138671875,28547900
2022-05-26,262.2699890136719,267.1099853515625,261.42999267578125,265.8999938964844,263.35430908203125,25002100
2022-05-27,268.4800109863281,273.3399963378906,267.55999755859375,273.239990234375,270.62408447265625,26910800
2022-05-31,272.5299987792969,274.7699890136719,268.92999267578125,271.8699951171875,269.2672119140625,37827700
2022-06-01,275.20001220703125,277.69000244140625,270.0400085449219,272.4200134277344,269.81195068359375,25292200
2022-06-02,264.45001220703125,274.6499938964844,261.6000061035156,274.5799865722656,271.9512634277344,44008200
2022-06-03,270.30999755859375,273.45001220703125,268.4100036621094,270.0199890136719,267.4349365234375,28059000
2022-06-06,272.05999755859375,274.17999267578125,267.2200012207031,268.75,266.1770935058594,22400300
2022-06-07,266.6400146484375,273.1300048828125,265.94000244140625,272.5,269.89117431640625,22860700
2022-06-08,271.7099914550781,273.0,269.6099853515625,270.4100036621094,267.8211975097656,17372300
2022-06-09,267.7799987792969,272.7099914550781,264.6300048828125,264.7900085449219,262.2550048828125,26439700
2022-06-10,260.5799865722656,260.5799865722656,252.52999877929688,252.99000549316406,250.5679473876953,31422800
2022-06-13,245.11000061035156,249.02000427246094,241.52999877929688,242.25999450683594,239.940673828125,46135800
2022-06-14,243.86000061035156,245.74000549316406,241.50999450683594,244.49000549316406,242.1493377685547,28651500
2022-06-15,248.30999755859375,255.3000030517578,246.4199981689453,251.75999450683594,249.34971618652344,33111700
2022-06-16,245.97999572753906,247.4199981689453,243.02000427246094,244.97000122070312,242.62472534179688,33169200
2022-06-17,244.6999969482422,250.5,244.02999877929688,247.64999389648438,245.27906799316406,43084800
2022-06-21,250.25999450683594,254.75,249.50999450683594,253.74000549316406,251.31077575683594,29928300
2022-06-22,251.88999938964844,257.1700134277344,250.3699951171875,253.1300048828125,250.7066192626953,25939900
2022-06-23,255.57000732421875,259.3699951171875,253.6300048828125,258.8599853515625,256.3817443847656,25861400
2022-06-24,261.80999755859375,267.9800109863281,261.7200012207031,267.70001220703125,265.13714599609375,33923200
2022-06-27,268.2099914550781,268.29998779296875,263.2799987792969,264.8900146484375,262.35406494140625,24615100
2022-06-28,263.9800109863281,266.9100036621094,256.32000732421875,256.4800109863281,254.02455139160156,27295500
2022-06-29,257.5899963378906,261.9700012207031,255.75999450683594,260.260009765625,257.76837158203125,20069800
2022-06-30,257.04998779296875,259.5299987792969,252.89999389648438,256.8299865722656,254.37120056152344,31730900
2022-07-01,256.3900146484375,259.7699890136719,254.61000061035156,259.5799865722656,257.0948486328125,22837700
2022-07-05,256.1600036621094,262.9800109863281,254.74000549316406,262.8500061035156,260.3335266113281,22941000
2022-07-06,263.75,267.989990234375,262.3999938964844,266.2099914550781,263.661376953125,23824400
2022-07-07,265.1199951171875,269.05999755859375,265.0199890136719,268.3999938964844,265.8304443359375,20859900
2022-07-08,264.7900085449219,268.1000061035156,263.2900085449219,267.6600036621094,265.0975036621094,19658800
2022-07-11,265.6499938964844,266.5299987792969,262.17999267578125,264.510009765625,261.9776916503906,19455200
2022-07-12,265.8800048828125,265.94000244140625,252.0399932861328,253.6699981689453,251.24143981933594,35868500
2022-07-13,250.19000244140625,253.5500030517578,248.11000061035156,252.72000122070312,250.30055236816406,29497400
2022-07-14,250.57000732421875,255.13999938964844,245.94000244140625,254.0800018310547,251.6475067138672,25102800
2022-07-15,255.72000122070312,260.3699951171875,254.77000427246094,256.7200012207031,254.26226806640625,29774100
2022-07-18,259.75,260.8399963378906,253.3000030517578,254.25,251.81588745117188,20975000
2022-07-19,257.5799865722656,259.7200012207031,253.67999267578125,259.5299987792969,257.04534912109375,25012600
2022-07-20,259.8999938964844,264.8699951171875,258.9100036621094,262.2699890136719,259.75909423828125,22788300
2022-07-21,259.7900085449219,264.8900146484375,257.0299987792969,264.8399963378906,262.30450439453125,22404700
2022-07-22,265.239990234375,265.3299865722656,259.07000732421875,260.3599853515625,257.86737060546875,21881300
2022-07-25,261.0,261.5,256.80999755859375,258.8299865722656,256.35205078125,21056000
2022-07-26,259.8599853515625,259.8800048828125,249.57000732421875,251.89999389648438,249.48837280273438,39348000
2022-07-27,261.1600036621094,270.04998779296875,258.8500061035156,268.739990234375,266.1671447753906,45994000
2022-07-28,269.75,277.8399963378906,267.8699951171875,276.4100036621094,273.76373291015625,33459300
2022-07-29,277.70001220703125,282.0,276.6300048828125,280.739990234375,278.0522766113281,32152800
2022-08-01,277.82000732421875,281.2799987792969,275.8399963378906,278.010009765625,275.3484191894531,21539600
2022-08-02,276.0,277.8900146484375,272.3800048828125,274.82000732421875,272.18896484375,22754200
2022-08-03,276.760009765625,283.5,276.6099853515625,282.4700012207031,279.7657470703125,23518900
2022-08-04,281.79998779296875,283.79998779296875,280.1700134277344,283.6499938964844,280.9344482421875,18098700
2022-08-05,279.1499938964844,283.6499938964844,278.67999267578125,282.9100036621094,280.2015380859375,16774600
2022-08-08,284.04998779296875,285.9200134277344,279.32000732421875,280.32000732421875,277.6363220214844,18739200
2022-08-09,279.6400146484375,283.0799865722656,277.6099853515625,282.29998779296875,279.5973205566406,23405200
2022-08-10,288.1700134277344,289.80999755859375,286.94000244140625,289.1600036621094,286.39166259765625,24687800
2022-08-11,290.8500061035156,291.2099914550781,286.510009765625,287.0199890136719,284.27215576171875,20065900
2022-08-12,288.4800109863281,291.9100036621094,286.94000244140625,291.9100036621094,289.1153564453125,22619700
2022-08-15,291.0,294.17999267578125,290.1099853515625,293.4700012207031,290.6604309082031,18085700
2022-08-16,291.989990234375,294.0400085449219,290.4200134277344,292.7099914550781,289.90765380859375,18102900
2022-08-17,289.739990234375,293.3500061035156,289.4700012207031,291.32000732421875,289.1434326171875,18253400
2022-08-18,290.19000244140625,291.9100036621094,289.0799865722656,290.1700134277344,288.0020446777344,17186200
2022-08-19,288.8999938964844,289.25,285.55999755859375,286.1499938964844,284.0120544433594,20570000
2022-08-22,282.0799865722656,282.4599914550781,277.2200012207031,277.75,275.6748046875,25061100
2022-08-23,276.44000244140625,278.8599853515625,275.3999938964844,276.44000244140625,274.3746032714844,17527400
2022-08-24,275.4100036621094,277.2300109863281,275.1099853515625,275.7900085449219,273.7294616699219,18137000
2022-08-25,277.3299865722656,279.0199890136719,274.5199890136719,278.8500061035156,276.7666320800781,16583400
2022-08-26,279.0799865722656,280.3399963378906,267.9800109863281,268.0899963378906,266.0870056152344,27549300
2022-08-29,265.8500061035156,267.3999938964844,263.8500061035156,265.2300109863281,263.24835205078125,20338500
2022-08-30,266.6700134277344,267.04998779296875,260.6600036621094,262.9700012207031,261.0052490234375,22767100
2022-08-31,265.3900146484375,267.1099853515625,261.3299865722656,261.4700012207031,259.5164489746094,24791800
2022-09-01,258.8699951171875,260.8900146484375,255.41000366210938,260.3999938964844,258.4544677734375,23263400
2022-09-02,261.70001220703125,264.739990234375,254.47000122070312,256.05999755859375,254.14686584472656,22855400
2022-09-06,256.20001220703125,257.8299865722656,251.94000244140625,253.25,251.3578643798828,21328200
2022-09-07,254.6999969482422,258.8299865722656,253.22000122070312,258.0899963378906,256.1617126464844,24126700
2022-09-08,257.510009765625,260.42999267578125,254.7899932861328,258.5199890136719,256.5884704589844,20319900
2022-09-09,260.5,265.2300109863281,260.2900085449219,264.4599914550781,262.4841003417969,22084700
2022-09-12,265.7799987792969,267.45001220703125,265.1600036621094,266.6499938964844,264.6577453613281,18747700
2022-09-13,258.8399963378906,260.3999938964844,251.58999633789062,251.99000549316406,250.10728454589844,33353300
2022-09-14,253.52999877929688,254.22999572753906,249.86000061035156,252.22000122070312,250.33555603027344,23913000
2022-09-15,249.77000427246094,251.39999389648438,244.02000427246094,245.3800048828125,243.5466766357422,31530900
2022-09-16,244.25999450683594,245.3000030517578,242.05999755859375,244.74000549316406,242.9114532470703,39791800
2022-09-19,242.47000122070312,245.13999938964844,240.85000610351562,244.52000427246094,242.69309997558594,26826900
2022-09-20,242.07000732421875,243.50999450683594,239.63999938964844,242.4499969482422,240.6385498046875,26660300
2022-09-21,244.27000427246094,247.66000366210938,238.89999389648438,238.9499969482422,237.16470336914062,28625600
2022-09-22,237.8699951171875,243.86000061035156,237.57000732421875,240.97999572753906,239.17953491210938,31061200
2022-09-23,239.5399932861328,241.1300048828125,235.1999969482422,237.9199981689453,236.1424102783203,34176000
2022-09-26,237.0500030517578,241.4499969482422,236.89999389648438,237.4499969482422,235.67591857910156,27694200
2022-09-27,239.97999572753906,241.8000030517578,234.5,236.41000366210938,234.6436767578125,27018700
2022-09-28,236.80999755859375,242.3300018310547,234.72999572753906,241.07000732421875,239.2688751220703,29029700
2022-09-29,238.88999938964844,239.9499969482422,234.41000366210938,237.5,235.72555541992188,27484200
2022-09-30,238.2899932861328,240.5399932861328,232.72999572753906,232.89999389648438,231.159912109375,35694800
2022-10-03,235.41000366210938,241.61000061035156,234.66000366210938,240.74000549316406,238.94134521484375,28880400
2022-10-04,245.08999633789062,250.36000061035156,244.97999572753906,248.8800048828125,247.02053833007812,34888400
2022-10-05,245.99000549316406,250.5800018310547,244.10000610351562,249.1999969482422,247.33811950683594,20347100
2022-10-06,247.92999267578125,250.33999633789062,246.0800018310547,246.7899932861328,244.94613647460938,20239900
2022-10-07,240.89999389648438,241.32000732421875,233.1699981689453,234.24000549316406,232.4899139404297,37769600
2022-10-10,233.0500030517578,234.55999755859375,226.72999572753906,229.25,227.5371856689453,29743600
2022-10-11,227.6199951171875,229.05999755859375,224.11000061035156,225.41000366210938,223.7258758544922,30474000
2022-10-12,225.39999389648438,227.86000061035156,223.9600067138672,225.75,224.06333923339844,21903900
2022-10-13,219.85000610351562,236.10000610351562,219.1300048828125,234.24000549316406,232.4899139404297,42551800
2022-10-14,235.5399932861328,237.24000549316406,228.33999633789062,228.55999755859375,226.8523406982422,30198600
2022-10-17,235.82000732421875,238.9600067138672,235.13999938964844,237.52999877929688,235.75531005859375,28142300
2022-10-18,243.24000549316406,243.92999267578125,235.3699951171875,238.5,236.71807861328125,26329600
2022-10-19,237.0399932861328,239.61000061035156,234.2899932861328,236.47999572753906,234.71316528320312,19985700
2022-10-20,235.77000427246094,241.30999755859375,234.8699951171875,236.14999389648438,234.38563537597656,21811000
2022-10-21,234.74000549316406,243.0,234.5,242.1199951171875,240.31101989746094,26299700
2022-10-24,243.75999450683594,247.83999633789062,241.3000030517578,247.25,245.40269470214844,24911200
2022-10-25,247.25999450683594,251.0399932861328,245.8300018310547,250.66000366210938,248.78721618652344,34775500
2022-10-26,231.1699981689453,238.3000030517578,230.05999755859375,231.32000732421875,229.5917205810547,82543200
2022-10-27,231.0399932861328,233.69000244140625,225.77999877929688,226.75,225.05584716796875,40424600
2022-10-28,226.24000549316406,236.60000610351562,226.0500030517578,235.8699951171875,234.1077117919922,40647700
2022-10-31,233.75999450683594,234.9199981689453,231.14999389648438,232.1300048828125,230.39566040039062,28357300
2022-11-01,234.60000610351562,235.74000549316406,227.3300018310547,228.1699981689453,226.46524047851562,30592300
2022-11-02,229.4600067138672,231.3000030517578,220.0399932861328,220.10000610351562,218.45555114746094,38407000
2022-11-03,220.08999633789062,220.41000366210938,213.97999572753906,214.25,212.64926147460938,36633900
2022-11-04,217.5500030517578,221.58999633789062,213.42999267578125,221.38999938964844,219.7359161376953,36789100
2022-11-07,221.99000549316406,228.41000366210938,221.27999877929688,227.8699951171875,226.16748046875,33498000
2022-11-08,228.6999969482422,231.64999389648438,225.83999633789062,228.8699951171875,227.16001892089844,28192500
2022-11-09,227.3699951171875,228.6300048828125,224.3300018310547,224.50999450683594,222.8325958251953,27852900
2022-11-10,235.42999267578125,243.3300018310547,235.0,242.97999572753906,241.1645965576172,46268000
2022-11-11,242.99000549316406,247.99000549316406,241.92999267578125,247.11000061035156,245.2637481689453,34620200
2022-11-14,241.99000549316406,243.91000366210938,239.2100067138672,241.5500030517578,239.7452850341797,31123300
2022-11-15,245.66000366210938,247.0,240.02999877929688,241.97000122070312,240.1621551513672,31390100
2022-11-16,242.7899932861328,243.8000030517578,240.4199981689453,241.72999572753906,240.60008239746094,24093300
2022-11-17,237.77999877929688,243.25,237.6300048828125,241.67999267578125,240.55030822753906,23123500
2022-11-18,243.50999450683594,243.74000549316406,239.02999877929688,241.22000122070312,240.09246826171875,27613500
2022-11-21,241.42999267578125,244.6699981689453,241.19000244140625,242.0500030517578,240.91859436035156,26394700
2022-11-22,243.58999633789062,245.30999755859375,240.7100067138672,245.02999877929688,243.88465881347656,19665700
2022-11-23,245.11000061035156,248.27999877929688,244.27000427246094,247.5800018310547,246.42274475097656,19508500
2022-11-25,247.30999755859375,248.6999969482422,246.72999572753906,247.49000549316406,246.3331756591797,9200800
2022-11-28,246.0800018310547,246.64999389648438,240.8000030517578,241.75999450683594,240.62994384765625,24778200
2022-11-29,241.39999389648438,242.7899932861328,238.2100067138672,240.3300018310547,239.20663452148438,17956300
2022-11-30,240.57000732421875,255.3300018310547,239.86000061035156,255.13999938964844,253.94740295410156,47594200
2022-12-01,253.8699951171875,256.1199951171875,250.9199981689453,254.69000244140625,253.49949645996094,26041500
2022-12-02,249.82000732421875,256.05999755859375,249.69000244140625,255.02000427246094,253.82797241210938,21528500
2022-12-05,252.00999450683594,253.82000732421875,248.05999755859375,250.1999969482422,249.03048706054688,23435300
2022-12-06,250.82000732421875,251.86000061035156,243.77999877929688,245.1199951171875,243.97422790527344,22463700
2022-12-07,244.8300018310547,246.16000366210938,242.2100067138672,244.3699951171875,243.22775268554688,20481500
2022-12-08,244.83999633789062,248.74000549316406,243.05999755859375,247.39999389648438,246.2435760498047,22611800
2022-12-09,244.6999969482422,248.30999755859375,244.16000366210938,245.4199981689453,244.2728271484375,20609700
2022-12-12,247.4499969482422,252.5399932861328,247.1699981689453,252.50999450683594,251.32969665527344,30665100
2022-12-13,261.69000244140625,263.9200134277344,253.07000732421875,256.9200134277344,255.71908569335938,42196900
2022-12-14,257.1300048828125,262.5899963378906,254.30999755859375,257.2200012207031,256.0177001953125,35410900
2022-12-15,253.72000122070312,254.1999969482422,247.33999633789062,249.00999450683594,247.84603881835938,35560400
2022-12-16,248.5500030517578,249.83999633789062,243.50999450683594,244.69000244140625,243.54624938964844,86102000
2022-12-19,244.86000061035156,245.2100067138672,238.7100067138672,240.4499969482422,239.32606506347656,29696400
2022-12-20,239.39999389648438,242.91000366210938,238.4199981689453,241.8000030517578,240.6697540283203,25150800
2022-12-21,241.69000244140625,245.6199951171875,240.11000061035156,244.42999267578125,243.28746032714844,23690600
2022-12-22,241.25999450683594,241.99000549316406,233.8699951171875,238.19000244140625,237.07662963867188,28651700
2022-12-23,236.11000061035156,238.8699951171875,233.94000244140625,238.72999572753906,237.61410522460938,21207000
2022-12-27,238.6999969482422,238.92999267578125,235.8300018310547,236.9600067138672,235.85238647460938,16688600
2022-12-28,236.88999938964844,239.72000122070312,234.1699981689453,234.52999877929688,233.43373107910156,17457100
2022-12-29,235.64999389648438,241.9199981689453,235.64999389648438,241.00999450683594,239.88345336914062,19770700
2022-12-30,238.2100067138672,239.9600067138672,236.66000366210938,239.82000732421875,238.6990203857422,21938500
2023-01-03,243.0800018310547,245.75,237.39999389648438,239.5800018310547,238.4601287841797,25740000
2023-01-04,232.27999877929688,232.8699951171875,225.9600067138672,229.10000610351562,228.02911376953125,50623400
2023-01-05,227.1999969482422,227.5500030517578,221.75999450683594,222.30999755859375,221.27085876464844,39585600
2023-01-06,223.0,225.75999450683594,219.35000610351562,224.92999267578125,223.8786163330078,43613600
2023-01-09,226.4499969482422,231.24000549316406,226.41000366210938,227.1199951171875,226.05836486816406,27369800
2023-01-10,227.75999450683594,231.30999755859375,227.3300018310547,228.85000610351562,227.78028869628906,27033900
2023-01-11,231.2899932861328,235.9499969482422,231.11000061035156,235.77000427246094,234.66795349121094,28669300
2023-01-12,235.25999450683594,239.89999389648438,233.55999755859375,238.50999450683594,237.39512634277344,27269500
2023-01-13,237.0,239.3699951171875,234.9199981689453,239.22999572753906,238.11175537109375,21333300
2023-01-17,237.97000122070312,240.91000366210938,237.08999633789062,240.35000610351562,239.22653198242188,29831300
2023-01-18,241.57000732421875,242.3800048828125,235.52000427246094,235.80999755859375,234.70774841308594,30028700
2023-01-19,233.77999877929688,235.52000427246094,230.67999267578125,231.92999267578125,230.84588623046875,28623000
2023-01-20,234.86000061035156,240.74000549316406,234.50999450683594,240.22000122070312,239.09715270996094,35389800
2023-01-23,241.10000610351562,245.1699981689453,239.64999389648438,242.5800018310547,241.44610595703125,31934000
2023-01-24,242.5,243.9499969482422,240.44000244140625,242.0399932861328,240.90863037109375,40234400
2023-01-25,234.47999572753906,243.3000030517578,230.89999389648438,240.61000061035156,239.48532104492188,66526600
2023-01-26,243.64999389648438,248.30999755859375,242.0,248.0,246.8407745361328,33454500
2023-01-27,248.99000549316406,249.8300018310547,246.8300018310547,248.16000366210938,247.00003051757812,26498900
2023-01-30,244.50999450683594,245.60000610351562,242.1999969482422,242.7100067138672,241.5755157470703,25867400
2023-01-31,243.4499969482422,247.9499969482422,242.9499969482422,247.80999755859375,246.65167236328125,26541100
2023-02-01,248.0,255.17999267578125,245.47000122070312,252.75,251.56857299804688,31259900
2023-02-02,258.82000732421875,264.69000244140625,257.25,264.6000061035156,263.3631896972656,39940400
2023-02-03,259.5400085449219,264.20001220703125,257.1000061035156,258.3500061035156,257.14239501953125,29077300
2023-02-06,257.44000244140625,258.29998779296875,254.77999877929688,256.7699890136719,255.5697784423828,22518000
2023-02-07,260.5299987792969,268.7699890136719,260.0799865722656,267.55999755859375,266.3093566894531,50841400
2023-02-08,273.20001220703125,276.760009765625,266.2099914550781,266.7300109863281,265.4832458496094,54686000
2023-02-09,273.79998779296875,273.9800109863281,262.79998779296875,263.6199951171875,262.38775634765625,42375100
2023-02-10,261.5299987792969,264.0899963378906,260.6600036621094,263.1000061035156,261.8702087402344,25818500
2023-02-13,267.6400146484375,274.6000061035156,267.1499938964844,271.32000732421875,270.0517883300781,44630900
2023-02-14,272.6700134277344,274.9700012207031,269.2799987792969,272.1700134277344,270.8977966308594,37047900
2023-02-15,268.32000732421875,270.7300109863281,266.17999267578125,269.32000732421875,268.7325439453125,28922400
2023-02-16,264.0199890136719,266.739990234375,261.8999938964844,262.1499938964844,261.5781555175781,29603600
2023-02-17,259.3900146484375,260.0899963378906,256.0,258.05999755859375,257.4971008300781,30000100
2023-02-21,254.47999572753906,255.49000549316406,251.58999633789062,252.6699981689453,252.1188507080078,28397400
2023-02-22,254.08999633789062,254.33999633789062,250.33999633789062,251.50999450683594,250.9613800048828,22491100
2023-02-23,255.55999755859375,256.8399963378906,250.47999572753906,254.77000427246094,254.2142791748047,29219100
2023-02-24,249.9600067138672,251.0,248.10000610351562,249.22000122070312,248.67637634277344,24990900
2023-02-27,252.4600067138672,252.82000732421875,249.38999938964844,250.16000366210938,249.6143341064453,21190000
2023-02-28,249.07000732421875,251.49000549316406,248.72999572753906,249.4199981689453,248.87594604492188,22491000
2023-03-01,250.75999450683594,250.92999267578125,245.7899932861328,246.27000427246094,245.73281860351562,27565300
2023-03-02,246.5500030517578,251.39999389648438,245.61000061035156,251.11000061035156,250.562255859375,24808200
2023-03-03,252.19000244140625,255.6199951171875,251.38999938964844,255.2899932861328,254.73312377929688,30760100
2023-03-06,256.42999267578125,260.1199951171875,255.97999572753906,256.8699951171875,256.3096923828125,24109800
2023-03-07,256.29998779296875,257.69000244140625,253.38999938964844,254.14999389648438,253.59561157226562,21473200
2023-03-08,254.0399932861328,254.5399932861328,250.80999755859375,253.6999969482422,253.1466064453125,17340200
2023-03-09,255.82000732421875,259.55999755859375,251.5800018310547,252.32000732421875,251.76962280273438,26653400
2023-03-10,251.0800018310547,252.7899932861328,247.60000610351562,248.58999633789062,248.04774475097656,28333900
2023-03-13,247.39999389648438,257.9100036621094,245.72999572753906,253.9199981689453,253.36611938476562,33339700
2023-03-14,256.75,261.07000732421875,255.86000061035156,260.7900085449219,260.2211608886719,33620300
2023-03-15,259.9800109863281,266.4800109863281,259.2099914550781,265.44000244140625,264.8609924316406,46028000
2023-03-16,265.2099914550781,276.55999755859375,263.2799987792969,276.20001220703125,275.5975341796875,54768800
2023-03-17,278.260009765625,283.3299865722656,276.32000732421875,279.42999267578125,278.8204650878906,69527400
2023-03-20,276.9800109863281,277.4800109863281,269.8500061035156,272.2300109863281,271.6361999511719,43466600
2023-03-21,274.8800048828125,275.0,269.5199890136719,273.7799987792969,273.18280029296875,34558700
2023-03-22,273.3999938964844,281.0400085449219,272.17999267578125,272.2900085449219,271.6960754394531,34873300
2023-03-23,277.94000244140625,281.05999755859375,275.20001220703125,277.6600036621094,277.0543518066406,36610900
2023-03-24,277.239990234375,280.6300048828125,275.2799987792969,280.57000732421875,279.9580078125,28172000
2023-03-27,280.5,281.4599914550781,275.5199890136719,276.3800048828125,275.7771301269531,26840200
2023-03-28,275.7900085449219,276.1400146484375,272.04998779296875,275.2300109863281,274.6296691894531,21878600
2023-03-29,278.9599914550781,281.1400146484375,278.4100036621094,280.510009765625,279.89813232421875,25087000
2023-03-30,284.2300109863281,284.4599914550781,281.4800109863281,284.04998779296875,283.4303894042969,25053400
2023-03-31,283.7300109863281,289.2699890136719,283.0,288.29998779296875,287.6711120605469,32766000
2023-04-03,286.5199890136719,288.2699890136719,283.95001220703125,287.2300109863281,286.6034851074219,24883300
2023-04-04,287.2300109863281,290.45001220703125,285.6700134277344,287.17999267578125,286.5535583496094,25824300
2023-04-05,285.8500061035156,287.1499938964844,282.9200134277344,284.3399963378906,283.7197570800781,22064800
2023-04-06,283.2099914550781,292.0799865722656,282.0299987792969,291.6000061035156,290.96392822265625,29770300
2023-04-10,289.2099914550781,289.6000061035156,284.7099914550781,289.3900146484375,288.7587585449219,23103000
2023-04-11,285.75,285.9800109863281,281.6400146484375,282.8299865722656,282.2130432128906,27276600
2023-04-12,284.7900085449219,287.010009765625,281.9599914550781,283.489990234375,282.8716125488281,27403400
2023-04-13,283.5899963378906,289.8999938964844,283.1700134277344,289.8399963378906,289.207763671875,24222700
2023-04-14,287.0,288.4800109863281,283.69000244140625,286.1400146484375,285.515869140625,20987900
2023-04-17,289.92999267578125,291.6000061035156,286.1600036621094,288.79998779296875,288.1700439453125,23836200
2023-04-18,291.57000732421875,291.760009765625,287.010009765625,288.3699951171875,287.740966796875,20161800
2023-04-19,285.989990234375,289.04998779296875,284.5400085449219,288.45001220703125,287.8208312988281,17150300
2023-04-20,285.25,289.0299987792969,285.0799865722656,286.1099853515625,285.48590087890625,23244400
2023-04-21,285.010009765625,286.2699890136719,283.05999755859375,285.760009765625,285.1366882324219,21676400
2023-04-24,282.0899963378906,284.95001220703125,278.7200012207031,281.7699890136719,281.1553649902344,26611000
2023-04-25,279.510009765625,281.6000061035156,275.3699951171875,275.4200134277344,274.8192443847656,45772200
2023-04-26,296.70001220703125,299.57000732421875,292.7300109863281,295.3699951171875,294.7257080078125,64599200
2023-04-27,295.9700012207031,305.20001220703125,295.25,304.8299865722656,304.1650695800781,46462600
2023-04-28,304.010009765625,308.92999267578125,303.30999755859375,307.260009765625,306.58978271484375,36446700
2023-05-01,306.9700012207031,308.6000061035156,305.1499938964844,305.55999755859375,304.89349365234375,21294100
2023-05-02,307.760009765625,309.17999267578125,303.9100036621094,305.4100036621094,304.7438049316406,26404400
2023-05-03,306.6199951171875,308.6099853515625,304.0899963378906,304.3999938964844,303.73602294921875,22360800
2023-05-04,306.239990234375,307.760009765625,303.3999938964844,305.4100036621094,304.7438049316406,22519900
2023-05-05,305.7200012207031,311.9700012207031,304.2699890136719,310.6499938964844,309.9723815917969,28181200
2023-05-08,310.1300048828125,310.20001220703125,306.0899963378906,308.6499938964844,307.97674560546875,21318600
2023-05-09,308.0,310.0400085449219,306.30999755859375,307.0,306.3303527832031,21340800
2023-05-10,308.6199951171875,313.0,307.6700134277344,312.30999755859375,311.6287536621094,30078000
2023-05-11,310.1000061035156,311.1199951171875,306.260009765625,310.1099853515625,309.43353271484375,31680200
2023-05-12,310.54998779296875,310.6499938964844,306.6000061035156,308.9700012207031,308.2960510253906,19758100
2023-05-15,309.1000061035156,309.8999938964844,307.5899963378906,309.4599914550781,308.78497314453125,16336500
2023-05-16,309.8299865722656,313.7099914550781,309.8299865722656,311.739990234375,311.05999755859375,26730300
2023-05-17,312.2900085449219,314.42999267578125,310.739990234375,314.0,314.0,24315000
2023-05-18,314.5299987792969,319.0400085449219,313.7200012207031,318.5199890136719,318.5199890136719,27276000
2023-05-19,316.739990234375,318.75,316.3699951171875,318.3399963378906,318.3399963378906,27529500
2023-05-22,318.6000061035156,322.5899963378906,318.010009765625,321.17999267578125,321.17999267578125,24115700
2023-05-23,320.0299987792969,322.7200012207031,315.25,315.260009765625,315.260009765625,30797200
2023-05-24,314.7300109863281,316.5,312.6099853515625,313.8500061035156,313.8500061035156,23384900
2023-05-25,323.239990234375,326.8999938964844,320.0,325.9200134277344,325.9200134277344,43301700
2023-05-26,324.0199890136719,333.3999938964844,323.8800048828125,332.8900146484375,332.8900146484375,36630600
2023-05-30,335.2300109863281,335.739990234375,330.5199890136719,331.2099914550781,331.2099914550781,29503100
2023-05-31,332.2900085449219,335.94000244140625,327.3299865722656,328.3900146484375,328.3900146484375,45950600
2023-06-01,325.92999267578125,333.5299987792969,324.7200012207031,332.5799865722656,332.5799865722656,26773900
2023-06-02,334.25,337.5,332.54998779296875,335.3999938964844,335.3999938964844,25864000
2023-06-05,335.2200012207031,338.55999755859375,334.6600036621094,335.94000244140625,335.94000244140625,21307100
2023-06-06,335.3299865722656,335.3699951171875,332.1700134277344,333.67999267578125,333.67999267578125,20396200
2023-06-07,331.6499938964844,334.489990234375,322.5,323.3800048828125,323.3800048828125,40717100
2023-06-08,323.94000244140625,326.6400146484375,323.3500061035156,325.260009765625,325.260009765625,23277700
2023-06-09,324.989990234375,329.989990234375,324.4100036621094,326.7900085449219,326.7900085449219,22514900
2023-06-12,328.5799865722656,332.1000061035156,325.1600036621094,331.8500061035156,331.8500061035156,24260300
2023-06-13,334.4700012207031,336.9800109863281,330.3900146484375,334.2900085449219,334.2900085449219,22951300
2023-06-14,334.3399963378906,339.0400085449219,332.80999755859375,337.3399963378906,337.3399963378906,26003800
2023-06-15,337.4800109863281,349.8399963378906,337.20001220703125,348.1000061035156,348.1000061035156,38899100
2023-06-16,351.32000732421875,351.4700012207031,341.95001220703125,342.3299865722656,342.3299865722656,46533600
2023-06-20,339.30999755859375,342.0799865722656,335.8599853515625,338.04998779296875,338.04998779296875,26375400
2023-06-21,336.3699951171875,337.7300109863281,332.07000732421875,333.55999755859375,333.55999755859375,25117800
2023-06-22,334.1199951171875,340.1199951171875,333.3399963378906,339.7099914550781,339.7099914550781,23556800
2023-06-23,334.3599853515625,337.9599914550781,333.45001220703125,335.0199890136719,335.0199890136719,23084700
2023-06-26,333.7200012207031,336.1099853515625,328.489990234375,328.6000061035156,328.6000061035156,21520600
2023-06-27,331.8599853515625,336.1499938964844,329.29998779296875,334.57000732421875,334.57000732421875,24354100
2023-06-28,334.6600036621094,337.9800109863281,333.80999755859375,335.8500061035156,335.8500061035156,20259500
2023-06-29,334.7099914550781,336.1099853515625,332.6199951171875,335.04998779296875,335.04998779296875,16997000
2023-06-30,337.75,342.7300109863281,337.20001220703125,340.5400085449219,340.5400085449219,26823800
2023-07-03,339.19000244140625,340.8999938964844,336.57000732421875,337.989990234375,337.989990234375,12508700
2023-07-05,335.0899963378906,341.6499938964844,334.7300109863281,338.1499938964844,338.1499938964844,18172400
2023-07-06,337.29998779296875,342.989990234375,335.5,341.2699890136719,341.2699890136719,28161200
2023-07-07,339.32000732421875,341.7900085449219,337.0,337.2200012207031,337.2200012207031,21185300
2023-07-10,334.6000061035156,335.2300109863281,327.5899963378906,331.8299865722656,331.8299865722656,32791400
2023-07-11,331.05999755859375,332.8599853515625,327.0,332.4700012207031,332.4700012207031,26698200
2023-07-12,336.6000061035156,341.6499938964844,335.6700134277344,337.20001220703125,337.20001220703125,29995300
2023-07-13,339.55999755859375,343.739990234375,339.0199890136719,342.6600036621094,342.6600036621094,20567200
2023-07-14,347.5899963378906,351.42999267578125,344.30999755859375,345.239990234375,345.239990234375,28302200
2023-07-17,345.67999267578125,346.989990234375,342.20001220703125,345.7300109863281,345.7300109863281,20363900
2023-07-18,345.8299865722656,366.7799987792969,342.1700134277344,359.489990234375,359.489990234375,64872700
2023-07-19,361.75,362.4599914550781,352.44000244140625,355.0799865722656,355.0799865722656,39732900
2023-07-20,353.57000732421875,357.9700012207031,345.3699951171875,346.8699951171875,346.8699951171875,33778400
2023-07-21,349.1499938964844,350.29998779296875,339.8299865722656,343.7699890136719,343.7699890136719,69368900
2023-07-24,345.8500061035156,346.9200134277344,342.30999755859375,345.1099853515625,345.1099853515625,26678100
2023-07-25,347.1099853515625,351.8900146484375,345.07000732421875,350.9800109863281,350.9800109863281,41637700
2023-07-26,341.44000244140625,344.6700134277344,333.1099853515625,337.7699890136719,337.7699890136719,58383700
2023-07-27,340.4800109863281,341.3299865722656,329.04998779296875,330.7200012207031,330.7200012207031,39563000
