Date,Open,High,Low,Close,Adj Close,Volume
2019-05-23 00:00:00-04:00,31.690000534057617,31.899999618530273,30.81999969482422,31.739999771118164,31.739999771118164,94800
2019-05-24 00:00:00-04:00,31.709999084472656,31.850000381469727,31.040000915527344,31.09000015258789,31.09000015258789,75900
2019-05-28 00:00:00-04:00,31.100000381469727,31.670000076293945,30.6200008392334,31.329999923706055,31.329999923706055,457200
2019-05-29 00:00:00-04:00,31.110000610351562,31.290000915527344,30.8700008392334,31.0,31.0,136900
2019-05-30 00:00:00-04:00,30.979999542236328,31.100000381469727,30.729999542236328,31.0,31.0,76800
2019-05-31 00:00:00-04:00,30.709999084472656,30.834999084472656,30.0,30.139999389648438,30.139999389648438,37700
2019-06-03 00:00:00-04:00,30.06999969482422,30.1299991607666,29.75,30.020000457763672,30.020000457763672,52500
2019-06-04 00:00:00-04:00,29.90999984741211,30.110000610351562,29.844999313354492,30.110000610351562,30.110000610351562,160500
2019-06-05 00:00:00-04:00,30.020000457763672,30.110000610351562,29.469999313354492,30.010000228881836,30.010000228881836,56500
2019-06-06 00:00:00-04:00,29.989999771118164,30.31999969482422,29.389999389648438,29.770000457763672,29.770000457763672,80800
2019-06-07 00:00:00-04:00,29.829999923706055,30.40999984741211,29.790000915527344,30.079999923706055,30.079999923706055,161600
2019-06-10 00:00:00-04:00,30.25,31.520000457763672,30.25,31.030000686645508,31.030000686645508,288700
2019-06-11 00:00:00-04:00,31.219999313354492,31.395000457763672,30.989999771118164,31.18000030517578,31.18000030517578,163200
2019-06-12 00:00:00-04:00,31.18000030517578,31.18000030517578,30.719999313354492,31.1200008392334,31.1200008392334,125900
2019-06-13 00:00:00-04:00,31.110000610351562,31.25,30.8700008392334,31.059999465942383,31.059999465942383,101500
2019-06-14 00:00:00-04:00,32.29999923706055,32.29999923706055,30.690000534057617,31.15999984741211,31.15999984741211,177200
2019-06-17 00:00:00-04:00,31.0,31.3799991607666,30.190000534057617,30.450000762939453,30.450000762939453,188400
2019-06-18 00:00:00-04:00,30.600000381469727,30.860000610351562,30.209999084472656,30.3799991607666,30.3799991607666,126700
2019-06-19 00:00:00-04:00,29.68000030517578,29.850000381469727,28.559999465942383,28.920000076293945,28.920000076293945,538100
2019-06-20 00:00:00-04:00,30.75,31.190000534057617,29.790000915527344,29.81999969482422,29.81999969482422,1596800
2019-06-21 00:00:00-04:00,29.829999923706055,30.709999084472656,29.729999542236328,30.290000915527344,30.290000915527344,437600
2019-06-24 00:00:00-04:00,30.56999969482422,30.56999969482422,29.170000076293945,29.170000076293945,29.170000076293945,346200
2019-06-25 00:00:00-04:00,30.799999237060547,30.93000030517578,30.299999237060547,30.3799991607666,30.3799991607666,1111600
2019-06-26 00:00:00-04:00,30.350000381469727,30.600000381469727,30.209999084472656,30.209999084472656,30.209999084472656,676900
2019-06-27 00:00:00-04:00,30.200000762939453,30.469999313354492,30.170000076293945,30.31999969482422,30.31999969482422,513000
2019-06-28 00:00:00-04:00,30.149999618530273,30.34000015258789,29.540000915527344,29.75,29.75,3082700
2019-07-01 00:00:00-04:00,29.850000381469727,29.933000564575195,29.110000610351562,29.1299991607666,29.1299991607666,318600
2019-07-02 00:00:00-04:00,29.1200008392334,29.389999389648438,29.049999237060547,29.190000534057617,29.190000534057617,509700
2019-07-03 00:00:00-04:00,29.25,29.25,29.049999237060547,29.170000076293945,29.170000076293945,72100
2019-07-05 00:00:00-04:00,29.209999084472656,29.260000228881836,28.18000030517578,29.1299991607666,29.1299991607666,202300
2019-07-08 00:00:00-04:00,28.969999313354492,29.25,28.790000915527344,29.100000381469727,29.100000381469727,173600
2019-07-09 00:00:00-04:00,29.040000915527344,29.059999465942383,28.56999969482422,28.899999618530273,28.899999618530273,206800
2019-07-10 00:00:00-04:00,29.0,29.0,28.635000228881836,28.700000762939453,28.700000762939453,165000
2019-07-11 00:00:00-04:00,28.739999771118164,28.75,27.209999084472656,27.3700008392334,27.3700008392334,886900
2019-07-12 00:00:00-04:00,27.530000686645508,29.155000686645508,27.5,28.969999313354492,28.969999313354492,246600
2019-07-15 00:00:00-04:00,29.0,29.170000076293945,28.760000228881836,28.950000762939453,28.950000762939453,119900
2019-07-16 00:00:00-04:00,28.93000030517578,28.940000534057617,27.959999084472656,28.5,28.5,433600
2019-07-17 00:00:00-04:00,28.5,28.649999618530273,27.860000610351562,28.280000686645508,28.280000686645508,452500
2019-07-18 00:00:00-04:00,28.350000381469727,28.75,28.350000381469727,28.5,28.5,461000
2019-07-19 00:00:00-04:00,28.489999771118164,28.719999313354492,27.8700008392334,27.940000534057617,27.940000534057617,376800
2019-07-22 00:00:00-04:00,28.049999237060547,28.399999618530273,27.540000915527344,28.1299991607666,28.1299991607666,1057900
2019-07-23 00:00:00-04:00,28.209999084472656,28.450000762939453,28.049999237060547,28.200000762939453,28.200000762939453,1062000
2019-07-24 00:00:00-04:00,28.079999923706055,28.299999237060547,27.75,28.1299991607666,28.1299991607666,593700
2019-07-25 00:00:00-04:00,28.049999237060547,28.100000381469727,27.43000030517578,27.520000457763672,27.520000457763672,998300
2019-07-26 00:00:00-04:00,27.549999237060547,28.524999618530273,27.549999237060547,27.6299991607666,27.6299991607666,265400
2019-07-29 00:00:00-04:00,27.0,27.201000213623047,26.0,26.31999969482422,26.31999969482422,598300
2019-07-30 00:00:00-04:00,26.280000686645508,26.299999237060547,25.229999542236328,26.06999969482422,26.06999969482422,638200
2019-07-31 00:00:00-04:00,26.020000457763672,26.670000076293945,25.790000915527344,26.389999389648438,26.389999389648438,432500
2019-08-01 00:00:00-04:00,26.389999389648438,27.40999984741211,25.920000076293945,26.200000762939453,26.200000762939453,396600
2019-08-02 00:00:00-04:00,26.0,26.010000228881836,25.190000534057617,25.31999969482422,25.31999969482422,284000
2019-08-05 00:00:00-04:00,24.979999542236328,25.030000686645508,24.329999923706055,24.600000381469727,24.600000381469727,344000
2019-08-06 00:00:00-04:00,24.700000762939453,24.969999313354492,23.510000228881836,23.510000228881836,23.510000228881836,571600
2019-08-07 00:00:00-04:00,23.25,23.90999984741211,23.229999542236328,23.459999084472656,23.459999084472656,252600
2019-08-08 00:00:00-04:00,23.459999084472656,24.0,23.420000076293945,23.68000030517578,23.68000030517578,325000
2019-08-09 00:00:00-04:00,23.559999465942383,24.000999450683594,23.399999618530273,23.40999984741211,23.40999984741211,325100
2019-08-12 00:00:00-04:00,22.420000076293945,23.239999771118164,20.549999237060547,20.649999618530273,20.649999618530273,837300
2019-08-13 00:00:00-04:00,20.489999771118164,21.600000381469727,20.350000381469727,21.06999969482422,21.06999969482422,2020100
2019-08-14 00:00:00-04:00,20.850000381469727,21.690000534057617,20.600000381469727,21.280000686645508,21.280000686645508,1875100
2019-08-15 00:00:00-04:00,21.3700008392334,22.329999923706055,21.274999618530273,21.440000534057617,21.440000534057617,1442800
2019-08-16 00:00:00-04:00,21.479999542236328,21.5,20.983999252319336,21.459999084472656,21.459999084472656,312700
2019-08-19 00:00:00-04:00,21.639999389648438,22.0,21.450000762939453,21.809999465942383,21.809999465942383,160400
2019-08-20 00:00:00-04:00,21.709999084472656,22.479999542236328,21.709999084472656,22.25,22.25,283900
2019-08-21 00:00:00-04:00,22.399999618530273,22.639999389648438,22.139999389648438,22.200000762939453,22.200000762939453,251600
2019-08-22 00:00:00-04:00,22.209999084472656,22.260000228881836,21.829999923706055,22.25,22.25,147700
2019-08-23 00:00:00-04:00,22.110000610351562,22.110000610351562,21.280000686645508,21.329999923706055,21.329999923706055,340400
2019-08-26 00:00:00-04:00,21.440000534057617,21.6299991607666,21.260000228881836,21.350000381469727,21.350000381469727,122100
2019-08-27 00:00:00-04:00,21.81999969482422,21.969999313354492,21.350000381469727,21.56999969482422,21.56999969482422,390300
2019-08-28 00:00:00-04:00,21.469999313354492,21.950000762939453,21.469999313354492,21.860000610351562,21.860000610351562,198100
2019-08-29 00:00:00-04:00,22.010000228881836,22.59000015258789,21.834999084472656,22.5,22.5,220000
2019-08-30 00:00:00-04:00,22.510000228881836,22.84000015258789,22.270000457763672,22.649999618530273,22.649999618530273,142300
2019-09-03 00:00:00-04:00,22.549999237060547,22.6200008392334,22.1200008392334,22.190000534057617,22.190000534057617,230100
2019-09-04 00:00:00-04:00,22.309999465942383,22.5,21.719999313354492,21.799999237060547,21.799999237060547,239900
2019-09-05 00:00:00-04:00,22.010000228881836,22.93000030517578,21.854999542236328,22.780000686645508,22.780000686645508,1264500
2019-09-06 00:00:00-04:00,22.889999389648438,23.040000915527344,22.549999237060547,22.90999984741211,22.90999984741211,199500
2019-09-09 00:00:00-04:00,22.940000534057617,23.100000381469727,22.649999618530273,22.75,22.75,226300
2019-09-10 00:00:00-04:00,22.799999237060547,23.399999618530273,22.440000534057617,23.399999618530273,23.399999618530273,437600
2019-09-11 00:00:00-04:00,23.399999618530273,24.31999969482422,23.399999618530273,24.110000610351562,24.110000610351562,370600
2019-09-12 00:00:00-04:00,24.18000030517578,24.25,23.860000610351562,24.079999923706055,24.079999923706055,265400
2019-09-13 00:00:00-04:00,24.170000076293945,24.40999984741211,23.875,24.139999389648438,24.139999389648438,198300
2019-09-16 00:00:00-04:00,24.079999923706055,24.25,23.719999313354492,23.940000534057617,23.940000534057617,104100
2019-09-17 00:00:00-04:00,23.84000015258789,23.959999084472656,23.454999923706055,23.719999313354492,23.719999313354492,91800
2019-09-18 00:00:00-04:00,23.709999084472656,23.709999084472656,23.200000762939453,23.350000381469727,23.350000381469727,174200
2019-09-19 00:00:00-04:00,23.40999984741211,23.690000534057617,23.100000381469727,23.209999084472656,23.209999084472656,111300
2019-09-20 00:00:00-04:00,23.18000030517578,23.399999618530273,22.8700008392334,23.100000381469727,23.100000381469727,312700
2019-09-23 00:00:00-04:00,23.0,23.219999313354492,22.81999969482422,23.059999465942383,23.059999465942383,194000
2019-09-24 00:00:00-04:00,23.1299991607666,23.389999389648438,22.68000030517578,22.709999084472656,22.709999084472656,245800
2019-09-25 00:00:00-04:00,22.770000457763672,23.190000534057617,22.40999984741211,22.440000534057617,22.440000534057617,132900
2019-09-26 00:00:00-04:00,22.31999969482422,22.440000534057617,21.899999618530273,22.06999969482422,22.06999969482422,109700
2019-09-27 00:00:00-04:00,22.15999984741211,22.270000457763672,21.889999389648438,22.06999969482422,22.06999969482422,106400
2019-09-30 00:00:00-04:00,22.049999237060547,23.309999465942383,22.049999237060547,22.829999923706055,22.829999923706055,152800
2019-10-01 00:00:00-04:00,23.020000457763672,23.489999771118164,22.56999969482422,22.65999984741211,22.65999984741211,111400
2019-10-02 00:00:00-04:00,22.540000915527344,22.614999771118164,22.010000228881836,22.18000030517578,22.18000030517578,176300
2019-10-03 00:00:00-04:00,22.1200008392334,22.270000457763672,21.329999923706055,21.3799991607666,21.3799991607666,298800
2019-10-04 00:00:00-04:00,21.40999984741211,22.110000610351562,21.270000457763672,22.079999923706055,22.079999923706055,197300
2019-10-07 00:00:00-04:00,22.079999923706055,23.479999542236328,21.80500030517578,22.959999084472656,22.959999084472656,146600
2019-10-08 00:00:00-04:00,22.75,22.799999237060547,22.290000915527344,22.440000534057617,22.440000534057617,96100
2019-10-09 00:00:00-04:00,22.440000534057617,22.610000610351562,22.40999984741211,22.56999969482422,22.56999969482422,75100
2019-10-10 00:00:00-04:00,22.3700008392334,22.7450008392334,22.3700008392334,22.559999465942383,22.559999465942383,807600
2019-10-11 00:00:00-04:00,22.719999313354492,23.25,22.719999313354492,23.079999923706055,23.079999923706055,147700
2019-10-14 00:00:00-04:00,22.950000762939453,23.260000228881836,22.81999969482422,23.229999542236328,23.229999542236328,48400
2019-10-15 00:00:00-04:00,23.18000030517578,23.75,23.06999969482422,23.540000915527344,23.540000915527344,122400
2019-10-16 00:00:00-04:00,23.399999618530273,23.75,22.850000381469727,22.889999389648438,22.889999389648438,79400
2019-10-17 00:00:00-04:00,22.959999084472656,23.399999618530273,22.8700008392334,22.90999984741211,22.90999984741211,158400
2019-10-18 00:00:00-04:00,22.84000015258789,23.5,22.84000015258789,23.389999389648438,23.389999389648438,107300
2019-10-21 00:00:00-04:00,23.549999237060547,23.899999618530273,23.549999237060547,23.739999771118164,23.739999771118164,108000
2019-10-22 00:00:00-04:00,23.65999984741211,24.8700008392334,23.65999984741211,24.399999618530273,24.399999618530273,137000
2019-10-23 00:00:00-04:00,24.399999618530273,24.579999923706055,23.91900062561035,24.450000762939453,24.450000762939453,153400
2019-10-24 00:00:00-04:00,24.43000030517578,24.469999313354492,24.290000915527344,24.299999237060547,24.299999237060547,382600
2019-10-25 00:00:00-04:00,24.3700008392334,24.399999618530273,24.040000915527344,24.200000762939453,24.200000762939453,150700
2019-10-28 00:00:00-04:00,24.350000381469727,25.010000228881836,24.350000381469727,24.780000686645508,24.780000686645508,116200
2019-10-29 00:00:00-04:00,24.700000762939453,25.0,24.579999923706055,24.709999084472656,24.709999084472656,61900
2019-10-30 00:00:00-04:00,24.75,24.829999923706055,24.3799991607666,24.540000915527344,24.540000915527344,106700
2019-10-31 00:00:00-04:00,24.600000381469727,25.1299991607666,24.489999771118164,25.100000381469727,25.100000381469727,212000
2019-11-01 00:00:00-04:00,25.200000762939453,25.31999969482422,24.799999237060547,25.100000381469727,25.100000381469727,103800
2019-11-04 00:00:00-05:00,25.25,25.56999969482422,25.200000762939453,25.43000030517578,25.43000030517578,84400
2019-11-05 00:00:00-05:00,25.5,25.670000076293945,25.1299991607666,25.18000030517578,25.18000030517578,134900
2019-11-06 00:00:00-05:00,25.09000015258789,25.264999389648438,24.989999771118164,25.079999923706055,25.079999923706055,98500
2019-11-07 00:00:00-05:00,25.18000030517578,25.25,24.83099937438965,25.100000381469727,25.100000381469727,264000
2019-11-08 00:00:00-05:00,25.100000381469727,25.100000381469727,24.739999771118164,24.8799991607666,24.8799991607666,71500
2019-11-11 00:00:00-05:00,24.700000762939453,24.969999313354492,24.700000762939453,24.899999618530273,24.899999618530273,124300
2019-11-12 00:00:00-05:00,24.799999237060547,25.0,24.59000015258789,24.809999465942383,24.809999465942383,404700
2019-11-13 00:00:00-05:00,24.790000915527344,25.0,24.690000534057617,24.780000686645508,24.780000686645508,71000
2019-11-14 00:00:00-05:00,24.790000915527344,24.966999053955078,24.25,24.280000686645508,24.280000686645508,146700
2019-11-15 00:00:00-05:00,23.030000686645508,23.770000457763672,21.6200008392334,22.809999465942383,22.809999465942383,696100
2019-11-18 00:00:00-05:00,22.649999618530273,23.139999389648438,22.450000762939453,23.110000610351562,23.110000610351562,168200
2019-11-19 00:00:00-05:00,23.1200008392334,23.260000228881836,22.520000457763672,22.700000762939453,22.700000762939453,313600
2019-11-20 00:00:00-05:00,22.56999969482422,22.954999923706055,22.549999237060547,22.56999969482422,22.56999969482422,267900
2019-11-21 00:00:00-05:00,22.530000686645508,23.170000076293945,22.479999542236328,22.93000030517578,22.93000030517578,185300
2019-11-22 00:00:00-05:00,23.020000457763672,23.34000015258789,22.950000762939453,23.170000076293945,23.170000076293945,121700
2019-11-25 00:00:00-05:00,23.239999771118164,23.579999923706055,23.18000030517578,23.25,23.25,177500
2019-11-26 00:00:00-05:00,23.170000076293945,23.579999923706055,23.149999618530273,23.399999618530273,23.399999618530273,816400
2019-11-27 00:00:00-05:00,23.450000762939453,23.90999984741211,23.309999465942383,23.809999465942383,23.809999465942383,272500
2019-11-29 00:00:00-05:00,23.729999542236328,24.489999771118164,23.729999542236328,24.299999237060547,24.299999237060547,199600
2019-12-02 00:00:00-05:00,24.280000686645508,24.600000381469727,23.809999465942383,23.889999389648438,23.889999389648438,240100
2019-12-03 00:00:00-05:00,23.6200008392334,23.93000030517578,23.479999542236328,23.729999542236328,23.729999542236328,166600
2019-12-04 00:00:00-05:00,23.760000228881836,23.8700008392334,23.200000762939453,23.389999389648438,23.389999389648438,182200
2019-12-05 00:00:00-05:00,23.43000030517578,23.80500030517578,23.420000076293945,23.649999618530273,23.649999618530273,199800
2019-12-06 00:00:00-05:00,23.809999465942383,24.0,23.309999465942383,23.8799991607666,23.8799991607666,250000
2019-12-09 00:00:00-05:00,23.81999969482422,24.3799991607666,23.530000686645508,23.600000381469727,23.600000381469727,205600
2019-12-10 00:00:00-05:00,23.510000228881836,24.15999984741211,23.420000076293945,23.989999771118164,23.989999771118164,162500
2019-12-11 00:00:00-05:00,24.020000457763672,24.329999923706055,24.010000228881836,24.1200008392334,24.1200008392334,130900
2019-12-12 00:00:00-05:00,24.1200008392334,24.9950008392334,24.1200008392334,24.709999084472656,24.709999084472656,247100
2019-12-13 00:00:00-05:00,24.709999084472656,25.280000686645508,24.665000915527344,25.200000762939453,25.200000762939453,267900
2019-12-16 00:00:00-05:00,25.15999984741211,25.600000381469727,25.100000381469727,25.18000030517578,25.18000030517578,278500
2019-12-17 00:00:00-05:00,25.239999771118164,25.549999237060547,24.700000762939453,24.799999237060547,24.799999237060547,237200
2019-12-18 00:00:00-05:00,24.8700008392334,26.049999237060547,24.8700008392334,25.84000015258789,25.84000015258789,278800
2019-12-19 00:00:00-05:00,25.709999084472656,25.709999084472656,25.010000228881836,25.389999389648438,25.389999389648438,154100
2019-12-20 00:00:00-05:00,25.520000457763672,26.040000915527344,25.520000457763672,25.860000610351562,25.860000610351562,598100
2019-12-23 00:00:00-05:00,25.889999389648438,26.239999771118164,25.739999771118164,26.1200008392334,26.1200008392334,161900
2019-12-24 00:00:00-05:00,26.1299991607666,26.31999969482422,25.90999984741211,25.940000534057617,25.940000534057617,101700
2019-12-26 00:00:00-05:00,25.989999771118164,26.270000457763672,25.989999771118164,26.139999389648438,26.139999389648438,85800
2019-12-27 00:00:00-05:00,26.25,26.309999465942383,25.979999542236328,26.030000686645508,26.030000686645508,118300
2019-12-30 00:00:00-05:00,26.1200008392334,26.139999389648438,25.709999084472656,25.719999313354492,25.719999313354492,115200
2019-12-31 00:00:00-05:00,25.639999389648438,25.81999969482422,25.5,25.649999618530273,25.649999618530273,160800
2020-01-02 00:00:00-05:00,25.889999389648438,26.020000457763672,25.104999542236328,25.280000686645508,25.280000686645508,178800
2020-01-03 00:00:00-05:00,25.059999465942383,25.420000076293945,24.959999084472656,25.190000534057617,25.190000534057617,159600
2020-01-06 00:00:00-05:00,24.969999313354492,26.209999084472656,24.799999237060547,25.829999923706055,25.829999923706055,212300
2020-01-07 00:00:00-05:00,25.59000015258789,25.90999984741211,25.479999542236328,25.719999313354492,25.719999313354492,141100
2020-01-08 00:00:00-05:00,25.780000686645508,26.290000915527344,25.780000686645508,26.0,26.0,324700
2020-01-09 00:00:00-05:00,26.299999237060547,26.399999618530273,26.1299991607666,26.170000076293945,26.170000076293945,211800
2020-01-10 00:00:00-05:00,26.260000228881836,26.670000076293945,26.260000228881836,26.56999969482422,26.56999969482422,179400
2020-01-13 00:00:00-05:00,26.469999313354492,26.899999618530273,25.56999969482422,25.760000228881836,25.760000228881836,94900
2020-01-14 00:00:00-05:00,25.739999771118164,26.290000915527344,25.559999465942383,25.649999618530273,25.649999618530273,38200
2020-01-15 00:00:00-05:00,25.649999618530273,26.059999465942383,25.350000381469727,25.90999984741211,25.90999984741211,47400
2020-01-16 00:00:00-05:00,26.059999465942383,26.190000534057617,25.770000457763672,25.989999771118164,25.989999771118164,54800
2020-01-17 00:00:00-05:00,26.149999618530273,26.149999618530273,25.645000457763672,25.809999465942383,25.809999465942383,44100
2020-01-21 00:00:00-05:00,25.670000076293945,25.719999313354492,25.399999618530273,25.639999389648438,25.639999389648438,46400
2020-01-22 00:00:00-05:00,25.690000534057617,26.239999771118164,25.690000534057617,25.899999618530273,25.899999618530273,70000
2020-01-23 00:00:00-05:00,25.780000686645508,26.239999771118164,25.559999465942383,26.149999618530273,26.149999618530273,77800
2020-01-24 00:00:00-05:00,26.260000228881836,26.5,26.1299991607666,26.219999313354492,26.219999313354492,84200
2020-01-27 00:00:00-05:00,25.899999618530273,26.5,25.350000381469727,26.270000457763672,26.270000457763672,53400
2020-01-28 00:00:00-05:00,26.5,26.889999389648438,26.309999465942383,26.65999984741211,26.65999984741211,80800
2020-01-29 00:00:00-05:00,26.65999984741211,27.079999923706055,26.43000030517578,26.739999771118164,26.739999771118164,86100
2020-01-30 00:00:00-05:00,26.649999618530273,27.450000762939453,26.469999313354492,27.110000610351562,27.110000610351562,282900
2020-01-31 00:00:00-05:00,27.049999237060547,27.360000610351562,26.1200008392334,26.649999618530273,26.649999618530273,137000
2020-02-03 00:00:00-05:00,26.700000762939453,26.969999313354492,25.959999084472656,26.15999984741211,26.15999984741211,88300
2020-02-04 00:00:00-05:00,26.149999618530273,26.530000686645508,25.8799991607666,26.0,26.0,89400
2020-02-05 00:00:00-05:00,25.979999542236328,26.709999084472656,25.760000228881836,26.440000534057617,26.440000534057617,125200
2020-02-06 00:00:00-05:00,26.399999618530273,26.8700008392334,26.260000228881836,26.530000686645508,26.530000686645508,87700
2020-02-07 00:00:00-05:00,26.59000015258789,26.6299991607666,26.1299991607666,26.40999984741211,26.40999984741211,50700
2020-02-10 00:00:00-05:00,26.329999923706055,26.735000610351562,26.15999984741211,26.639999389648438,26.639999389648438,33500
2020-02-11 00:00:00-05:00,27.549999237060547,29.690000534057617,27.549999237060547,29.540000915527344,29.540000915527344,365400
2020-02-12 00:00:00-05:00,30.0,30.450000762939453,29.72100067138672,29.8700008392334,29.8700008392334,144200
2020-02-13 00:00:00-05:00,29.940000534057617,29.940000534057617,29.350000381469727,29.600000381469727,29.600000381469727,80100
2020-02-14 00:00:00-05:00,29.610000610351562,29.899999618530273,29.479999542236328,29.729999542236328,29.729999542236328,65000
2020-02-18 00:00:00-05:00,29.799999237060547,29.899999618530273,29.420000076293945,29.700000762939453,29.700000762939453,72900
2020-02-19 00:00:00-05:00,29.690000534057617,29.860000610351562,29.579999923706055,29.719999313354492,29.719999313354492,103000
2020-02-20 00:00:00-05:00,29.709999084472656,29.950000762939453,29.610000610351562,29.610000610351562,29.610000610351562,138600
2020-02-21 00:00:00-05:00,29.610000610351562,29.780000686645508,29.1200008392334,29.489999771118164,29.489999771118164,129400
2020-02-24 00:00:00-05:00,28.760000228881836,29.559999465942383,28.56999969482422,29.209999084472656,29.209999084472656,120300
2020-02-25 00:00:00-05:00,29.31999969482422,29.31999969482422,27.780000686645508,27.829999923706055,27.829999923706055,186400
2020-02-26 00:00:00-05:00,27.959999084472656,27.959999084472656,26.913999557495117,27.190000534057617,27.190000534057617,150900
2020-02-27 00:00:00-05:00,26.75,27.200000762939453,25.989999771118164,26.639999389648438,26.639999389648438,165100
2020-02-28 00:00:00-05:00,25.829999923706055,26.190000534057617,25.299999237060547,26.0,26.0,440100
2020-03-02 00:00:00-05:00,26.170000076293945,26.170000076293945,24.850000381469727,25.889999389648438,25.889999389648438,190100
2020-03-03 00:00:00-05:00,25.969999313354492,26.559999465942383,25.190000534057617,25.860000610351562,25.860000610351562,265400
2020-03-04 00:00:00-05:00,26.020000457763672,26.020000457763672,24.649999618530273,25.149999618530273,25.149999618530273,251300
2020-03-05 00:00:00-05:00,24.809999465942383,24.809999465942383,22.674999237060547,22.889999389648438,22.889999389648438,266000
2020-03-06 00:00:00-05:00,22.18000030517578,23.25,22.0,22.68000030517578,22.68000030517578,173300
2020-03-09 00:00:00-04:00,20.75,21.635000228881836,20.260000228881836,21.0,21.0,214700
2020-03-10 00:00:00-04:00,21.479999542236328,21.479999542236328,20.44499969482422,21.06999969482422,21.06999969482422,229300
2020-03-11 00:00:00-04:00,20.579999923706055,20.770000457763672,19.09000015258789,19.489999771118164,19.489999771118164,195000
2020-03-12 00:00:00-04:00,18.149999618530273,18.149999618530273,15.859999656677246,16.530000686645508,16.530000686645508,1754300
2020-03-13 00:00:00-04:00,17.030000686645508,17.514999389648438,15.739999771118164,16.549999237060547,16.549999237060547,339900
2020-03-16 00:00:00-04:00,14.40999984741211,15.100000381469727,11.779999732971191,12.470000267028809,12.470000267028809,782300
2020-03-17 00:00:00-04:00,12.6899995803833,12.899999618530273,10.710000038146973,11.140000343322754,11.140000343322754,543500
2020-03-18 00:00:00-04:00,10.640000343322754,10.680000305175781,7.400000095367432,7.670000076293945,7.670000076293945,239200
2020-03-19 00:00:00-04:00,7.579999923706055,8.739999771118164,7.21999979019165,8.670000076293945,8.670000076293945,424900
2020-03-20 00:00:00-04:00,8.989999771118164,10.0600004196167,7.409999847412109,7.650000095367432,7.650000095367432,894200
2020-03-23 00:00:00-04:00,8.069999694824219,8.069999694824219,7.230000019073486,7.78000020980835,7.78000020980835,903200
2020-03-24 00:00:00-04:00,8.170000076293945,10.84000015258789,8.170000076293945,10.760000228881836,10.760000228881836,454800
2020-03-25 00:00:00-04:00,10.899999618530273,13.454999923706055,10.829999923706055,13.029999732971191,13.029999732971191,455700
2020-03-26 00:00:00-04:00,13.1899995803833,14.729999542236328,13.1899995803833,14.380000114440918,14.380000114440918,311700
2020-03-27 00:00:00-04:00,13.5600004196167,14.119999885559082,12.960000038146973,13.149999618530273,13.149999618530273,488300
2020-03-30 00:00:00-04:00,12.899999618530273,13.319999694824219,12.050000190734863,12.649999618530273,12.649999618530273,368000
2020-03-31 00:00:00-04:00,12.270000457763672,13.300000190734863,12.270000457763672,13.010000228881836,13.010000228881836,285700
2020-04-01 00:00:00-04:00,12.289999961853027,12.300000190734863,10.710000038146973,11.079999923706055,11.079999923706055,254600
2020-04-02 00:00:00-04:00,10.770000457763672,11.34000015258789,10.460000038146973,10.670000076293945,10.670000076293945,279900
2020-04-03 00:00:00-04:00,10.6899995803833,11.479999542236328,9.319999694824219,10.229999542236328,10.229999542236328,221500
2020-04-06 00:00:00-04:00,10.930000305175781,12.5,10.930000305175781,12.0,12.0,195100
2020-04-07 00:00:00-04:00,12.729999542236328,13.970000267028809,11.609999656677246,12.079999923706055,12.079999923706055,407000
2020-04-08 00:00:00-04:00,12.5600004196167,14.039999961853027,12.3100004196167,13.600000381469727,13.600000381469727,275800
2020-04-09 00:00:00-04:00,14.3100004196167,15.100000381469727,13.15999984741211,13.970000267028809,13.970000267028809,371900
2020-04-13 00:00:00-04:00,13.869999885559082,14.1899995803833,12.529999732971191,13.15999984741211,13.15999984741211,281800
2020-04-14 00:00:00-04:00,13.460000038146973,14.350000381469727,13.229999542236328,13.5600004196167,13.5600004196167,153700
2020-04-15 00:00:00-04:00,12.970000267028809,13.050000190734863,12.0,12.350000381469727,12.350000381469727,235800
2020-04-16 00:00:00-04:00,12.119999885559082,12.199999809265137,11.319999694824219,11.920000076293945,11.920000076293945,232600
2020-04-17 00:00:00-04:00,13.029999732971191,13.237000465393066,11.470000267028809,11.850000381469727,11.850000381469727,361500
2020-04-20 00:00:00-04:00,12.149999618530273,12.180000305175781,11.09000015258789,11.359999656677246,11.359999656677246,299200
2020-04-21 00:00:00-04:00,10.8100004196167,11.600000381469727,10.699999809265137,11.430000305175781,11.430000305175781,226800
2020-04-22 00:00:00-04:00,11.920000076293945,11.9399995803833,11.239999771118164,11.359999656677246,11.359999656677246,140200
2020-04-23 00:00:00-04:00,11.489999771118164,11.850000381469727,11.350000381469727,11.569999694824219,11.569999694824219,538700
2020-04-24 00:00:00-04:00,12.5,14.170000076293945,12.5,13.720000267028809,13.720000267028809,777500
2020-04-27 00:00:00-04:00,13.989999771118164,14.5600004196167,13.815999984741211,14.100000381469727,14.100000381469727,517700
2020-04-28 00:00:00-04:00,15.069999694824219,15.960000038146973,14.220000267028809,14.930000305175781,14.930000305175781,395200
2020-04-29 00:00:00-04:00,16.0,16.375,15.520000457763672,16.0,16.0,533800
2020-04-30 00:00:00-04:00,15.989999771118164,16.040000915527344,15.031999588012695,15.779999732971191,15.779999732971191,309000
2020-05-01 00:00:00-04:00,15.029999732971191,15.1899995803833,14.449999809265137,14.979999542236328,14.979999542236328,354000
2020-05-04 00:00:00-04:00,14.460000038146973,15.041999816894531,13.899999618530273,14.9399995803833,14.9399995803833,191300
2020-05-05 00:00:00-04:00,15.319999694824219,15.468999862670898,14.8100004196167,15.010000228881836,15.010000228881836,151100
2020-05-06 00:00:00-04:00,15.350000381469727,15.350000381469727,14.710000038146973,14.819999694824219,14.819999694824219,184900
2020-05-07 00:00:00-04:00,14.989999771118164,15.430000305175781,14.5600004196167,15.380000114440918,15.380000114440918,179500
2020-05-08 00:00:00-04:00,15.930000305175781,16.5049991607666,15.569999694824219,16.25,16.25,356500
2020-05-11 00:00:00-04:00,16.219999313354492,16.540000915527344,15.399999618530273,16.459999084472656,16.459999084472656,286700
2020-05-12 00:00:00-04:00,16.549999237060547,16.790000915527344,15.880000114440918,16.030000686645508,16.030000686645508,199200
2020-05-13 00:00:00-04:00,15.5,15.920000076293945,14.954999923706055,15.010000228881836,15.010000228881836,424300
2020-05-14 00:00:00-04:00,14.1899995803833,15.859999656677246,14.149999618530273,15.180000305175781,15.180000305175781,232600
2020-05-15 00:00:00-04:00,15.210000038146973,16.0,14.880000114440918,15.449999809265137,15.449999809265137,592100
2020-05-18 00:00:00-04:00,16.25,17.25,16.229999542236328,17.0,17.0,371000
2020-05-19 00:00:00-04:00,16.8700008392334,18.399999618530273,16.8700008392334,17.579999923706055,17.579999923706055,389700
2020-05-20 00:00:00-04:00,18.190000534057617,19.260000228881836,18.190000534057617,18.549999237060547,18.549999237060547,420800
2020-05-21 00:00:00-04:00,18.719999313354492,19.600000381469727,18.639999389648438,18.790000915527344,18.790000915527344,149600
2020-05-22 00:00:00-04:00,19.06999969482422,19.360000610351562,18.60300064086914,19.100000381469727,19.100000381469727,230000
2020-05-26 00:00:00-04:00,19.860000610351562,20.59000015258789,19.829999923706055,20.030000686645508,20.030000686645508,358400
2020-05-27 00:00:00-04:00,20.6299991607666,21.399999618530273,20.3799991607666,21.040000915527344,21.040000915527344,419800
2020-05-28 00:00:00-04:00,21.450000762939453,21.920000076293945,20.530000686645508,20.670000076293945,20.670000076293945,473200
2020-05-29 00:00:00-04:00,20.979999542236328,21.6299991607666,20.639999389648438,20.90999984741211,20.90999984741211,269300
2020-06-01 00:00:00-04:00,21.040000915527344,22.18000030517578,20.90999984741211,21.790000915527344,21.790000915527344,638400
2020-06-02 00:00:00-04:00,22.09000015258789,22.3799991607666,21.65999984741211,22.010000228881836,22.010000228881836,180100
2020-06-03 00:00:00-04:00,22.68000030517578,23.190000534057617,22.520000457763672,22.790000915527344,22.790000915527344,235700
2020-06-04 00:00:00-04:00,22.549999237060547,23.059999465942383,22.389999389648438,22.739999771118164,22.739999771118164,408300
2020-06-05 00:00:00-04:00,24.34000015258789,25.139999389648438,23.649999618530273,23.8799991607666,23.8799991607666,404300
2020-06-08 00:00:00-04:00,25.200000762939453,27.59000015258789,24.75,24.790000915527344,24.790000915527344,455300
2020-06-09 00:00:00-04:00,23.81999969482422,24.420000076293945,22.860000610351562,24.020000457763672,24.020000457763672,225200
2020-06-10 00:00:00-04:00,23.799999237060547,24.149999618530273,22.81999969482422,23.829999923706055,23.829999923706055,662900
2020-06-11 00:00:00-04:00,22.399999618530273,22.950000762939453,21.56999969482422,21.690000534057617,21.690000534057617,314700
2020-06-12 00:00:00-04:00,22.860000610351562,23.489999771118164,21.594999313354492,22.309999465942383,22.309999465942383,201500
2020-06-15 00:00:00-04:00,21.31999969482422,23.139999389648438,20.940000534057617,22.549999237060547,22.549999237060547,274000
2020-06-16 00:00:00-04:00,23.850000381469727,23.850000381469727,22.8799991607666,23.350000381469727,23.350000381469727,229200
2020-06-17 00:00:00-04:00,23.34000015258789,24.15999984741211,22.979999542236328,23.860000610351562,23.860000610351562,241000
2020-06-18 00:00:00-04:00,23.540000915527344,24.299999237060547,23.329999923706055,23.450000762939453,23.450000762939453,140300
2020-06-19 00:00:00-04:00,23.940000534057617,24.110000610351562,22.729999542236328,23.1200008392334,23.1200008392334,213900
2020-06-22 00:00:00-04:00,22.790000915527344,23.670000076293945,22.131999969482422,23.309999465942383,23.309999465942383,263000
2020-06-23 00:00:00-04:00,23.68000030517578,24.200000762939453,23.270000457763672,23.770000457763672,23.770000457763672,129100
2020-06-24 00:00:00-04:00,23.200000762939453,23.399999618530273,21.540000915527344,21.549999237060547,21.549999237060547,165200
2020-06-25 00:00:00-04:00,21.09000015258789,22.549999237060547,20.809999465942383,21.510000228881836,21.510000228881836,173100
2020-06-26 00:00:00-04:00,21.3799991607666,21.559999465942383,20.56999969482422,20.8799991607666,20.8799991607666,327900
2020-06-29 00:00:00-04:00,21.15999984741211,21.959999084472656,20.530000686645508,21.780000686645508,21.780000686645508,139200
2020-06-30 00:00:00-04:00,21.440000534057617,22.31999969482422,21.100000381469727,22.290000915527344,22.290000915527344,187100
2020-07-01 00:00:00-04:00,22.3700008392334,22.899999618530273,21.81999969482422,22.190000534057617,22.190000534057617,95900
2020-07-02 00:00:00-04:00,23.110000610351562,23.290000915527344,22.045000076293945,22.149999618530273,22.149999618530273,99800
2020-07-06 00:00:00-04:00,22.899999618530273,22.899999618530273,21.719999313354492,22.030000686645508,22.030000686645508,117400
2020-07-07 00:00:00-04:00,21.65999984741211,21.844999313354492,20.520000457763672,20.649999618530273,20.649999618530273,198500
2020-07-08 00:00:00-04:00,20.670000076293945,20.969999313354492,19.649999618530273,20.579999923706055,20.579999923706055,190000
2020-07-09 00:00:00-04:00,20.399999618530273,20.399999618530273,19.510000228881836,20.0,20.0,141500
2020-07-10 00:00:00-04:00,19.93000030517578,20.309999465942383,19.8700008392334,20.100000381469727,20.100000381469727,85100
2020-07-13 00:00:00-04:00,20.399999618530273,20.940000534057617,19.780000686645508,19.93000030517578,19.93000030517578,119000
2020-07-14 00:00:00-04:00,19.989999771118164,20.454999923706055,19.5,20.040000915527344,20.040000915527344,116300
2020-07-15 00:00:00-04:00,20.770000457763672,22.780000686645508,20.770000457763672,22.299999237060547,22.299999237060547,261600
2020-07-16 00:00:00-04:00,22.100000381469727,22.100000381469727,21.395000457763672,21.850000381469727,21.850000381469727,70700
2020-07-17 00:00:00-04:00,21.739999771118164,21.989999771118164,21.040000915527344,21.200000762939453,21.200000762939453,88000
2020-07-20 00:00:00-04:00,20.959999084472656,21.139999389648438,20.1299991607666,20.5,20.5,65100
2020-07-21 00:00:00-04:00,20.90999984741211,21.520000457763672,20.75,21.3799991607666,21.3799991607666,105200
2020-07-22 00:00:00-04:00,21.360000610351562,22.09000015258789,21.360000610351562,21.459999084472656,21.459999084472656,108000
2020-07-23 00:00:00-04:00,21.40999984741211,21.597999572753906,20.799999237060547,20.93000030517578,20.93000030517578,91700
2020-07-24 00:00:00-04:00,20.959999084472656,21.190000534057617,20.530000686645508,21.040000915527344,21.040000915527344,74900
2020-07-27 00:00:00-04:00,20.989999771118164,21.084999084472656,20.559999465942383,20.559999465942383,20.559999465942383,200900
2020-07-28 00:00:00-04:00,20.520000457763672,20.950000762939453,20.520000457763672,20.700000762939453,20.700000762939453,129200
2020-07-29 00:00:00-04:00,21.040000915527344,23.834999084472656,20.950000762939453,23.170000076293945,23.170000076293945,595000
2020-07-30 00:00:00-04:00,23.34000015258789,23.68000030517578,22.700000762939453,23.15999984741211,23.15999984741211,181700
2020-07-31 00:00:00-04:00,23.25,23.25,21.360000610351562,21.559999465942383,21.559999465942383,138200
2020-08-03 00:00:00-04:00,22.0,22.350000381469727,21.399999618530273,21.989999771118164,21.989999771118164,137400
2020-08-04 00:00:00-04:00,22.040000915527344,22.799999237060547,21.90999984741211,22.600000381469727,22.600000381469727,229600
2020-08-05 00:00:00-04:00,22.899999618530273,23.190000534057617,22.03499984741211,22.989999771118164,22.989999771118164,159600
2020-08-06 00:00:00-04:00,22.790000915527344,23.950000762939453,22.790000915527344,23.450000762939453,23.450000762939453,268700
2020-08-07 00:00:00-04:00,23.350000381469727,24.850000381469727,23.350000381469727,23.81999969482422,23.81999969482422,240100
2020-08-10 00:00:00-04:00,24.280000686645508,24.969999313354492,24.1200008392334,24.260000228881836,24.260000228881836,249500
2020-08-11 00:00:00-04:00,26.0,26.459999084472656,24.924999237060547,25.299999237060547,25.299999237060547,210900
2020-08-12 00:00:00-04:00,26.520000457763672,26.520000457763672,24.649999618530273,25.010000228881836,25.010000228881836,128400
2020-08-13 00:00:00-04:00,24.920000076293945,26.600000381469727,24.565000534057617,25.829999923706055,25.829999923706055,292000
2020-08-14 00:00:00-04:00,25.649999618530273,25.860000610351562,25.190000534057617,25.579999923706055,25.579999923706055,155600
2020-08-17 00:00:00-04:00,25.5,26.020000457763672,25.190000534057617,25.700000762939453,25.700000762939453,100900
2020-08-18 00:00:00-04:00,25.6200008392334,26.219999313354492,25.28499984741211,25.889999389648438,25.889999389648438,268200
2020-08-19 00:00:00-04:00,26.31999969482422,27.56999969482422,26.010000228881836,26.90999984741211,26.90999984741211,808300
2020-08-20 00:00:00-04:00,26.09000015258789,26.655000686645508,25.219999313354492,25.6200008392334,25.6200008392334,166900
2020-08-21 00:00:00-04:00,25.420000076293945,25.809999465942383,24.65999984741211,24.829999923706055,24.829999923706055,105200
2020-08-24 00:00:00-04:00,25.0,25.329999923706055,24.385000228881836,24.709999084472656,24.709999084472656,134200
2020-08-25 00:00:00-04:00,24.850000381469727,25.030000686645508,24.450000762939453,24.790000915527344,24.790000915527344,54600
2020-08-26 00:00:00-04:00,24.799999237060547,25.010000228881836,24.479999542236328,24.850000381469727,24.850000381469727,57900
2020-08-27 00:00:00-04:00,25.100000381469727,25.799999237060547,25.09000015258789,25.290000915527344,25.290000915527344,142500
2020-08-28 00:00:00-04:00,25.579999923706055,25.895000457763672,25.290000915527344,25.850000381469727,25.850000381469727,127200
2020-08-31 00:00:00-04:00,25.59000015258789,25.850000381469727,23.670000076293945,23.93000030517578,23.93000030517578,163100
2020-09-01 00:00:00-04:00,23.639999389648438,24.5,23.489999771118164,24.399999618530273,24.399999618530273,78500
2020-09-02 00:00:00-04:00,24.350000381469727,24.780000686645508,23.899999618530273,24.649999618530273,24.649999618530273,175600
2020-09-03 00:00:00-04:00,24.760000228881836,25.09000015258789,22.3799991607666,22.600000381469727,22.600000381469727,239300
2020-09-04 00:00:00-04:00,23.1200008392334,23.274999618530273,21.65999984741211,22.31999969482422,22.31999969482422,83800
2020-09-08 00:00:00-04:00,22.0,22.40999984741211,21.600000381469727,22.299999237060547,22.299999237060547,170800
2020-09-09 00:00:00-04:00,22.65999984741211,23.43000030517578,22.170000076293945,23.049999237060547,23.049999237060547,282400
2020-09-10 00:00:00-04:00,22.959999084472656,24.200000762939453,22.959999084472656,23.40999984741211,23.40999984741211,247500
2020-09-11 00:00:00-04:00,23.65999984741211,23.860000610351562,22.09000015258789,22.940000534057617,22.940000534057617,119000
2020-09-14 00:00:00-04:00,23.309999465942383,24.3799991607666,23.299999237060547,23.979999542236328,23.979999542236328,176900
2020-09-15 00:00:00-04:00,24.360000610351562,24.950000762939453,23.780000686645508,24.3700008392334,24.3700008392334,114200
2020-09-16 00:00:00-04:00,24.739999771118164,24.739999771118164,23.8799991607666,23.899999618530273,23.899999618530273,79600
2020-09-17 00:00:00-04:00,23.18000030517578,23.639999389648438,22.81999969482422,23.56999969482422,23.56999969482422,92200
2020-09-18 00:00:00-04:00,23.809999465942383,24.030000686645508,22.399999618530273,22.639999389648438,22.639999389648438,431600
2020-09-21 00:00:00-04:00,21.84000015258789,22.809999465942383,21.5,22.739999771118164,22.739999771118164,145300
2020-09-22 00:00:00-04:00,22.950000762939453,24.079999923706055,22.950000762939453,23.899999618530273,23.899999618530273,130000
2020-09-23 00:00:00-04:00,24.010000228881836,24.100000381469727,23.09000015258789,23.360000610351562,23.360000610351562,149700
2020-09-24 00:00:00-04:00,23.420000076293945,24.06999969482422,22.790000915527344,23.84000015258789,23.84000015258789,142100
2020-09-25 00:00:00-04:00,23.81999969482422,25.68000030517578,23.790000915527344,25.34000015258789,25.34000015258789,139800
2020-09-28 00:00:00-04:00,25.93000030517578,25.93000030517578,25.420000076293945,25.75,25.75,156100
2020-09-29 00:00:00-04:00,25.649999618530273,25.75,25.030000686645508,25.610000610351562,25.610000610351562,166700
2020-09-30 00:00:00-04:00,25.84000015258789,26.959999084472656,25.84000015258789,26.270000457763672,26.270000457763672,298300
2020-10-01 00:00:00-04:00,26.610000610351562,27.3799991607666,25.93000030517578,26.850000381469727,26.850000381469727,149800
2020-10-02 00:00:00-04:00,26.1200008392334,28.049999237060547,25.639999389648438,27.520000457763672,27.520000457763672,126300
2020-10-05 00:00:00-04:00,27.760000228881836,27.760000228881836,26.299999237060547,26.729999542236328,26.729999542236328,89700
2020-10-06 00:00:00-04:00,27.030000686645508,27.030000686645508,25.389999389648438,25.479999542236328,25.479999542236328,155900
2020-10-07 00:00:00-04:00,25.68000030517578,26.8799991607666,25.270000457763672,25.950000762939453,25.950000762939453,525400
2020-10-08 00:00:00-04:00,26.600000381469727,26.700000762939453,25.1299991607666,25.389999389648438,25.389999389648438,211900
2020-10-09 00:00:00-04:00,25.649999618530273,25.81399917602539,24.450000762939453,24.75,24.75,153300
2020-10-12 00:00:00-04:00,24.760000228881836,24.84000015258789,23.3700008392334,23.389999389648438,23.389999389648438,204500
2020-10-13 00:00:00-04:00,23.1200008392334,24.719999313354492,22.59000015258789,24.200000762939453,24.200000762939453,138900
2020-10-14 00:00:00-04:00,24.18000030517578,24.5,23.959999084472656,24.049999237060547,24.049999237060547,102300
2020-10-15 00:00:00-04:00,23.75,24.510000228881836,23.5,24.440000534057617,24.440000534057617,100800
2020-10-16 00:00:00-04:00,24.239999771118164,24.5,23.93000030517578,24.100000381469727,24.100000381469727,71300
2020-10-19 00:00:00-04:00,24.079999923706055,24.309999465942383,23.270000457763672,23.360000610351562,23.360000610351562,170300
2020-10-20 00:00:00-04:00,23.6200008392334,24.584999084472656,23.280000686645508,23.649999618530273,23.649999618530273,87300
2020-10-21 00:00:00-04:00,23.649999618530273,23.709999084472656,22.389999389648438,22.40999984741211,22.40999984741211,159700
2020-10-22 00:00:00-04:00,22.649999618530273,23.920000076293945,22.350000381469727,23.790000915527344,23.790000915527344,114400
2020-10-23 00:00:00-04:00,23.979999542236328,24.6299991607666,23.670000076293945,24.59000015258789,24.59000015258789,59900
2020-10-26 00:00:00-04:00,24.110000610351562,24.68000030517578,23.90999984741211,24.639999389648438,24.639999389648438,109600
2020-10-27 00:00:00-04:00,24.56999969482422,24.75,23.81999969482422,23.950000762939453,23.950000762939453,173600
2020-10-28 00:00:00-04:00,23.649999618530273,24.420000076293945,23.149999618530273,23.75,23.75,130700
2020-10-29 00:00:00-04:00,24.459999084472656,24.6200008392334,22.719999313354492,24.34000015258789,24.34000015258789,376900
2020-10-30 00:00:00-04:00,24.1299991607666,24.540000915527344,23.459999084472656,24.270000457763672,24.270000457763672,222900
2020-11-02 00:00:00-05:00,24.719999313354492,25.200000762939453,24.5,24.8799991607666,24.8799991607666,268900
2020-11-03 00:00:00-05:00,25.43000030517578,26.170000076293945,25.030000686645508,25.75,25.75,226100
2020-11-04 00:00:00-05:00,25.559999465942383,26.93000030517578,25.399999618530273,26.5,26.5,171600
2020-11-05 00:00:00-05:00,26.790000915527344,28.09000015258789,26.790000915527344,28.049999237060547,28.049999237060547,137100
2020-11-06 00:00:00-05:00,28.200000762939453,28.200000762939453,26.559999465942383,27.139999389648438,27.139999389648438,85800
2020-11-09 00:00:00-05:00,29.030000686645508,30.270000457763672,27.68000030517578,27.899999618530273,27.899999618530273,79200
2020-11-10 00:00:00-05:00,27.899999618530273,28.959999084472656,27.229999542236328,27.93000030517578,27.93000030517578,341400
2020-11-11 00:00:00-05:00,27.969999313354492,28.790000915527344,26.899999618530273,27.0,27.0,82700
2020-11-12 00:00:00-05:00,26.920000076293945,28.5,26.270000457763672,28.280000686645508,28.280000686645508,1306300
2020-11-13 00:00:00-05:00,28.59000015258789,29.25,28.399999618530273,28.889999389648438,28.889999389648438,115200
2020-11-16 00:00:00-05:00,29.489999771118164,30.059999465942383,29.280000686645508,30.0,30.0,110600
2020-11-17 00:00:00-05:00,30.0,30.899999618530273,29.30500030517578,30.40999984741211,30.40999984741211,111500
2020-11-18 00:00:00-05:00,30.489999771118164,31.290000915527344,30.170000076293945,30.610000610351562,30.610000610351562,200900
2020-11-19 00:00:00-05:00,33.4900016784668,38.9900016784668,33.4900016784668,37.0099983215332,37.0099983215332,1013500
2020-11-20 00:00:00-05:00,39.5,48.72999954223633,38.68000030517578,48.400001525878906,48.400001525878906,1576700
2020-11-23 00:00:00-05:00,48.52000045776367,49.27000045776367,44.54999923706055,45.540000915527344,45.540000915527344,944800
2020-11-24 00:00:00-05:00,48.439998626708984,49.79999923706055,45.79999923706055,46.0,46.0,768600
2020-11-25 00:00:00-05:00,47.5099983215332,49.45000076293945,46.88999938964844,47.5099983215332,47.5099983215332,912300
2020-11-27 00:00:00-05:00,48.59000015258789,48.630001068115234,46.13999938964844,46.599998474121094,46.599998474121094,214700
2020-11-30 00:00:00-05:00,46.20000076293945,46.93000030517578,43.849998474121094,44.43000030517578,44.43000030517578,363700
2020-12-01 00:00:00-05:00,44.16999816894531,45.65999984741211,42.11000061035156,44.27000045776367,44.27000045776367,978200
2020-12-02 00:00:00-05:00,43.61000061035156,45.41999816894531,42.150001525878906,44.11000061035156,44.11000061035156,623700
2020-12-03 00:00:00-05:00,44.220001220703125,48.27000045776367,44.17499923706055,44.86000061035156,44.86000061035156,737900
2020-12-04 00:00:00-05:00,45.20000076293945,45.939998626708984,43.52000045776367,45.709999084472656,45.709999084472656,360300
2020-12-07 00:00:00-05:00,45.47999954223633,49.20000076293945,44.439998626708984,48.5,48.5,621000
2020-12-08 00:00:00-05:00,47.81999969482422,49.47999954223633,47.529998779296875,48.47999954223633,48.47999954223633,488700
2020-12-09 00:00:00-05:00,48.25,51.0,48.25,48.7599983215332,48.7599983215332,505300
2020-12-10 00:00:00-05:00,48.099998474121094,48.290000915527344,43.005001068115234,44.380001068115234,44.380001068115234,638500
2020-12-11 00:00:00-05:00,44.5,45.630001068115234,43.80500030517578,44.189998626708984,44.189998626708984,218200
2020-12-14 00:00:00-05:00,44.400001525878906,45.279998779296875,43.58700180053711,44.02000045776367,44.02000045776367,160200
2020-12-15 00:00:00-05:00,44.33000183105469,47.54999923706055,43.7599983215332,46.45000076293945,46.45000076293945,225700
2020-12-16 00:00:00-05:00,46.130001068115234,46.95000076293945,45.040000915527344,46.79999923706055,46.79999923706055,168700
2020-12-17 00:00:00-05:00,46.45000076293945,48.060001373291016,45.529998779296875,47.75,47.75,167500
2020-12-18 00:00:00-05:00,47.72999954223633,48.18000030517578,44.58000183105469,45.4900016784668,45.4900016784668,460200
2020-12-21 00:00:00-05:00,44.38999938964844,46.0099983215332,43.540000915527344,44.5,44.5,248200
2020-12-22 00:00:00-05:00,44.619998931884766,47.98500061035156,44.040000915527344,47.47999954223633,47.47999954223633,373100
2020-12-23 00:00:00-05:00,47.38999938964844,52.97999954223633,47.0,49.13999938964844,49.13999938964844,380800
2020-12-24 00:00:00-05:00,49.369998931884766,50.290000915527344,47.20000076293945,48.81999969482422,48.81999969482422,126600
2020-12-28 00:00:00-05:00,49.439998626708984,50.5,46.61000061035156,46.900001525878906,46.900001525878906,173600
2020-12-29 00:00:00-05:00,47.279998779296875,47.459999084472656,44.84199905395508,45.650001525878906,45.650001525878906,139800
2020-12-30 00:00:00-05:00,46.0,48.91999816894531,45.709999084472656,48.15999984741211,48.15999984741211,166800
2020-12-31 00:00:00-05:00,48.29999923706055,51.349998474121094,47.599998474121094,50.22999954223633,50.22999954223633,350500
2021-01-04 00:00:00-05:00,50.31999969482422,51.7599983215332,45.54999923706055,46.5,46.5,389400
2021-01-05 00:00:00-05:00,46.43000030517578,50.0,46.43000030517578,48.97999954223633,48.97999954223633,150700
2021-01-06 00:00:00-05:00,49.43000030517578,54.849998474121094,48.20000076293945,49.630001068115234,49.630001068115234,609300
2021-01-07 00:00:00-05:00,50.0,50.65999984741211,48.119998931884766,48.18000030517578,48.18000030517578,198600
2021-01-08 00:00:00-05:00,48.75,48.83000183105469,47.08000183105469,47.36000061035156,47.36000061035156,183000
2021-01-11 00:00:00-05:00,46.369998931884766,50.290000915527344,46.369998931884766,49.52000045776367,49.52000045776367,193400
2021-01-12 00:00:00-05:00,50.599998474121094,51.79999923706055,49.095001220703125,51.5099983215332,51.5099983215332,230800
2021-01-13 00:00:00-05:00,51.630001068115234,52.119998931884766,50.4900016784668,51.43000030517578,51.43000030517578,206300
2021-01-14 00:00:00-05:00,54.09000015258789,54.09000015258789,50.41999816894531,51.619998931884766,51.619998931884766,287300
2021-01-15 00:00:00-05:00,50.5,52.5,49.68000030517578,52.40999984741211,52.40999984741211,334300
2021-01-19 00:00:00-05:00,52.91999816894531,54.400001525878906,47.810001373291016,48.709999084472656,48.709999084472656,411500
2021-01-20 00:00:00-05:00,49.0,49.845001220703125,47.38999938964844,48.56999969482422,48.56999969482422,227900
2021-01-21 00:00:00-05:00,49.27000045776367,50.83000183105469,46.808998107910156,50.65999984741211,50.65999984741211,247900
2021-01-22 00:00:00-05:00,49.459999084472656,53.7599983215332,49.0,53.2599983215332,53.2599983215332,495800
2021-01-25 00:00:00-05:00,55.4900016784668,58.0,53.400001525878906,55.5,55.5,920100
2021-01-26 00:00:00-05:00,56.33000183105469,59.11000061035156,52.31999969482422,52.869998931884766,52.869998931884766,766900
2021-01-27 00:00:00-05:00,51.310001373291016,53.79999923706055,49.599998474121094,51.27000045776367,51.27000045776367,290600
2021-01-28 00:00:00-05:00,51.869998931884766,55.279998779296875,51.52000045776367,53.720001220703125,53.720001220703125,295200
2021-01-29 00:00:00-05:00,52.529998779296875,55.630001068115234,52.25,52.47999954223633,52.47999954223633,344800
2021-02-01 00:00:00-05:00,52.90999984741211,54.04999923706055,49.779998779296875,52.36000061035156,52.36000061035156,316500
2021-02-02 00:00:00-05:00,53.04999923706055,54.58000183105469,52.119998931884766,54.400001525878906,54.400001525878906,205100
2021-02-03 00:00:00-05:00,54.86000061035156,56.0,54.040000915527344,55.52000045776367,55.52000045776367,221400
2021-02-04 00:00:00-05:00,55.54999923706055,57.15999984741211,54.529998779296875,54.959999084472656,54.959999084472656,202800
2021-02-05 00:00:00-05:00,55.77000045776367,56.58000183105469,53.810001373291016,54.90999984741211,54.90999984741211,408800
2021-02-08 00:00:00-05:00,55.43000030517578,56.84000015258789,53.880001068115234,56.560001373291016,56.560001373291016,242600
2021-02-09 00:00:00-05:00,57.36000061035156,60.529998779296875,56.83000183105469,59.79999923706055,59.79999923706055,270400
2021-02-10 00:00:00-05:00,60.369998931884766,61.34000015258789,58.79999923706055,60.380001068115234,60.380001068115234,254800
2021-02-11 00:00:00-05:00,60.849998474121094,61.31999969482422,57.22999954223633,57.619998931884766,57.619998931884766,342500
2021-02-12 00:00:00-05:00,56.900001525878906,59.75,56.900001525878906,59.61000061035156,59.61000061035156,146700
2021-02-16 00:00:00-05:00,59.880001068115234,62.06999969482422,59.185001373291016,61.06999969482422,61.06999969482422,243000
2021-02-17 00:00:00-05:00,60.150001525878906,60.665000915527344,57.650001525878906,60.02000045776367,60.02000045776367,376300
2021-02-18 00:00:00-05:00,59.400001525878906,60.59000015258789,58.59000015258789,58.790000915527344,58.790000915527344,183200
2021-02-19 00:00:00-05:00,59.20000076293945,60.59000015258789,58.22800064086914,60.08000183105469,60.08000183105469,155800
2021-02-22 00:00:00-05:00,59.650001525878906,62.5099983215332,59.650001525878906,60.4900016784668,60.4900016784668,378500
2021-02-23 00:00:00-05:00,59.790000915527344,63.165000915527344,57.00400161743164,62.95000076293945,62.95000076293945,303900
2021-02-24 00:00:00-05:00,64.48999786376953,66.97000122070312,63.119998931884766,65.83999633789062,65.83999633789062,538800
2021-02-25 00:00:00-05:00,65.58000183105469,66.5,62.70000076293945,63.470001220703125,63.470001220703125,368400
2021-02-26 00:00:00-05:00,64.0,64.32499694824219,58.65999984741211,59.52000045776367,59.52000045776367,705600
2021-03-01 00:00:00-05:00,60.5099983215332,64.95999908447266,60.5099983215332,64.41999816894531,64.41999816894531,392400
2021-03-02 00:00:00-05:00,64.5,64.91000366210938,61.52000045776367,62.75,62.75,1247500
2021-03-03 00:00:00-05:00,63.91999816894531,64.70500183105469,60.349998474121094,60.61000061035156,60.61000061035156,468100
2021-03-04 00:00:00-05:00,58.540000915527344,61.40700149536133,47.65999984741211,52.29999923706055,52.29999923706055,1015500
2021-03-05 00:00:00-05:00,57.349998474121094,60.709999084472656,52.0,59.56999969482422,59.56999969482422,1001100
2021-03-08 00:00:00-05:00,59.529998779296875,65.16100311279297,59.529998779296875,64.63999938964844,64.63999938964844,571500
2021-03-09 00:00:00-05:00,66.19000244140625,67.33000183105469,63.0,63.61000061035156,63.61000061035156,380300
2021-03-10 00:00:00-05:00,63.310001373291016,69.56999969482422,63.310001373291016,69.12999725341797,69.12999725341797,343500
2021-03-11 00:00:00-05:00,70.58000183105469,73.5199966430664,68.7699966430664,72.69999694824219,72.69999694824219,325900
2021-03-12 00:00:00-05:00,71.7699966430664,73.26000213623047,70.62999725341797,71.58000183105469,71.58000183105469,179600
2021-03-15 00:00:00-04:00,71.3499984741211,74.72000122070312,71.3499984741211,72.61000061035156,72.61000061035156,279600
2021-03-16 00:00:00-04:00,72.51000213623047,72.66000366210938,67.62999725341797,69.37999725341797,69.37999725341797,289600
2021-03-17 00:00:00-04:00,69.5,72.25,68.19999694824219,72.12000274658203,72.12000274658203,218700
2021-03-18 00:00:00-04:00,71.30999755859375,71.62000274658203,66.55999755859375,67.33999633789062,67.33999633789062,180300
2021-03-19 00:00:00-04:00,67.58000183105469,69.12200164794922,65.4800033569336,68.69999694824219,68.69999694824219,285400
2021-03-22 00:00:00-04:00,69.7300033569336,69.80999755859375,66.91999816894531,68.97000122070312,68.97000122070312,159400
2021-03-23 00:00:00-04:00,67.9800033569336,68.58999633789062,64.58000183105469,66.33999633789062,66.33999633789062,228800
2021-03-24 00:00:00-04:00,69.0,72.87999725341797,67.45999908447266,68.05999755859375,68.05999755859375,1040700
2021-03-25 00:00:00-04:00,66.62999725341797,74.88999938964844,64.91999816894531,73.62999725341797,73.62999725341797,801300
2021-03-26 00:00:00-04:00,74.0,75.91999816894531,68.13999938964844,69.8499984741211,69.8499984741211,540700
2021-03-29 00:00:00-04:00,68.58999633789062,70.55000305175781,63.150001525878906,63.7400016784668,63.7400016784668,367100
2021-03-30 00:00:00-04:00,63.65999984741211,67.5999984741211,63.474998474121094,66.06999969482422,66.06999969482422,364200
2021-03-31 00:00:00-04:00,66.0,67.51000213623047,64.33000183105469,64.9800033569336,64.9800033569336,320600
2021-04-01 00:00:00-04:00,65.97000122070312,67.27999877929688,63.75,65.29000091552734,65.29000091552734,361600
2021-04-05 00:00:00-04:00,67.5199966430664,67.98999786376953,65.69999694824219,66.94999694824219,66.94999694824219,290200
2021-04-06 00:00:00-04:00,67.4800033569336,68.73799896240234,64.12999725341797,64.37999725341797,64.37999725341797,200700
2021-04-07 00:00:00-04:00,64.63999938964844,65.05000305175781,61.2599983215332,62.0099983215332,62.0099983215332,320500
2021-04-08 00:00:00-04:00,62.91999816894531,64.33999633789062,61.209999084472656,62.0,62.0,462900
2021-04-09 00:00:00-04:00,61.61000061035156,63.15700149536133,60.47999954223633,61.70000076293945,61.70000076293945,299600
2021-04-12 00:00:00-04:00,61.47999954223633,61.75,59.33000183105469,60.79999923706055,60.79999923706055,282000
2021-04-13 00:00:00-04:00,54.869998931884766,56.0,51.939998626708984,54.29999923706055,54.29999923706055,3310400
2021-04-14 00:00:00-04:00,54.75,55.54999923706055,52.6349983215332,53.2599983215332,53.2599983215332,1371500
2021-04-15 00:00:00-04:00,53.380001068115234,61.5,52.52000045776367,57.81999969482422,57.81999969482422,2503400
2021-04-16 00:00:00-04:00,58.939998626708984,61.459999084472656,57.92599868774414,58.779998779296875,58.779998779296875,4928600
2021-04-19 00:00:00-04:00,59.70000076293945,59.83000183105469,55.900001525878906,56.84000015258789,56.84000015258789,2261200
2021-04-20 00:00:00-04:00,57.41999816894531,57.45000076293945,53.619998931884766,54.97999954223633,54.97999954223633,2856200
2021-04-21 00:00:00-04:00,55.540000915527344,57.95000076293945,54.2400016784668,57.290000915527344,57.290000915527344,689300
2021-04-22 00:00:00-04:00,57.79999923706055,59.16999816894531,56.275001525878906,57.720001220703125,57.720001220703125,844700
2021-04-23 00:00:00-04:00,57.84000015258789,59.66999816894531,57.3650016784668,59.08000183105469,59.08000183105469,674400
2021-04-26 00:00:00-04:00,59.04999923706055,60.63999938964844,58.70000076293945,59.90999984741211,59.90999984741211,432900
2021-04-27 00:00:00-04:00,59.9900016784668,62.7599983215332,59.540000915527344,59.599998474121094,59.599998474121094,658400
2021-04-28 00:00:00-04:00,59.540000915527344,61.099998474121094,58.83000183105469,59.75,59.75,1044400
2021-04-29 00:00:00-04:00,59.90999984741211,60.96500015258789,58.41999816894531,59.040000915527344,59.040000915527344,414800
2021-04-30 00:00:00-04:00,58.11000061035156,60.0,57.869998931884766,57.959999084472656,57.959999084472656,456500
2021-05-03 00:00:00-04:00,58.65999984741211,60.650001525878906,58.40999984741211,59.040000915527344,59.040000915527344,334600
2021-05-04 00:00:00-04:00,59.38999938964844,59.38999938964844,56.150001525878906,57.9900016784668,57.9900016784668,524300
2021-05-05 00:00:00-04:00,58.4900016784668,59.94499969482422,58.029998779296875,58.619998931884766,58.619998931884766,388900
2021-05-06 00:00:00-04:00,58.2400016784668,58.54999923706055,54.130001068115234,56.599998474121094,56.599998474121094,636000
2021-05-07 00:00:00-04:00,55.88999938964844,58.83000183105469,55.88999938964844,58.27000045776367,58.27000045776367,426600
2021-05-10 00:00:00-04:00,56.81999969482422,57.88999938964844,54.90999984741211,55.16999816894531,55.16999816894531,741600
2021-05-11 00:00:00-04:00,52.720001220703125,57.119998931884766,52.34000015258789,56.189998626708984,56.189998626708984,574200
2021-05-12 00:00:00-04:00,55.77000045776367,56.119998931884766,51.369998931884766,51.90999984741211,51.90999984741211,663000
2021-05-13 00:00:00-04:00,52.279998779296875,54.2400016784668,50.95399856567383,53.15999984741211,53.15999984741211,405500
2021-05-14 00:00:00-04:00,53.619998931884766,55.060001373291016,53.130001068115234,53.56999969482422,53.56999969482422,284800
2021-05-17 00:00:00-04:00,52.95000076293945,53.65999984741211,51.84000015258789,53.38999938964844,53.38999938964844,389600
2021-05-18 00:00:00-04:00,53.47999954223633,55.18000030517578,52.939998626708984,53.0099983215332,53.0099983215332,361300
2021-05-19 00:00:00-04:00,51.81999969482422,53.150001525878906,51.09000015258789,53.130001068115234,53.130001068115234,498100
2021-05-20 00:00:00-04:00,53.13999938964844,53.849998474121094,51.58000183105469,53.560001373291016,53.560001373291016,382800
2021-05-21 00:00:00-04:00,54.650001525878906,54.97999954223633,52.93000030517578,53.209999084472656,53.209999084472656,201600
2021-05-24 00:00:00-04:00,53.20000076293945,55.900001525878906,52.75,55.220001220703125,55.220001220703125,496500
2021-05-25 00:00:00-04:00,55.540000915527344,56.61000061035156,55.040000915527344,55.150001525878906,55.150001525878906,512700
2021-05-26 00:00:00-04:00,55.02000045776367,57.25,54.9109992980957,56.97999954223633,56.97999954223633,342400
2021-05-27 00:00:00-04:00,57.810001373291016,58.59000015258789,56.45000076293945,58.279998779296875,58.279998779296875,391100
2021-05-28 00:00:00-04:00,58.279998779296875,59.040000915527344,56.68000030517578,58.029998779296875,58.029998779296875,557500
2021-06-01 00:00:00-04:00,58.7599983215332,59.400001525878906,57.59000015258789,58.54999923706055,58.54999923706055,279400
2021-06-02 00:00:00-04:00,58.58000183105469,59.63999938964844,56.540000915527344,59.630001068115234,59.630001068115234,482100
2021-06-03 00:00:00-04:00,58.779998779296875,58.86000061035156,56.61000061035156,57.15999984741211,57.15999984741211,382500
2021-06-04 00:00:00-04:00,57.540000915527344,58.18000030517578,55.25,55.84000015258789,55.84000015258789,393100
2021-06-07 00:00:00-04:00,55.83000183105469,57.650001525878906,55.83000183105469,55.939998626708984,55.939998626708984,543700
2021-06-08 00:00:00-04:00,56.220001220703125,56.849998474121094,54.06399917602539,55.02000045776367,55.02000045776367,409800
2021-06-09 00:00:00-04:00,55.54999923706055,55.79999923706055,53.529998779296875,53.70000076293945,53.70000076293945,415800
2021-06-10 00:00:00-04:00,54.11000061035156,54.56999969482422,50.88999938964844,52.47999954223633,52.47999954223633,346500
2021-06-11 00:00:00-04:00,52.68000030517578,54.029998779296875,52.52000045776367,52.75,52.75,235500
2021-06-14 00:00:00-04:00,53.04999923706055,53.880001068115234,51.97999954223633,52.209999084472656,52.209999084472656,264500
2021-06-15 00:00:00-04:00,52.0099983215332,53.36899948120117,51.459999084472656,51.779998779296875,51.779998779296875,367700
2021-06-16 00:00:00-04:00,51.47999954223633,52.83000183105469,51.060001373291016,52.68000030517578,52.68000030517578,609200
2021-06-17 00:00:00-04:00,52.439998626708984,53.77000045776367,50.65999984741211,50.900001525878906,50.900001525878906,653400
2021-06-18 00:00:00-04:00,50.0099983215332,51.59000015258789,49.54499816894531,51.4900016784668,51.4900016784668,890700
2021-06-21 00:00:00-04:00,52.56999969482422,53.709999084472656,51.970001220703125,52.650001525878906,52.650001525878906,362100
2021-06-22 00:00:00-04:00,52.189998626708984,54.029998779296875,52.060001373291016,53.619998931884766,53.619998931884766,348300
2021-06-23 00:00:00-04:00,53.63999938964844,55.0,53.18000030517578,54.97999954223633,54.97999954223633,325500
2021-06-24 00:00:00-04:00,55.54999923706055,55.779998779296875,54.25,54.75,54.75,481100
2021-06-25 00:00:00-04:00,55.150001525878906,55.59000015258789,53.459999084472656,53.599998474121094,53.599998474121094,1708500
2021-06-28 00:00:00-04:00,55.220001220703125,55.22999954223633,51.72999954223633,53.279998779296875,53.279998779296875,347400
2021-06-29 00:00:00-04:00,53.84000015258789,54.400001525878906,53.20000076293945,53.400001525878906,53.400001525878906,242000
2021-06-30 00:00:00-04:00,53.34000015258789,54.26499938964844,52.40999984741211,54.11000061035156,54.11000061035156,402000
2021-07-01 00:00:00-04:00,54.560001373291016,55.130001068115234,53.6150016784668,53.84000015258789,53.84000015258789,158900
2021-07-02 00:00:00-04:00,53.90999984741211,55.029998779296875,52.099998474121094,52.41999816894531,52.41999816894531,231600
2021-07-06 00:00:00-04:00,52.369998931884766,52.70000076293945,51.29499816894531,51.84000015258789,51.84000015258789,216600
2021-07-07 00:00:00-04:00,51.58000183105469,51.814998626708984,49.11000061035156,49.7599983215332,49.7599983215332,503700
2021-07-08 00:00:00-04:00,48.849998474121094,51.13999938964844,48.22999954223633,50.220001220703125,50.220001220703125,352900
2021-07-09 00:00:00-04:00,50.790000915527344,52.220001220703125,50.22999954223633,52.02000045776367,52.02000045776367,143600
2021-07-12 00:00:00-04:00,51.95000076293945,52.60499954223633,50.709999084472656,52.459999084472656,52.459999084472656,245100
2021-07-13 00:00:00-04:00,52.25,52.400001525878906,50.810001373291016,51.2400016784668,51.2400016784668,201600
2021-07-14 00:00:00-04:00,51.52000045776367,52.099998474121094,49.15999984741211,49.5099983215332,49.5099983215332,351200
2021-07-15 00:00:00-04:00,49.2599983215332,49.52000045776367,47.560001373291016,48.18000030517578,48.18000030517578,228900
2021-07-16 00:00:00-04:00,48.84000015258789,48.84000015258789,46.4109992980957,47.150001525878906,47.150001525878906,303500
2021-07-19 00:00:00-04:00,45.16999816894531,46.650001525878906,44.5099983215332,45.119998931884766,45.119998931884766,420400
2021-07-20 00:00:00-04:00,45.619998931884766,46.65999984741211,44.43000030517578,45.75,45.75,435300
2021-07-21 00:00:00-04:00,46.66999816894531,47.72999954223633,45.959999084472656,46.900001525878906,46.900001525878906,328700
2021-07-22 00:00:00-04:00,46.470001220703125,46.56999969482422,44.55500030517578,46.52000045776367,46.52000045776367,411300
2021-07-23 00:00:00-04:00,46.959999084472656,47.310001373291016,46.18000030517578,46.369998931884766,46.369998931884766,205500
2021-07-26 00:00:00-04:00,47.599998474121094,49.58000183105469,46.529998779296875,48.86000061035156,48.86000061035156,377700
2021-07-27 00:00:00-04:00,48.11000061035156,49.560001373291016,47.560001373291016,49.560001373291016,49.560001373291016,363700
2021-07-28 00:00:00-04:00,50.099998474121094,51.4900016784668,48.93000030517578,50.27000045776367,50.27000045776367,289400
2021-07-29 00:00:00-04:00,50.9900016784668,51.13999938964844,49.029998779296875,49.290000915527344,49.290000915527344,218000
2021-07-30 00:00:00-04:00,49.150001525878906,50.72999954223633,49.0,49.25,49.25,314800
2021-08-02 00:00:00-04:00,49.29999923706055,50.66999816894531,49.0,49.27000045776367,49.27000045776367,169400
2021-08-03 00:00:00-04:00,49.25,49.25,47.119998931884766,47.880001068115234,47.880001068115234,388900
2021-08-04 00:00:00-04:00,47.380001068115234,49.15999984741211,47.380001068115234,47.959999084472656,47.959999084472656,211600
2021-08-05 00:00:00-04:00,47.970001220703125,52.34000015258789,47.970001220703125,51.369998931884766,51.369998931884766,509300
2021-08-06 00:00:00-04:00,52.290000915527344,53.720001220703125,51.275001525878906,53.47999954223633,53.47999954223633,430900
2021-08-09 00:00:00-04:00,49.720001220703125,54.75,49.720001220703125,53.220001220703125,53.220001220703125,478300
2021-08-10 00:00:00-04:00,53.0,53.084999084472656,50.875,51.2599983215332,51.2599983215332,602100
2021-08-11 00:00:00-04:00,51.66999816894531,52.220001220703125,50.40999984741211,50.75,50.75,412300
2021-08-12 00:00:00-04:00,50.93000030517578,51.02000045776367,49.029998779296875,49.689998626708984,49.689998626708984,233400
2021-08-13 00:00:00-04:00,50.06999969482422,50.06999969482422,47.400001525878906,48.0099983215332,48.0099983215332,282700
2021-08-16 00:00:00-04:00,47.400001525878906,47.8650016784668,46.849998474121094,47.36000061035156,47.36000061035156,401800
2021-08-17 00:00:00-04:00,46.97999954223633,47.189998626708984,44.529998779296875,44.619998931884766,44.619998931884766,647100
2021-08-18 00:00:00-04:00,44.400001525878906,45.8650016784668,44.189998626708984,45.040000915527344,45.040000915527344,1086000
2021-08-19 00:00:00-04:00,44.68000030517578,45.70000076293945,43.95000076293945,44.290000915527344,44.290000915527344,463600
2021-08-20 00:00:00-04:00,43.939998626708984,45.11000061035156,43.720001220703125,45.060001373291016,45.060001373291016,246100
2021-08-23 00:00:00-04:00,45.5099983215332,47.25,45.323001861572266,46.97999954223633,46.97999954223633,177000
2021-08-24 00:00:00-04:00,47.33000183105469,48.91999816894531,47.0099983215332,48.709999084472656,48.709999084472656,256700
2021-08-25 00:00:00-04:00,48.790000915527344,51.31999969482422,48.63999938964844,50.279998779296875,50.279998779296875,377800
2021-08-26 00:00:00-04:00,50.29999923706055,52.5,49.54999923706055,50.369998931884766,50.369998931884766,374800
2021-08-27 00:00:00-04:00,50.369998931884766,52.02299880981445,50.34000015258789,51.75,51.75,401000
2021-08-30 00:00:00-04:00,51.720001220703125,51.790000915527344,50.439998626708984,50.47999954223633,50.47999954223633,159000
2021-08-31 00:00:00-04:00,50.16999816894531,50.72999954223633,49.099998474121094,50.2400016784668,50.2400016784668,317000
2021-09-01 00:00:00-04:00,50.79999923706055,50.79999923706055,48.7400016784668,48.7599983215332,48.7599983215332,386300
2021-09-02 00:00:00-04:00,49.08000183105469,50.060001373291016,48.38999938964844,48.869998931884766,48.869998931884766,312000
2021-09-03 00:00:00-04:00,48.869998931884766,49.209999084472656,46.099998474121094,48.0,48.0,254600
2021-09-07 00:00:00-04:00,48.34000015258789,50.310001373291016,48.18000030517578,50.040000915527344,50.040000915527344,509000
2021-09-08 00:00:00-04:00,49.529998779296875,49.96500015258789,47.560001373291016,47.58000183105469,47.58000183105469,234300
2021-09-09 00:00:00-04:00,47.880001068115234,49.722999572753906,47.439998626708984,48.290000915527344,48.290000915527344,396500
2021-09-10 00:00:00-04:00,48.25,48.88999938964844,47.2400016784668,47.25,47.25,677700
2021-09-13 00:00:00-04:00,47.939998626708984,47.939998626708984,45.29999923706055,45.77000045776367,45.77000045776367,228600
2021-09-14 00:00:00-04:00,45.61000061035156,46.290000915527344,44.52000045776367,45.09000015258789,45.09000015258789,335300
2021-09-15 00:00:00-04:00,44.220001220703125,45.3650016784668,44.02000045776367,44.81999969482422,44.81999969482422,380500
2021-09-16 00:00:00-04:00,44.849998474121094,45.599998474121094,44.45000076293945,44.66999816894531,44.66999816894531,494000
2021-09-17 00:00:00-04:00,45.22999954223633,45.5,43.810001373291016,44.16999816894531,44.16999816894531,536200
2021-09-20 00:00:00-04:00,42.86000061035156,44.290000915527344,42.66999816894531,42.90999984741211,42.90999984741211,443700
2021-09-21 00:00:00-04:00,43.2599983215332,44.779998779296875,43.15999984741211,44.33000183105469,44.33000183105469,963400
2021-09-22 00:00:00-04:00,44.9900016784668,47.65999984741211,44.69499969482422,47.25,47.25,586000
2021-09-23 00:00:00-04:00,47.470001220703125,50.060001373291016,47.349998474121094,49.59000015258789,49.59000015258789,745200
2021-09-24 00:00:00-04:00,49.279998779296875,51.619998931884766,49.02000045776367,50.970001220703125,50.970001220703125,655500
2021-09-27 00:00:00-04:00,51.040000915527344,54.2599983215332,51.025001525878906,53.81999969482422,53.81999969482422,664900
2021-09-28 00:00:00-04:00,53.61000061035156,54.47999954223633,52.5,52.970001220703125,52.970001220703125,508200
2021-09-29 00:00:00-04:00,53.220001220703125,53.75,51.290000915527344,51.619998931884766,51.619998931884766,427900
2021-09-30 00:00:00-04:00,52.060001373291016,52.060001373291016,49.790000915527344,50.13999938964844,50.13999938964844,580800
2021-10-01 00:00:00-04:00,50.779998779296875,53.689998626708984,50.76499938964844,53.08000183105469,53.08000183105469,601700
2021-10-04 00:00:00-04:00,55.029998779296875,55.029998779296875,52.81999969482422,53.15999984741211,53.15999984741211,495300
2021-10-05 00:00:00-04:00,53.2400016784668,53.86000061035156,50.099998474121094,51.5099983215332,51.5099983215332,556000
2021-10-06 00:00:00-04:00,50.95000076293945,53.43000030517578,49.9900016784668,53.38999938964844,53.38999938964844,587800
2021-10-07 00:00:00-04:00,53.84000015258789,53.95000076293945,51.90999984741211,52.720001220703125,52.720001220703125,451800
2021-10-08 00:00:00-04:00,52.61000061035156,52.83000183105469,50.56999969482422,51.150001525878906,51.150001525878906,320500
2021-10-11 00:00:00-04:00,51.16999816894531,51.5,49.59000015258789,50.0099983215332,50.0099983215332,389400
2021-10-12 00:00:00-04:00,50.560001373291016,51.099998474121094,49.040000915527344,50.56999969482422,50.56999969482422,519500
2021-10-13 00:00:00-04:00,50.5,50.5,49.16999816894531,49.369998931884766,49.369998931884766,241100
2021-10-14 00:00:00-04:00,49.869998931884766,49.959999084472656,48.941001892089844,49.650001525878906,49.650001525878906,316600
2021-10-15 00:00:00-04:00,51.09000015258789,51.90999984741211,49.96099853515625,51.060001373291016,51.060001373291016,498600
2021-10-18 00:00:00-04:00,50.310001373291016,51.8849983215332,50.0099983215332,51.16999816894531,51.16999816894531,357600
2021-10-19 00:00:00-04:00,51.59000015258789,51.59000015258789,50.209999084472656,50.79999923706055,50.79999923706055,345700
2021-10-20 00:00:00-04:00,50.79999923706055,51.90999984741211,49.52000045776367,49.630001068115234,49.630001068115234,403700
2021-10-21 00:00:00-04:00,49.380001068115234,50.41999816894531,48.9900016784668,49.22999954223633,49.22999954223633,206000
2021-10-22 00:00:00-04:00,49.02000045776367,49.9900016784668,48.40999984741211,49.5,49.5,277000
2021-10-25 00:00:00-04:00,48.95000076293945,49.810001373291016,48.33000183105469,49.65999984741211,49.65999984741211,185400
2021-10-26 00:00:00-04:00,51.43000030517578,52.334999084472656,51.029998779296875,52.0099983215332,52.0099983215332,751500
2021-10-27 00:00:00-04:00,50.7400016784668,51.15999984741211,50.04999923706055,50.61000061035156,50.61000061035156,548700
2021-10-28 00:00:00-04:00,50.540000915527344,50.939998626708984,46.439998626708984,47.34000015258789,47.34000015258789,808800
2021-10-29 00:00:00-04:00,47.04999923706055,47.904998779296875,44.04999923706055,45.810001373291016,45.810001373291016,1216300
2021-11-01 00:00:00-04:00,45.7400016784668,48.0,45.5,47.36000061035156,47.36000061035156,528700
2021-11-02 00:00:00-04:00,47.0099983215332,47.06999969482422,44.86000061035156,45.38999938964844,45.38999938964844,345000
2021-11-03 00:00:00-04:00,45.189998626708984,46.880001068115234,44.84000015258789,45.54999923706055,45.54999923706055,341600
2021-11-04 00:00:00-04:00,45.220001220703125,45.869998931884766,42.54999923706055,42.939998626708984,42.939998626708984,920500
2021-11-05 00:00:00-04:00,43.810001373291016,46.20000076293945,43.810001373291016,45.22999954223633,45.22999954223633,1298500
2021-11-08 00:00:00-05:00,45.61000061035156,45.61000061035156,43.27000045776367,43.630001068115234,43.630001068115234,802600
2021-11-09 00:00:00-05:00,43.47999954223633,47.189998626708984,42.869998931884766,46.47999954223633,46.47999954223633,1162200
2021-11-10 00:00:00-05:00,46.91999816894531,47.38999938964844,45.7400016784668,46.689998626708984,46.689998626708984,925700
2021-11-11 00:00:00-05:00,46.400001525878906,46.790000915527344,45.29999923706055,46.060001373291016,46.060001373291016,418100
2021-11-12 00:00:00-05:00,46.150001525878906,46.70000076293945,45.61000061035156,46.04999923706055,46.04999923706055,270900
2021-11-15 00:00:00-05:00,46.70000076293945,47.11000061035156,45.45000076293945,46.029998779296875,46.029998779296875,361200
2021-11-16 00:00:00-05:00,45.900001525878906,46.130001068115234,44.720001220703125,46.119998931884766,46.119998931884766,278600
2021-11-17 00:00:00-05:00,45.4900016784668,46.130001068115234,45.34000015258789,45.72999954223633,45.72999954223633,267300
2021-11-18 00:00:00-05:00,45.68000030517578,45.97999954223633,44.16999816894531,44.70000076293945,44.70000076293945,352800
2021-11-19 00:00:00-05:00,44.029998779296875,44.875,43.560001373291016,43.970001220703125,43.970001220703125,612000
2021-11-22 00:00:00-05:00,44.16999816894531,44.56999969482422,41.790000915527344,42.25,42.25,757700
2021-11-23 00:00:00-05:00,42.470001220703125,43.04999923706055,40.779998779296875,41.439998626708984,41.439998626708984,730000
2021-11-24 00:00:00-05:00,40.65999984741211,41.45000076293945,39.439998626708984,41.04999923706055,41.04999923706055,1079300
2021-11-26 00:00:00-05:00,38.810001373291016,42.08000183105469,38.189998626708984,41.11000061035156,41.11000061035156,601300
2021-11-29 00:00:00-05:00,40.0,40.849998474121094,39.029998779296875,39.52000045776367,39.52000045776367,680700
2021-11-30 00:00:00-05:00,38.91999816894531,39.5099983215332,37.63999938964844,38.34000015258789,38.34000015258789,842000
2021-12-01 00:00:00-05:00,39.2599983215332,39.2599983215332,35.529998779296875,35.630001068115234,35.630001068115234,1217500
2021-12-02 00:00:00-05:00,35.91999816894531,37.77000045776367,35.91999816894531,37.470001220703125,37.470001220703125,811800
2021-12-03 00:00:00-05:00,37.22999954223633,37.68000030517578,36.459999084472656,37.310001373291016,37.310001373291016,820300
2021-12-06 00:00:00-05:00,38.119998931884766,39.209999084472656,37.22999954223633,38.369998931884766,38.369998931884766,645500
2021-12-07 00:00:00-05:00,38.9900016784668,40.040000915527344,38.91999816894531,39.20000076293945,39.20000076293945,610900
2021-12-08 00:00:00-05:00,39.459999084472656,40.7400016784668,38.84000015258789,39.310001373291016,39.310001373291016,456300
2021-12-09 00:00:00-05:00,38.689998626708984,39.540000915527344,38.290000915527344,38.84000015258789,38.84000015258789,417800
2021-12-10 00:00:00-05:00,39.18000030517578,39.630001068115234,37.400001525878906,37.439998626708984,37.439998626708984,596600
2021-12-13 00:00:00-05:00,37.0,37.5,35.41999816894531,36.150001525878906,36.150001525878906,547900
2021-12-14 00:00:00-05:00,36.09000015258789,36.61000061035156,35.209999084472656,35.27000045776367,35.27000045776367,671600
2021-12-15 00:00:00-05:00,35.560001373291016,35.560001373291016,33.2400016784668,34.33000183105469,34.33000183105469,589200
2021-12-16 00:00:00-05:00,34.689998626708984,35.130001068115234,33.38999938964844,33.45000076293945,33.45000076293945,613200
2021-12-17 00:00:00-05:00,33.150001525878906,34.81999969482422,32.61000061035156,34.7400016784668,34.7400016784668,731100
2021-12-20 00:00:00-05:00,33.619998931884766,34.7400016784668,33.47999954223633,34.189998626708984,34.189998626708984,713800
2021-12-21 00:00:00-05:00,34.66999816894531,37.529998779296875,34.400001525878906,37.349998474121094,37.349998474121094,720400
2021-12-22 00:00:00-05:00,37.18000030517578,38.27000045776367,37.02000045776367,37.27000045776367,37.27000045776367,495000
2021-12-23 00:00:00-05:00,37.959999084472656,38.22999954223633,37.11000061035156,37.5099983215332,37.5099983215332,403300
2021-12-27 00:00:00-05:00,37.310001373291016,37.73699951171875,36.150001525878906,37.599998474121094,37.599998474121094,542300
2021-12-28 00:00:00-05:00,37.27000045776367,37.93000030517578,36.63999938964844,36.65999984741211,36.65999984741211,474700
2021-12-29 00:00:00-05:00,36.4900016784668,37.619998931884766,36.209999084472656,37.560001373291016,37.560001373291016,563700
2021-12-30 00:00:00-05:00,37.43000030517578,38.66999816894531,37.43000030517578,37.810001373291016,37.810001373291016,426600
2021-12-31 00:00:00-05:00,37.970001220703125,38.779998779296875,37.540000915527344,38.060001373291016,38.060001373291016,397900
2022-01-03 00:00:00-05:00,38.459999084472656,39.380001068115234,37.720001220703125,37.790000915527344,37.790000915527344,527600
2022-01-04 00:00:00-05:00,38.31999969482422,38.665000915527344,36.59000015258789,36.91999816894531,36.91999816894531,291100
2022-01-05 00:00:00-05:00,36.5,37.150001525878906,35.02000045776367,35.33000183105469,35.33000183105469,384400
2022-01-06 00:00:00-05:00,35.470001220703125,36.2400016784668,34.65999984741211,35.689998626708984,35.689998626708984,326700
2022-01-07 00:00:00-05:00,35.599998474121094,37.25,35.369998931884766,36.869998931884766,36.869998931884766,453700
2022-01-10 00:00:00-05:00,36.47999954223633,36.790000915527344,35.70000076293945,36.7400016784668,36.7400016784668,383300
2022-01-11 00:00:00-05:00,36.900001525878906,38.16999816894531,36.65999984741211,37.689998626708984,37.689998626708984,476200
2022-01-12 00:00:00-05:00,38.04999923706055,38.04999923706055,36.0,36.040000915527344,36.040000915527344,242600
2022-01-13 00:00:00-05:00,35.220001220703125,36.685001373291016,34.540000915527344,34.66999816894531,34.66999816894531,373700
2022-01-14 00:00:00-05:00,34.959999084472656,35.10499954223633,32.619998931884766,33.65999984741211,33.65999984741211,594400
2022-01-18 00:00:00-05:00,32.900001525878906,33.810001373291016,31.600000381469727,31.90999984741211,31.90999984741211,630800
2022-01-19 00:00:00-05:00,32.0099983215332,32.21500015258789,30.674999237060547,30.790000915527344,30.790000915527344,490300
2022-01-20 00:00:00-05:00,30.84000015258789,31.665000915527344,29.290000915527344,29.360000610351562,29.360000610351562,943100
2022-01-21 00:00:00-05:00,28.709999084472656,29.260000228881836,27.09000015258789,27.110000610351562,27.110000610351562,1153900
2022-01-24 00:00:00-05:00,26.209999084472656,29.350000381469727,26.110000610351562,29.229999542236328,29.229999542236328,1621400
2022-01-25 00:00:00-05:00,36.0,36.88999938964844,35.150001525878906,35.849998474121094,35.849998474121094,5640000
2022-01-26 00:00:00-05:00,36.34000015258789,37.0,35.380001068115234,35.75,35.75,1426700
2022-01-27 00:00:00-05:00,35.720001220703125,36.04999923706055,34.08000183105469,34.599998474121094,34.599998474121094,1319700
2022-01-28 00:00:00-05:00,34.5,36.04999923706055,34.29999923706055,36.0,36.0,423800
2022-01-31 00:00:00-05:00,35.630001068115234,36.220001220703125,35.119998931884766,35.7400016784668,35.7400016784668,913600
2022-02-01 00:00:00-05:00,35.75,36.56999969482422,35.5,36.2599983215332,36.2599983215332,357000
2022-02-02 00:00:00-05:00,36.16999816894531,36.20000076293945,35.279998779296875,36.0099983215332,36.0099983215332,292200
2022-02-03 00:00:00-05:00,35.459999084472656,36.70000076293945,35.380001068115234,35.630001068115234,35.630001068115234,355300
2022-02-04 00:00:00-05:00,35.369998931884766,36.65999984741211,35.369998931884766,36.34000015258789,36.34000015258789,434700
2022-02-07 00:00:00-05:00,36.70000076293945,37.209999084472656,36.02000045776367,36.11000061035156,36.11000061035156,423800
2022-02-08 00:00:00-05:00,36.16999816894531,37.01499938964844,36.150001525878906,36.470001220703125,36.470001220703125,358800
2022-02-09 00:00:00-05:00,36.54999923706055,37.09000015258789,36.5,36.599998474121094,36.599998474121094,792600
2022-02-10 00:00:00-05:00,35.65999984741211,36.849998474121094,35.65999984741211,36.439998626708984,36.439998626708984,511900
2022-02-11 00:00:00-05:00,36.7400016784668,36.97999954223633,35.470001220703125,36.15999984741211,36.15999984741211,421700
2022-02-14 00:00:00-05:00,36.459999084472656,36.86000061035156,35.22999954223633,35.400001525878906,35.400001525878906,401200
2022-02-15 00:00:00-05:00,35.86000061035156,36.529998779296875,35.52000045776367,36.41999816894531,36.41999816894531,266500
2022-02-16 00:00:00-05:00,36.38999938964844,36.63999938964844,35.86000061035156,36.45000076293945,36.45000076293945,254600
2022-02-17 00:00:00-05:00,36.0099983215332,36.47999954223633,35.959999084472656,36.15999984741211,36.15999984741211,249200
2022-02-18 00:00:00-05:00,35.70000076293945,36.2400016784668,34.61000061035156,35.04999923706055,35.04999923706055,353900
2022-02-22 00:00:00-05:00,34.720001220703125,36.02000045776367,34.630001068115234,35.2599983215332,35.2599983215332,567600
2022-02-23 00:00:00-05:00,35.040000915527344,36.279998779296875,35.040000915527344,35.400001525878906,35.400001525878906,577900
2022-02-24 00:00:00-05:00,32.5,36.70000076293945,32.09000015258789,36.279998779296875,36.279998779296875,769800
2022-02-25 00:00:00-05:00,36.189998626708984,36.970001220703125,35.439998626708984,36.25,36.25,287800
2022-02-28 00:00:00-05:00,35.08000183105469,36.369998931884766,34.630001068115234,36.02000045776367,36.02000045776367,724600
2022-03-01 00:00:00-05:00,35.380001068115234,36.0,34.70000076293945,35.2599983215332,35.2599983215332,673200
2022-03-02 00:00:00-05:00,35.689998626708984,35.70000076293945,34.540000915527344,34.65999984741211,34.65999984741211,513500
2022-03-03 00:00:00-05:00,34.5099983215332,35.40999984741211,33.939998626708984,34.70000076293945,34.70000076293945,649300
2022-03-04 00:00:00-05:00,34.04999923706055,34.41999816894531,33.70500183105469,34.20000076293945,34.20000076293945,474800
2022-03-07 00:00:00-05:00,34.09000015258789,34.09000015258789,30.489999771118164,30.790000915527344,30.790000915527344,973100
2022-03-08 00:00:00-05:00,30.799999237060547,31.790000915527344,29.834999084472656,30.420000076293945,30.420000076293945,508000
2022-03-09 00:00:00-05:00,31.25,32.5,31.25,31.65999984741211,31.65999984741211,297500
2022-03-10 00:00:00-05:00,31.06999969482422,32.0099983215332,30.809999465942383,31.309999465942383,31.309999465942383,356700
2022-03-11 00:00:00-05:00,31.399999618530273,31.420000076293945,30.25,30.350000381469727,30.350000381469727,371400
2022-03-14 00:00:00-04:00,29.959999084472656,30.584999084472656,27.93000030517578,28.25,28.25,521800
2022-03-15 00:00:00-04:00,28.31999969482422,29.979999542236328,28.09000015258789,29.440000534057617,29.440000534057617,582900
2022-03-16 00:00:00-04:00,30.18000030517578,31.440000534057617,30.069000244140625,31.0,31.0,608600
2022-03-17 00:00:00-04:00,30.760000228881836,31.5,30.540000915527344,31.149999618530273,31.149999618530273,271300
2022-03-18 00:00:00-04:00,30.899999618530273,31.40999984741211,30.260000228881836,31.389999389648438,31.389999389648438,316700
2022-03-21 00:00:00-04:00,31.1200008392334,31.209999084472656,30.260000228881836,30.969999313354492,30.969999313354492,359500
2022-03-22 00:00:00-04:00,31.190000534057617,32.13999938964844,30.8700008392334,31.18000030517578,31.18000030517578,169200
2022-03-23 00:00:00-04:00,30.75,31.170000076293945,30.030000686645508,30.5,30.5,145900
2022-03-24 00:00:00-04:00,30.56999969482422,30.809999465942383,30.0,30.729999542236328,30.729999542236328,136700
2022-03-25 00:00:00-04:00,30.950000762939453,30.979999542236328,30.09000015258789,30.399999618530273,30.399999618530273,250500
2022-03-28 00:00:00-04:00,30.329999923706055,31.06999969482422,29.549999237060547,29.940000534057617,29.940000534057617,287200
2022-03-29 00:00:00-04:00,30.34000015258789,31.0,30.299999237060547,30.889999389648438,30.889999389648438,604700
2022-03-30 00:00:00-04:00,30.81999969482422,31.389999389648438,29.790000915527344,30.030000686645508,30.030000686645508,210500
2022-03-31 00:00:00-04:00,30.0,30.790000915527344,29.565000534057617,30.739999771118164,30.739999771118164,270100
2022-04-01 00:00:00-04:00,30.860000610351562,31.09000015258789,29.84000015258789,30.190000534057617,30.190000534057617,374900
2022-04-04 00:00:00-04:00,30.549999237060547,31.95400047302246,30.219999313354492,31.850000381469727,31.850000381469727,277900
2022-04-05 00:00:00-04:00,32.15999984741211,32.15999984741211,30.229999542236328,30.520000457763672,30.520000457763672,184800
2022-04-06 00:00:00-04:00,29.969999313354492,30.0,28.799999237060547,28.969999313354492,28.969999313354492,466200
2022-04-07 00:00:00-04:00,28.739999771118164,29.06599998474121,27.219999313354492,27.8700008392334,27.8700008392334,661600
2022-04-08 00:00:00-04:00,27.6200008392334,27.860000610351562,26.850000381469727,27.510000228881836,27.510000228881836,392200
2022-04-11 00:00:00-04:00,26.8700008392334,27.8799991607666,26.8700008392334,27.15999984741211,27.15999984741211,492300
2022-04-12 00:00:00-04:00,27.889999389648438,28.299999237060547,27.09000015258789,27.31999969482422,27.31999969482422,268800
2022-04-13 00:00:00-04:00,27.43000030517578,28.559999465942383,27.211999893188477,28.3799991607666,28.3799991607666,247000
2022-04-14 00:00:00-04:00,28.520000457763672,29.229999542236328,28.520000457763672,29.1299991607666,29.1299991607666,258800
2022-04-18 00:00:00-04:00,29.1299991607666,30.424999237060547,29.059999465942383,30.170000076293945,30.170000076293945,438400
2022-04-19 00:00:00-04:00,30.020000457763672,31.700000762939453,29.989999771118164,30.93000030517578,30.93000030517578,343900
2022-04-20 00:00:00-04:00,31.0,31.420000076293945,30.610000610351562,30.709999084472656,30.709999084472656,277300
2022-04-21 00:00:00-04:00,31.299999237060547,31.399999618530273,29.200000762939453,29.639999389648438,29.639999389648438,371300
2022-04-22 00:00:00-04:00,29.709999084472656,30.15999984741211,28.75,28.979999542236328,28.979999542236328,231100
2022-04-25 00:00:00-04:00,28.649999618530273,29.75,28.40999984741211,29.729999542236328,29.729999542236328,218900
2022-04-26 00:00:00-04:00,29.3700008392334,29.389999389648438,28.440000534057617,28.559999465942383,28.559999465942383,339100
2022-04-27 00:00:00-04:00,28.459999084472656,28.75,27.25,27.530000686645508,27.530000686645508,367100
2022-04-28 00:00:00-04:00,27.780000686645508,30.010000228881836,27.6299991607666,29.860000610351562,29.860000610351562,497600
2022-04-29 00:00:00-04:00,29.260000228881836,31.5,29.260000228881836,29.84000015258789,29.84000015258789,381600
2022-05-02 00:00:00-04:00,29.75,30.43000030517578,29.139999389648438,30.350000381469727,30.350000381469727,382300
2022-05-03 00:00:00-04:00,30.5,31.040000915527344,30.040000915527344,30.559999465942383,30.559999465942383,270400
2022-05-04 00:00:00-04:00,30.610000610351562,30.610000610351562,28.270000457763672,30.06999969482422,30.06999969482422,597700
2022-05-05 00:00:00-04:00,30.649999618530273,30.700000762939453,28.469999313354492,29.079999923706055,29.079999923706055,1974700
2022-05-06 00:00:00-04:00,29.100000381469727,29.299999237060547,28.299999237060547,28.899999618530273,28.899999618530273,845300
2022-05-09 00:00:00-04:00,28.5,28.670000076293945,25.219999313354492,25.3799991607666,25.3799991607666,1213200
2022-05-10 00:00:00-04:00,25.43000030517578,25.729999542236328,21.25,23.010000228881836,23.010000228881836,2223200
2022-05-11 00:00:00-04:00,22.790000915527344,24.139999389648438,22.360000610351562,22.610000610351562,22.610000610351562,859600
2022-05-12 00:00:00-04:00,22.420000076293945,23.65999984741211,22.260000228881836,23.059999465942383,23.059999465942383,893500
2022-05-13 00:00:00-04:00,23.530000686645508,24.469999313354492,23.520000457763672,23.969999313354492,23.969999313354492,563900
2022-05-16 00:00:00-04:00,23.860000610351562,24.63599967956543,23.82200050354004,24.270000457763672,24.270000457763672,397400
2022-05-17 00:00:00-04:00,25.010000228881836,25.709999084472656,24.274999618530273,25.6299991607666,25.6299991607666,402600
2022-05-18 00:00:00-04:00,25.1299991607666,25.44499969482422,24.350000381469727,24.709999084472656,24.709999084472656,535000
2022-05-19 00:00:00-04:00,24.420000076293945,26.149999618530273,23.989999771118164,25.139999389648438,25.139999389648438,785300
2022-05-20 00:00:00-04:00,25.579999923706055,25.940000534057617,24.350000381469727,25.0,25.0,598700
2022-05-23 00:00:00-04:00,25.25,25.760000228881836,24.510000228881836,24.8700008392334,24.8700008392334,454100
2022-05-24 00:00:00-04:00,24.600000381469727,24.600000381469727,23.530000686645508,23.899999618530273,23.899999618530273,561100
2022-05-25 00:00:00-04:00,23.6200008392334,25.440000534057617,23.510000228881836,25.229999542236328,25.229999542236328,350400
2022-05-26 00:00:00-04:00,25.68000030517578,27.010000228881836,25.68000030517578,26.420000076293945,26.420000076293945,410600
2022-05-27 00:00:00-04:00,26.739999771118164,27.059999465942383,26.514999389648438,26.65999984741211,26.65999984741211,319500
2022-05-31 00:00:00-04:00,26.639999389648438,26.790000915527344,25.65999984741211,26.139999389648438,26.139999389648438,554500
2022-06-01 00:00:00-04:00,26.3799991607666,27.219999313354492,25.969999313354492,26.899999618530273,26.899999618530273,335800
2022-06-02 00:00:00-04:00,26.799999237060547,28.09000015258789,26.799999237060547,27.75,27.75,862200
2022-06-03 00:00:00-04:00,27.530000686645508,27.707000732421875,26.989999771118164,27.59000015258789,27.59000015258789,175200
2022-06-06 00:00:00-04:00,27.770000457763672,28.15999984741211,27.229999542236328,27.600000381469727,27.600000381469727,318500
2022-06-07 00:00:00-04:00,27.200000762939453,27.834999084472656,26.899999618530273,27.389999389648438,27.389999389648438,376300
2022-06-08 00:00:00-04:00,27.229999542236328,27.709999084472656,27.030000686645508,27.350000381469727,27.350000381469727,478500
2022-06-09 00:00:00-04:00,27.100000381469727,27.100000381469727,25.440000534057617,25.860000610351562,25.860000610351562,523100
2022-06-10 00:00:00-04:00,25.239999771118164,25.790000915527344,23.559999465942383,23.75,23.75,613400
2022-06-13 00:00:00-04:00,22.68000030517578,22.989999771118164,21.040000915527344,21.139999389648438,21.139999389648438,857600
2022-06-14 00:00:00-04:00,21.3700008392334,21.950000762939453,20.799999237060547,21.59000015258789,21.59000015258789,466400
2022-06-15 00:00:00-04:00,21.770000457763672,22.190000534057617,20.610000610351562,21.260000228881836,21.260000228881836,562900
2022-06-16 00:00:00-04:00,20.389999389648438,20.530000686645508,18.329999923706055,18.520000457763672,18.520000457763672,843000
2022-06-17 00:00:00-04:00,18.549999237060547,18.940000534057617,17.969999313354492,18.610000610351562,18.610000610351562,648300
2022-06-21 00:00:00-04:00,18.809999465942383,19.469999313354492,18.6299991607666,18.75,18.75,474200
2022-06-22 00:00:00-04:00,18.260000228881836,19.56999969482422,18.260000228881836,19.459999084472656,19.459999084472656,437200
2022-06-23 00:00:00-04:00,19.579999923706055,19.579999923706055,17.540000915527344,18.8700008392334,18.8700008392334,921800
2022-06-24 00:00:00-04:00,20.450000762939453,21.15999984741211,20.299999237060547,20.610000610351562,20.610000610351562,2910800
2022-06-27 00:00:00-04:00,20.889999389648438,21.059999465942383,20.434999465942383,20.790000915527344,20.790000915527344,846500
2022-06-28 00:00:00-04:00,20.979999542236328,21.274999618530273,20.100000381469727,20.329999923706055,20.329999923706055,737800
2022-06-29 00:00:00-04:00,20.110000610351562,20.3700008392334,19.829999923706055,20.309999465942383,20.309999465942383,596600
2022-06-30 00:00:00-04:00,20.0,20.139999389648438,19.459999084472656,19.780000686645508,19.780000686645508,1542300
2022-07-01 00:00:00-04:00,19.540000915527344,20.260000228881836,19.540000915527344,20.219999313354492,20.219999313354492,489500
2022-07-05 00:00:00-04:00,19.56999969482422,20.959999084472656,19.56999969482422,20.84000015258789,20.84000015258789,893300
2022-07-06 00:00:00-04:00,20.700000762939453,20.989999771118164,20.145000457763672,20.65999984741211,20.65999984741211,678300
2022-07-07 00:00:00-04:00,20.90999984741211,21.1200008392334,20.469999313354492,20.59000015258789,20.59000015258789,541300
2022-07-08 00:00:00-04:00,20.420000076293945,20.614999771118164,20.049999237060547,20.219999313354492,20.219999313354492,616000
2022-07-11 00:00:00-04:00,19.93000030517578,20.15999984741211,19.739999771118164,20.06999969482422,20.06999969482422,510100
2022-07-12 00:00:00-04:00,20.06999969482422,20.959999084472656,20.06999969482422,20.649999618530273,20.649999618530273,505000
2022-07-13 00:00:00-04:00,20.239999771118164,21.139999389648438,20.059999465942383,21.079999923706055,21.079999923706055,696100
2022-07-14 00:00:00-04:00,20.809999465942383,21.209999084472656,20.40999984741211,21.059999465942383,21.059999465942383,1388600
2022-07-15 00:00:00-04:00,21.520000457763672,21.75,20.860000610351562,21.43000030517578,21.43000030517578,918000
2022-07-18 00:00:00-04:00,21.729999542236328,21.899999618530273,21.100000381469727,21.200000762939453,21.200000762939453,597600
2022-07-19 00:00:00-04:00,21.43000030517578,21.670000076293945,21.229999542236328,21.6299991607666,21.6299991607666,705600
2022-07-20 00:00:00-04:00,21.540000915527344,21.8700008392334,21.520000457763672,21.829999923706055,21.829999923706055,750600
2022-07-21 00:00:00-04:00,21.790000915527344,21.989999771118164,21.59000015258789,21.979999542236328,21.979999542236328,718800
2022-07-22 00:00:00-04:00,21.979999542236328,21.979999542236328,21.639999389648438,21.790000915527344,21.790000915527344,1721100
2022-07-25 00:00:00-04:00,22.649999618530273,22.790000915527344,21.469999313354492,21.8799991607666,21.8799991607666,1038800
2022-07-26 00:00:00-04:00,21.360000610351562,21.65999984741211,20.959999084472656,21.010000228881836,21.010000228881836,584100
2022-07-27 00:00:00-04:00,21.209999084472656,22.799999237060547,21.079999923706055,22.690000534057617,22.690000534057617,826900
2022-07-28 00:00:00-04:00,22.799999237060547,23.009000778198242,21.850000381469727,22.440000534057617,22.440000534057617,409000
2022-07-29 00:00:00-04:00,22.280000686645508,22.459999084472656,21.59000015258789,21.969999313354492,21.969999313354492,537900
2022-08-01 00:00:00-04:00,21.530000686645508,21.8799991607666,21.045000076293945,21.799999237060547,21.799999237060547,376600
2022-08-02 00:00:00-04:00,21.68000030517578,22.575000762939453,21.510000228881836,22.260000228881836,22.260000228881836,280800
2022-08-03 00:00:00-04:00,22.3700008392334,22.885000228881836,22.18000030517578,22.75,22.75,645900
2022-08-04 00:00:00-04:00,23.329999923706055,24.049999237060547,21.079999923706055,21.350000381469727,21.350000381469727,1048600
2022-08-05 00:00:00-04:00,20.899999618530273,23.5,20.899999618530273,22.940000534057617,22.940000534057617,1063000
2022-08-08 00:00:00-04:00,22.899999618530273,24.200000762939453,22.899999618530273,23.889999389648438,23.889999389648438,878700
2022-08-09 00:00:00-04:00,23.719999313354492,23.8799991607666,23.25,23.559999465942383,23.559999465942383,558600
2022-08-10 00:00:00-04:00,24.290000915527344,25.56999969482422,24.290000915527344,25.270000457763672,25.270000457763672,1023800
2022-08-11 00:00:00-04:00,25.809999465942383,26.469999313354492,25.295000076293945,25.600000381469727,25.600000381469727,358500
2022-08-12 00:00:00-04:00,25.690000534057617,26.040000915527344,25.559999465942383,25.770000457763672,25.770000457763672,317000
2022-08-15 00:00:00-04:00,25.43000030517578,26.030000686645508,25.139999389648438,25.760000228881836,25.760000228881836,297000
2022-08-16 00:00:00-04:00,25.81999969482422,26.690000534057617,25.549999237060547,26.170000076293945,26.170000076293945,595100
2022-08-17 00:00:00-04:00,25.68000030517578,25.68000030517578,25.0,25.399999618530273,25.399999618530273,230300
2022-08-18 00:00:00-04:00,25.200000762939453,25.309999465942383,24.825000762939453,25.290000915527344,25.290000915527344,196300
2022-08-19 00:00:00-04:00,24.8799991607666,25.0,24.010000228881836,24.90999984741211,24.90999984741211,573300
2022-08-22 00:00:00-04:00,24.200000762939453,24.450000762939453,23.530000686645508,24.270000457763672,24.270000457763672,483600
2022-08-23 00:00:00-04:00,24.350000381469727,26.110000610351562,24.350000381469727,25.850000381469727,25.850000381469727,672300
2022-08-24 00:00:00-04:00,25.770000457763672,26.1299991607666,25.440000534057617,25.670000076293945,25.670000076293945,319000
2022-08-25 00:00:00-04:00,25.649999618530273,26.780000686645508,25.649999618530273,25.940000534057617,25.940000534057617,355800
2022-08-26 00:00:00-04:00,25.799999237060547,25.829999923706055,24.31999969482422,24.81999969482422,24.81999969482422,283500
2022-08-29 00:00:00-04:00,24.389999389648438,24.924999237060547,24.0,24.100000381469727,24.100000381469727,229900
2022-08-30 00:00:00-04:00,24.3700008392334,24.6299991607666,23.59000015258789,23.84000015258789,23.84000015258789,241700
2022-08-31 00:00:00-04:00,23.739999771118164,24.06999969482422,23.520000457763672,23.690000534057617,23.690000534057617,344200
2022-09-01 00:00:00-04:00,23.360000610351562,23.360000610351562,22.06999969482422,23.209999084472656,23.209999084472656,503200
2022-09-02 00:00:00-04:00,23.440000534057617,23.790000915527344,22.739999771118164,23.690000534057617,23.690000534057617,226200
2022-09-06 00:00:00-04:00,23.979999542236328,24.2549991607666,22.75,23.15999984741211,23.15999984741211,549700
2022-09-07 00:00:00-04:00,22.979999542236328,23.8799991607666,22.875,23.850000381469727,23.850000381469727,379200
2022-09-08 00:00:00-04:00,23.3700008392334,24.280000686645508,23.190000534057617,24.200000762939453,24.200000762939453,276300
2022-09-09 00:00:00-04:00,24.780000686645508,25.440000534057617,24.719999313354492,25.170000076293945,25.170000076293945,331700
2022-09-12 00:00:00-04:00,25.15999984741211,26.040000915527344,25.15999984741211,25.3700008392334,25.3700008392334,281100
2022-09-13 00:00:00-04:00,24.3799991607666,25.030000686645508,24.190000534057617,24.260000228881836,24.260000228881836,306900
2022-09-14 00:00:00-04:00,24.309999465942383,24.729999542236328,23.600000381469727,24.729999542236328,24.729999542236328,245300
2022-09-15 00:00:00-04:00,24.75,25.7549991607666,24.2450008392334,24.479999542236328,24.479999542236328,367300
2022-09-16 00:00:00-04:00,23.93000030517578,24.270000457763672,23.299999237060547,24.200000762939453,24.200000762939453,656400
2022-09-19 00:00:00-04:00,23.850000381469727,24.674999237060547,23.850000381469727,24.489999771118164,24.489999771118164,303200
2022-09-20 00:00:00-04:00,24.3700008392334,24.559999465942383,23.81999969482422,24.059999465942383,24.059999465942383,170500
2022-09-21 00:00:00-04:00,24.25,24.375,23.040000915527344,23.040000915527344,23.040000915527344,415800
2022-09-22 00:00:00-04:00,23.030000686645508,23.190000534057617,20.719999313354492,20.979999542236328,20.979999542236328,483000
2022-09-23 00:00:00-04:00,20.520000457763672,20.75,19.829999923706055,20.360000610351562,20.360000610351562,343200
2022-09-26 00:00:00-04:00,20.270000457763672,21.139999389648438,19.920000076293945,19.920000076293945,19.920000076293945,257500
2022-09-27 00:00:00-04:00,20.290000915527344,20.920000076293945,19.559999465942383,19.860000610351562,19.860000610351562,264500
2022-09-28 00:00:00-04:00,19.8799991607666,20.940000534057617,19.709999084472656,20.81999969482422,20.81999969482422,261200
2022-09-29 00:00:00-04:00,20.31999969482422,20.424999237060547,19.110000610351562,20.049999237060547,20.049999237060547,266100
2022-09-30 00:00:00-04:00,19.850000381469727,20.43000030517578,19.6200008392334,19.760000228881836,19.760000228881836,274300
2022-10-03 00:00:00-04:00,20.0,20.639999389648438,19.170000076293945,20.6299991607666,20.6299991607666,324100
2022-10-04 00:00:00-04:00,21.139999389648438,22.75,21.139999389648438,22.5,22.5,532500
2022-10-05 00:00:00-04:00,21.90999984741211,22.5,21.770000457763672,22.459999084472656,22.459999084472656,164200
2022-10-06 00:00:00-04:00,21.93000030517578,22.799999237060547,21.260000228881836,21.440000534057617,21.440000534057617,237600
2022-10-07 00:00:00-04:00,21.079999923706055,21.334999084472656,20.639999389648438,21.049999237060547,21.049999237060547,393000
2022-10-10 00:00:00-04:00,21.059999465942383,21.059999465942383,20.299999237060547,20.5,20.5,212900
2022-10-11 00:00:00-04:00,20.3799991607666,21.299999237060547,19.604999542236328,21.270000457763672,21.270000457763672,283700
2022-10-12 00:00:00-04:00,21.270000457763672,21.270000457763672,20.239999771118164,20.860000610351562,20.860000610351562,136600
2022-10-13 00:00:00-04:00,20.1299991607666,21.34000015258789,19.739999771118164,21.049999237060547,21.049999237060547,295700
2022-10-14 00:00:00-04:00,21.09000015258789,21.479999542236328,19.690000534057617,19.700000762939453,19.700000762939453,232200
2022-10-17 00:00:00-04:00,20.15999984741211,20.799999237060547,20.0,20.100000381469727,20.100000381469727,271400
2022-10-18 00:00:00-04:00,20.729999542236328,21.485000610351562,20.290000915527344,20.459999084472656,20.459999084472656,258700
2022-10-19 00:00:00-04:00,20.139999389648438,20.209999084472656,18.280000686645508,19.399999618530273,19.399999618530273,446000
2022-10-20 00:00:00-04:00,19.350000381469727,20.95400047302246,19.350000381469727,20.010000228881836,20.010000228881836,192500
2022-10-21 00:00:00-04:00,20.09000015258789,20.69499969482422,19.790000915527344,20.5,20.5,160800
2022-10-24 00:00:00-04:00,20.489999771118164,20.670000076293945,20.118000030517578,20.59000015258789,20.59000015258789,149500
2022-10-25 00:00:00-04:00,20.5,21.65999984741211,20.5,21.530000686645508,21.530000686645508,309500
2022-10-26 00:00:00-04:00,21.489999771118164,22.530000686645508,21.489999771118164,21.600000381469727,21.600000381469727,335900
2022-10-27 00:00:00-04:00,21.950000762939453,22.187000274658203,21.299999237060547,21.3799991607666,21.3799991607666,163500
2022-10-28 00:00:00-04:00,21.40999984741211,22.549999237060547,21.09000015258789,22.549999237060547,22.549999237060547,263300
2022-10-31 00:00:00-04:00,22.540000915527344,23.014999389648438,22.399999618530273,22.540000915527344,22.540000915527344,141000
2022-11-01 00:00:00-04:00,23.030000686645508,23.479999542236328,22.59000015258789,23.170000076293945,23.170000076293945,201600
2022-11-02 00:00:00-04:00,22.079999923706055,22.989999771118164,20.889999389648438,20.889999389648438,20.889999389648438,473400
2022-11-03 00:00:00-04:00,20.329999923706055,21.09000015258789,19.200000762939453,20.030000686645508,20.030000686645508,268700
2022-11-04 00:00:00-04:00,20.579999923706055,20.889999389648438,19.565000534057617,20.8799991607666,20.8799991607666,228400
2022-11-07 00:00:00-05:00,21.239999771118164,22.290000915527344,20.69499969482422,22.1200008392334,22.1200008392334,196400
2022-11-08 00:00:00-05:00,22.399999618530273,22.934999465942383,21.6299991607666,21.899999618530273,21.899999618530273,197900
2022-11-09 00:00:00-05:00,21.75,22.100000381469727,20.979999542236328,21.06999969482422,21.06999969482422,175700
2022-11-10 00:00:00-05:00,22.440000534057617,23.719999313354492,22.440000534057617,23.010000228881836,23.010000228881836,437200
2022-11-11 00:00:00-05:00,23.270000457763672,23.899999618530273,22.84000015258789,23.239999771118164,23.239999771118164,463200
2022-11-14 00:00:00-05:00,23.1299991607666,25.18000030517578,23.1299991607666,24.84000015258789,24.84000015258789,573600
2022-11-15 00:00:00-05:00,25.540000915527344,25.670000076293945,24.690000534057617,24.959999084472656,24.959999084472656,313000
2022-11-16 00:00:00-05:00,24.6299991607666,25.0,24.09000015258789,24.459999084472656,24.459999084472656,224800
2022-11-17 00:00:00-05:00,23.799999237060547,24.68000030517578,23.445999145507812,24.639999389648438,24.639999389648438,244500
2022-11-18 00:00:00-05:00,25.260000228881836,25.260000228881836,23.760000228881836,24.719999313354492,24.719999313354492,486400
2022-11-21 00:00:00-05:00,24.290000915527344,24.979999542236328,24.049999237060547,24.139999389648438,24.139999389648438,229700
2022-11-22 00:00:00-05:00,24.170000076293945,24.607999801635742,23.770000457763672,24.469999313354492,24.469999313354492,192500
2022-11-23 00:00:00-05:00,24.40999984741211,24.895000457763672,24.170000076293945,24.450000762939453,24.450000762939453,171800
2022-11-25 00:00:00-05:00,24.260000228881836,24.739999771118164,24.09000015258789,24.40999984741211,24.40999984741211,80700
2022-11-28 00:00:00-05:00,24.260000228881836,24.739999771118164,23.8700008392334,24.25,24.25,176300
2022-11-29 00:00:00-05:00,24.290000915527344,24.959999084472656,24.290000915527344,24.479999542236328,24.479999542236328,217000
2022-11-30 00:00:00-05:00,24.479999542236328,25.06999969482422,23.920000076293945,25.0,25.0,346800
2022-12-01 00:00:00-05:00,25.170000076293945,25.479999542236328,24.6200008392334,24.920000076293945,24.920000076293945,231200
2022-12-02 00:00:00-05:00,24.299999237060547,24.850000381469727,24.1200008392334,24.6299991607666,24.6299991607666,194600
2022-12-05 00:00:00-05:00,24.399999618530273,24.655000686645508,24.06999969482422,24.299999237060547,24.299999237060547,101600
2022-12-06 00:00:00-05:00,24.280000686645508,24.280000686645508,23.489999771118164,23.540000915527344,23.540000915527344,220400
2022-12-07 00:00:00-05:00,23.299999237060547,23.81999969482422,22.600000381469727,23.040000915527344,23.040000915527344,706700
2022-12-08 00:00:00-05:00,23.1200008392334,23.399999618530273,22.6299991607666,22.68000030517578,22.68000030517578,372700
2022-12-09 00:00:00-05:00,22.469999313354492,23.059999465942383,22.299999237060547,22.610000610351562,22.610000610351562,227900
2022-12-12 00:00:00-05:00,22.139999389648438,22.829999923706055,21.540000915527344,22.790000915527344,22.790000915527344,247500
2022-12-13 00:00:00-05:00,23.729999542236328,23.8700008392334,22.399999618530273,22.450000762939453,22.450000762939453,247800
2022-12-14 00:00:00-05:00,22.389999389648438,22.59000015258789,21.610000610351562,21.850000381469727,21.850000381469727,238100
2022-12-15 00:00:00-05:00,21.600000381469727,22.110000610351562,21.290000915527344,21.6200008392334,21.6200008392334,235600
2022-12-16 00:00:00-05:00,20.889999389648438,21.64900016784668,20.780000686645508,21.549999237060547,21.549999237060547,356000
2022-12-19 00:00:00-05:00,21.489999771118164,21.489999771118164,20.1299991607666,20.3700008392334,20.3700008392334,299700
2022-12-20 00:00:00-05:00,20.25,21.1299991607666,20.06999969482422,20.190000534057617,20.190000534057617,194400
2022-12-21 00:00:00-05:00,20.459999084472656,20.5,19.579999923706055,19.670000076293945,19.670000076293945,164600
2022-12-22 00:00:00-05:00,19.329999923706055,19.40399932861328,18.540000915527344,18.959999084472656,18.959999084472656,264000
2022-12-23 00:00:00-05:00,18.920000076293945,19.440000534057617,18.510000228881836,19.389999389648438,19.389999389648438,151000
2022-12-27 00:00:00-05:00,19.309999465942383,19.475000381469727,18.8700008392334,18.979999542236328,18.979999542236328,128000
2022-12-28 00:00:00-05:00,18.899999618530273,19.020000457763672,17.969999313354492,18.170000076293945,18.170000076293945,205400
2022-12-29 00:00:00-05:00,18.229999542236328,19.110000610351562,18.229999542236328,18.760000228881836,18.760000228881836,261500
2022-12-30 00:00:00-05:00,18.510000228881836,19.510000228881836,18.510000228881836,19.3799991607666,19.3799991607666,272000
2023-01-03 00:00:00-05:00,19.75,19.93000030517578,18.100000381469727,18.459999084472656,18.459999084472656,280500
2023-01-04 00:00:00-05:00,18.559999465942383,20.079999923706055,18.350000381469727,19.959999084472656,19.959999084472656,393300
2023-01-05 00:00:00-05:00,19.739999771118164,19.739999771118164,18.979999542236328,19.170000076293945,19.170000076293945,241300
2023-01-06 00:00:00-05:00,19.399999618530273,19.729999542236328,18.850000381469727,19.479999542236328,19.479999542236328,102400
2023-01-09 00:00:00-05:00,19.709999084472656,20.149999618530273,19.450000762939453,19.719999313354492,19.719999313354492,128900
2023-01-10 00:00:00-05:00,19.729999542236328,20.350000381469727,19.530000686645508,20.350000381469727,20.350000381469727,130600
2023-01-11 00:00:00-05:00,20.43000030517578,21.09000015258789,20.34000015258789,21.079999923706055,21.079999923706055,213800
2023-01-12 00:00:00-05:00,21.360000610351562,21.450000762939453,20.899999618530273,21.3799991607666,21.3799991607666,181300
2023-01-13 00:00:00-05:00,20.989999771118164,21.344999313354492,20.739999771118164,20.829999923706055,20.829999923706055,216700
2023-01-17 00:00:00-05:00,20.75,21.079999923706055,20.399999618530273,20.40999984741211,20.40999984741211,202800
2023-01-18 00:00:00-05:00,20.6200008392334,21.18000030517578,19.670000076293945,19.68000030517578,19.68000030517578,196000
2023-01-19 00:00:00-05:00,19.3700008392334,19.399999618530273,18.549999237060547,19.049999237060547,19.049999237060547,251900
2023-01-20 00:00:00-05:00,19.219999313354492,20.040000915527344,19.030000686645508,20.0,20.0,567200
2023-01-23 00:00:00-05:00,20.100000381469727,20.489999771118164,19.100000381469727,19.84000015258789,19.84000015258789,495000
2023-01-24 00:00:00-05:00,19.75,19.979999542236328,19.459999084472656,19.850000381469727,19.850000381469727,286000
2023-01-25 00:00:00-05:00,19.43000030517578,19.90999984741211,19.110000610351562,19.84000015258789,19.84000015258789,186200
2023-01-26 00:00:00-05:00,20.100000381469727,20.280000686645508,19.579999923706055,19.799999237060547,19.799999237060547,208200
2023-01-27 00:00:00-05:00,19.719999313354492,20.030000686645508,19.4950008392334,19.610000610351562,19.610000610351562,247400
2023-01-30 00:00:00-05:00,19.399999618530273,19.84000015258789,19.209999084472656,19.489999771118164,19.489999771118164,302100
2023-01-31 00:00:00-05:00,19.6200008392334,19.950000762939453,19.219999313354492,19.8700008392334,19.8700008392334,372100
2023-02-01 00:00:00-05:00,19.8799991607666,21.0,19.8799991607666,20.770000457763672,20.770000457763672,598000
2023-02-02 00:00:00-05:00,20.989999771118164,21.149999618530273,20.270000457763672,20.889999389648438,20.889999389648438,553400
2023-02-03 00:00:00-05:00,20.549999237060547,21.325000762939453,20.549999237060547,21.010000228881836,21.010000228881836,377100
2023-02-06 00:00:00-05:00,20.760000228881836,20.760000228881836,19.889999389648438,19.920000076293945,19.920000076293945,227000
2023-02-07 00:00:00-05:00,19.799999237060547,20.6299991607666,19.639999389648438,20.489999771118164,20.489999771118164,294700
2023-02-08 00:00:00-05:00,20.270000457763672,20.3700008392334,19.610000610351562,19.65999984741211,19.65999984741211,170300
2023-02-09 00:00:00-05:00,19.969999313354492,20.059999465942383,19.15999984741211,19.270000457763672,19.270000457763672,273800
2023-02-10 00:00:00-05:00,19.170000076293945,19.239999771118164,18.760000228881836,19.1200008392334,19.1200008392334,313100
2023-02-13 00:00:00-05:00,18.979999542236328,19.719999313354492,18.8700008392334,19.510000228881836,19.510000228881836,431200
2023-02-14 00:00:00-05:00,19.31999969482422,20.030000686645508,19.1299991607666,19.899999618530273,19.899999618530273,422000
2023-02-15 00:00:00-05:00,19.899999618530273,20.799999237060547,19.829999923706055,20.709999084472656,20.709999084472656,651500
2023-02-16 00:00:00-05:00,20.440000534057617,20.799999237060547,20.32900047302246,20.5,20.5,416800
2023-02-17 00:00:00-05:00,20.59000015258789,21.0,19.989999771118164,20.940000534057617,20.940000534057617,506500
2023-02-21 00:00:00-05:00,20.649999618530273,20.959999084472656,19.6299991607666,19.860000610351562,19.860000610351562,365900
2023-02-22 00:00:00-05:00,19.829999923706055,20.2450008392334,19.385000228881836,19.940000534057617,19.940000534057617,589300
2023-02-23 00:00:00-05:00,20.06999969482422,20.290000915527344,19.219999313354492,19.479999542236328,19.479999542236328,270400
2023-02-24 00:00:00-05:00,19.0,19.1200008392334,17.81999969482422,18.239999771118164,18.239999771118164,710700
2023-02-27 00:00:00-05:00,18.5,19.709999084472656,18.239999771118164,19.450000762939453,19.450000762939453,878500
2023-02-28 00:00:00-05:00,19.479999542236328,19.905000686645508,19.479999542236328,19.75,19.75,428300
2023-03-01 00:00:00-05:00,19.899999618530273,20.610000610351562,19.700000762939453,20.350000381469727,20.350000381469727,577800
2023-03-02 00:00:00-05:00,20.209999084472656,20.350000381469727,19.735000610351562,20.079999923706055,20.079999923706055,319200
2023-03-03 00:00:00-05:00,20.360000610351562,20.860000610351562,20.360000610351562,20.59000015258789,20.59000015258789,426100
2023-03-06 00:00:00-05:00,20.530000686645508,20.84000015258789,19.434999465942383,19.540000915527344,19.540000915527344,291400
2023-03-07 00:00:00-05:00,19.559999465942383,19.93000030517578,19.399999618530273,19.540000915527344,19.540000915527344,367100
2023-03-08 00:00:00-05:00,19.709999084472656,20.0,19.270000457763672,19.450000762939453,19.450000762939453,337200
2023-03-09 00:00:00-05:00,19.34000015258789,19.600000381469727,18.889999389648438,19.270000457763672,19.270000457763672,439400
2023-03-10 00:00:00-05:00,19.020000457763672,19.25,18.290000915527344,18.739999771118164,18.739999771118164,619600
2023-03-13 00:00:00-04:00,18.3700008392334,18.780000686645508,17.549999237060547,18.440000534057617,18.440000534057617,473900
2023-03-14 00:00:00-04:00,19.06999969482422,19.3700008392334,18.709999084472656,18.959999084472656,18.959999084472656,293100
2023-03-15 00:00:00-04:00,18.18000030517578,18.93000030517578,17.670000076293945,18.90999984741211,18.90999984741211,355800
2023-03-16 00:00:00-04:00,18.639999389648438,19.469999313354492,18.469999313354492,19.170000076293945,19.170000076293945,233500
2023-03-17 00:00:00-04:00,19.079999923706055,19.450000762939453,18.459999084472656,19.200000762939453,19.200000762939453,833800
2023-03-20 00:00:00-04:00,19.43000030517578,19.510000228881836,18.770000457763672,18.809999465942383,18.809999465942383,208300
2023-03-21 00:00:00-04:00,19.280000686645508,19.649999618530273,19.200000762939453,19.3799991607666,19.3799991607666,260400
2023-03-22 00:00:00-04:00,19.399999618530273,19.43000030517578,18.6299991607666,18.65999984741211,18.65999984741211,185900
2023-03-23 00:00:00-04:00,18.799999237060547,18.899999618530273,18.0049991607666,18.18000030517578,18.18000030517578,271200
2023-03-24 00:00:00-04:00,17.920000076293945,18.100000381469727,17.510000228881836,18.010000228881836,18.010000228881836,370200
2023-03-27 00:00:00-04:00,18.290000915527344,18.31999969482422,17.540000915527344,18.149999618530273,18.149999618530273,206300
2023-03-28 00:00:00-04:00,18.049999237060547,18.540000915527344,17.979999542236328,18.020000457763672,18.020000457763672,196400
2023-03-29 00:00:00-04:00,18.229999542236328,19.010000228881836,18.079999923706055,19.010000228881836,19.010000228881836,199400
2023-03-30 00:00:00-04:00,19.239999771118164,19.639999389648438,18.959999084472656,19.020000457763672,19.020000457763672,233000
2023-03-31 00:00:00-04:00,19.219999313354492,19.78499984741211,19.219999313354492,19.520000457763672,19.520000457763672,373700
2023-04-03 00:00:00-04:00,19.530000686645508,19.6200008392334,18.729999542236328,19.049999237060547,19.049999237060547,248300
2023-04-04 00:00:00-04:00,19.100000381469727,19.260000228881836,18.440000534057617,19.110000610351562,19.110000610351562,196800
2023-04-05 00:00:00-04:00,18.899999618530273,19.020000457763672,18.35099983215332,18.459999084472656,18.459999084472656,143600
2023-04-06 00:00:00-04:00,18.479999542236328,18.479999542236328,17.94700050354004,18.440000534057617,18.440000534057617,148000
2023-04-10 00:00:00-04:00,18.280000686645508,18.799999237060547,18.190000534057617,18.690000534057617,18.690000534057617,175700
2023-04-11 00:00:00-04:00,18.739999771118164,19.309999465942383,18.739999771118164,18.979999542236328,18.979999542236328,152600
2023-04-12 00:00:00-04:00,19.280000686645508,19.280000686645508,18.06999969482422,18.100000381469727,18.100000381469727,254700
2023-04-13 00:00:00-04:00,18.229999542236328,18.68000030517578,18.170000076293945,18.5,18.5,89000
2023-04-14 00:00:00-04:00,18.469999313354492,18.760000228881836,18.079999923706055,18.280000686645508,18.280000686645508,112300
2023-04-17 00:00:00-04:00,18.350000381469727,18.469999313354492,17.975000381469727,18.030000686645508,18.030000686645508,126400
2023-04-18 00:00:00-04:00,18.209999084472656,18.649999618530273,18.09000015258789,18.389999389648438,18.389999389648438,187800
2023-04-19 00:00:00-04:00,18.309999465942383,19.030000686645508,18.231000900268555,18.600000381469727,18.600000381469727,167900
2023-04-20 00:00:00-04:00,18.420000076293945,18.645000457763672,18.18000030517578,18.420000076293945,18.420000076293945,123700
2023-04-21 00:00:00-04:00,18.489999771118164,18.600000381469727,18.110000610351562,18.540000915527344,18.540000915527344,259700
2023-04-24 00:00:00-04:00,18.469999313354492,18.65999984741211,18.040000915527344,18.18000030517578,18.18000030517578,194500
2023-04-25 00:00:00-04:00,17.93000030517578,17.969999313354492,17.079999923706055,17.09000015258789,17.09000015258789,206900
2023-04-26 00:00:00-04:00,16.969999313354492,17.329999923706055,16.760000228881836,16.809999465942383,16.809999465942383,202700
2023-04-27 00:00:00-04:00,16.90999984741211,17.170000076293945,16.719999313354492,17.0,17.0,317100
2023-04-28 00:00:00-04:00,16.90999984741211,17.440000534057617,16.90999984741211,17.200000762939453,17.200000762939453,221400
2023-05-01 00:00:00-04:00,17.219999313354492,17.760000228881836,17.219999313354492,17.450000762939453,17.450000762939453,286600
2023-05-02 00:00:00-04:00,17.440000534057617,17.690000534057617,16.860000610351562,17.690000534057617,17.690000534057617,281800
2023-05-03 00:00:00-04:00,17.719999313354492,17.829999923706055,16.670000076293945,16.709999084472656,16.709999084472656,329100
2023-05-04 00:00:00-04:00,16.540000915527344,16.540000915527344,15.09000015258789,15.199999809265137,15.199999809265137,463100
2023-05-05 00:00:00-04:00,15.579999923706055,16.049999237060547,15.40999984741211,15.819999694824219,15.819999694824219,271000
2023-05-08 00:00:00-04:00,15.920000076293945,16.100000381469727,15.550000190734863,15.979999542236328,15.979999542236328,234700
2023-05-09 00:00:00-04:00,16.639999389648438,16.639999389648438,14.75,15.449999809265137,15.449999809265137,444800
2023-05-10 00:00:00-04:00,15.760000228881836,15.760000228881836,15.130000114440918,15.640000343322754,15.640000343322754,474400
2023-05-11 00:00:00-04:00,15.479999542236328,15.59000015258789,14.869999885559082,14.899999618530273,14.899999618530273,292800
2023-05-12 00:00:00-04:00,14.960000038146973,14.960000038146973,14.170000076293945,14.630000114440918,14.630000114440918,423300
2023-05-15 00:00:00-04:00,14.779999732971191,15.890000343322754,14.779999732971191,15.670000076293945,15.670000076293945,342500
2023-05-16 00:00:00-04:00,15.59000015258789,15.654999732971191,14.25,14.319999694824219,14.319999694824219,476600
2023-05-17 00:00:00-04:00,14.399999618530273,15.628999710083008,14.369999885559082,15.460000038146973,15.460000038146973,473300
2023-05-18 00:00:00-04:00,15.390000343322754,15.859999656677246,15.279999732971191,15.579999923706055,15.579999923706055,274000
2023-05-19 00:00:00-04:00,15.720000267028809,16.0,15.229999542236328,15.399999618530273,15.399999618530273,339200
2023-05-22 00:00:00-04:00,15.430000305175781,15.850000381469727,15.430000305175781,15.5,15.5,310800
2023-05-23 00:00:00-04:00,15.369999885559082,15.504899978637695,14.119999885559082,14.210000038146973,14.210000038146973,262376
