Date,Open,High,Low,Close,Adj Close,Volume
2019-05-13 00:00:00-04:00,57.097999572753906,57.39699935913086,56.105499267578125,56.60150146484375,56.60150146484375,37212000
2019-05-14 00:00:00-04:00,56.86050033569336,57.020999908447266,55.977500915527344,56.02199935913086,56.02199935913086,36732000
2019-05-15 00:00:00-04:00,55.89350128173828,58.56650161743164,55.83330154418945,58.21049880981445,58.21049880981445,45786000
2019-05-16 00:00:00-04:00,58.22549819946289,59.40800094604492,58.141998291015625,58.94900131225586,58.94900131225586,30628000
2019-05-17 00:00:00-04:00,58.423500061035156,59.00749969482422,58.0004997253418,58.1150016784668,58.1150016784668,24172000
2019-05-20 00:00:00-04:00,57.224998474121094,57.33985137939453,56.57215118408203,56.942501068115234,56.942501068115234,27066000
2019-05-21 00:00:00-04:00,57.42449951171875,57.635398864746094,56.89699935913086,57.48149871826172,57.48149871826172,23196000
2019-05-22 00:00:00-04:00,57.337501525878906,57.92599868774414,57.294498443603516,57.57099914550781,57.57099914550781,18290000
2019-05-23 00:00:00-04:00,57.025001525878906,57.298648834228516,56.46120071411133,57.03850173950195,57.03850173950195,23978000
2019-05-24 00:00:00-04:00,57.36800003051758,57.488250732421875,56.58300018310547,56.673500061035156,56.673500061035156,22240000
2019-05-28 00:00:00-04:00,56.70000076293945,57.579349517822266,56.65599822998047,56.70750045776367,56.70750045776367,27300000
2019-05-29 00:00:00-04:00,56.375999450683594,56.45500183105469,55.4109992980957,55.823001861572266,55.823001861572266,30764000
2019-05-30 00:00:00-04:00,55.777000427246094,56.15650177001953,55.60599899291992,55.897499084472656,55.897499084472656,19038000
2019-05-31 00:00:00-04:00,55.06449890136719,55.47999954223633,55.00899887084961,55.18149948120117,55.18149948120117,30156000
2019-06-03 00:00:00-04:00,53.275001525878906,53.275001525878906,51.25,51.811500549316406,51.811500549316406,102612000
2019-06-04 00:00:00-04:00,52.14500045776367,52.8025016784668,51.68450164794922,52.65250015258789,52.65250015258789,56670000
2019-06-05 00:00:00-04:00,52.57699966430664,52.6775016784668,51.52450180053711,52.111000061035156,52.111000061035156,43368000
2019-06-06 00:00:00-04:00,52.2495002746582,52.3745002746582,51.685001373291016,52.21699905395508,52.21699905395508,34064000
2019-06-07 00:00:00-04:00,52.53150177001953,53.54600143432617,52.41999816894531,53.301998138427734,53.301998138427734,36048000
2019-06-10 00:00:00-04:00,53.64899826049805,54.632999420166016,53.6161003112793,54.01900100708008,54.01900100708008,29284000
2019-06-11 00:00:00-04:00,54.69900131225586,55.0994987487793,53.880149841308594,53.93600082397461,53.93600082397461,28734000
2019-06-12 00:00:00-04:00,53.900001525878906,54.04650115966797,53.37699890136719,53.85150146484375,53.85150146484375,21220000
2019-06-13 00:00:00-04:00,54.18199920654297,54.708499908447266,54.00749969482422,54.438499450683594,54.438499450683594,21154000
2019-06-14 00:00:00-04:00,54.32099914550781,54.634498596191406,54.00859832763672,54.26750183105469,54.26750183105469,22230000
2019-06-17 00:00:00-04:00,54.31399917602539,54.95899963378906,54.31399917602539,54.625,54.625,18832000
2019-06-18 00:00:00-04:00,55.484500885009766,55.81949996948242,54.949501037597656,55.18000030517578,55.18000030517578,27734000
2019-06-19 00:00:00-04:00,55.279998779296875,55.349998474121094,54.67399978637695,55.11650085449219,55.11650085449219,26776000
2019-06-20 00:00:00-04:00,55.9995002746582,56.00600051879883,55.23699951171875,55.57099914550781,55.57099914550781,25240000
2019-06-21 00:00:00-04:00,55.46200180053711,56.205501556396484,55.40399932861328,56.09400177001953,56.09400177001953,38952000
2019-06-24 00:00:00-04:00,55.980499267578125,56.099998474121094,55.550498962402344,55.7760009765625,55.7760009765625,27912000
2019-06-25 00:00:00-04:00,55.632999420166016,55.717498779296875,54.189998626708984,54.317501068115234,54.317501068115234,30938000
2019-06-26 00:00:00-04:00,54.32500076293945,54.64849853515625,53.61199951171875,53.9900016784668,53.9900016784668,36218000
2019-06-27 00:00:00-04:00,54.20000076293945,54.35499954223633,53.76449966430664,53.800498962402344,53.800498962402344,20086000
2019-06-28 00:00:00-04:00,53.81949996948242,54.04999923706055,53.66849899291992,54.045501708984375,54.045501708984375,33864000
2019-07-01 00:00:00-04:00,54.900001525878906,55.37900161743164,54.685150146484375,54.897499084472656,54.897499084472656,28726000
2019-07-02 00:00:00-04:00,55.11199951171875,55.5885009765625,54.90850067138672,55.5625,55.5625,19832000
2019-07-03 00:00:00-04:00,55.87049865722656,56.3380012512207,55.69300079345703,56.07899856567383,56.07899856567383,15340000
2019-07-05 00:00:00-04:00,55.88999938964844,56.64400100708008,55.80699920654297,56.579498291015625,56.579498291015625,25286000
2019-07-08 00:00:00-04:00,56.25849914550781,56.29899978637695,55.56050109863281,55.817501068115234,55.817501068115234,24728000
2019-07-09 00:00:00-04:00,55.59000015258789,56.401248931884766,55.35850143432617,56.24150085449219,56.24150085449219,26608000
2019-07-10 00:00:00-04:00,56.56100082397461,57.102500915527344,56.548500061035156,57.02399826049805,57.02399826049805,24190000
2019-07-11 00:00:00-04:00,57.162498474121094,57.653499603271484,56.979000091552734,57.21049880981445,57.21049880981445,23910000
2019-07-12 00:00:00-04:00,57.199501037597656,57.367000579833984,56.93899917602539,57.244998931884766,57.244998931884766,17280000
2019-07-15 00:00:00-04:00,57.34299850463867,57.54100036621094,56.970001220703125,57.516998291015625,57.516998291015625,18076000
2019-07-16 00:00:00-04:00,57.29999923706055,57.92900085449219,57.25,57.67900085449219,57.67900085449219,24776000
2019-07-17 00:00:00-04:00,57.548500061035156,57.917999267578125,57.28850173950195,57.317501068115234,57.317501068115234,23400000
2019-07-18 00:00:00-04:00,57.08700180053711,57.3802490234375,56.63650131225586,57.31650161743164,57.31650161743164,25814000
2019-07-19 00:00:00-04:00,57.40950012207031,57.55699920654297,56.48099899291992,56.505001068115234,56.505001068115234,32944000
2019-07-22 00:00:00-04:00,56.67250061035156,56.962501525878906,56.21200180053711,56.903499603271484,56.903499603271484,26030000
2019-07-23 00:00:00-04:00,57.20000076293945,57.345001220703125,56.59000015258789,57.31050109863281,57.31050109863281,21874000
2019-07-24 00:00:00-04:00,56.595001220703125,57.20000076293945,56.3494987487793,56.890499114990234,56.890499114990234,31796000
2019-07-25 00:00:00-04:00,56.89099884033203,57.084999084472656,56.04600143432617,56.60599899291992,56.60599899291992,44196000
2019-07-26 00:00:00-04:00,61.20199966430664,63.27750015258789,61.20000076293945,62.52050018310547,62.52050018310547,96116000
2019-07-29 00:00:00-04:00,62.0525016784668,62.368499755859375,61.4114990234375,61.97050094604492,61.97050094604492,44474000
2019-07-30 00:00:00-04:00,61.27050018310547,61.743499755859375,61.165000915527344,61.25699996948242,61.25699996948242,29066000
2019-07-31 00:00:00-04:00,61.150001525878906,61.70000076293945,60.38819885253906,60.83399963378906,60.83399963378906,34510000
2019-08-01 00:00:00-04:00,60.701499938964844,61.705501556396484,60.2859992980957,60.45050048828125,60.45050048828125,33970000
2019-08-02 00:00:00-04:00,60.0369987487793,60.345001220703125,59.446998596191406,59.699501037597656,59.699501037597656,32902000
2019-08-05 00:00:00-04:00,58.50199890136719,58.762001037597656,57.00699996948242,57.61600112915039,57.61600112915039,51950000
2019-08-06 00:00:00-04:00,58.16550064086914,58.99800109863281,58.0,58.497501373291016,58.497501373291016,34188000
2019-08-07 00:00:00-04:00,57.79999923706055,58.92224884033203,57.481201171875,58.699501037597656,58.699501037597656,28886000
2019-08-08 00:00:00-04:00,59.14149856567383,60.2504997253418,58.6510009765625,60.2400016784668,60.2400016784668,29360000
2019-08-09 00:00:00-04:00,59.89950180053711,60.194000244140625,59.18014907836914,59.4005012512207,59.4005012512207,21314000
2019-08-12 00:00:00-04:00,58.96049880981445,59.24800109863281,58.38359832763672,58.73550033569336,58.73550033569336,20060000
2019-08-13 00:00:00-04:00,58.573001861572266,60.23899841308594,58.573001861572266,59.86349868774414,59.86349868774414,25888000
2019-08-14 00:00:00-04:00,58.81549835205078,59.1150016784668,58.027000427246094,58.214500427246094,58.214500427246094,31574000
2019-08-15 00:00:00-04:00,58.17499923706055,58.79199981689453,58.105499267578125,58.362998962402344,58.362998962402344,24374000
2019-08-16 00:00:00-04:00,58.977500915527344,59.13600158691406,58.59049987792969,58.880001068115234,58.880001068115234,26266000
2019-08-19 00:00:00-04:00,59.50450134277344,60.3494987487793,59.50450134277344,59.92250061035156,59.92250061035156,24632000
2019-08-20 00:00:00-04:00,59.76250076293945,59.803001403808594,59.105499267578125,59.134498596191406,59.134498596191406,18310000
2019-08-21 00:00:00-04:00,59.657501220703125,59.95000076293945,59.371498107910156,59.5625,59.5625,14814000
2019-08-22 00:00:00-04:00,59.70349884033203,59.90060043334961,58.92900085449219,59.47650146484375,59.47650146484375,18950000
2019-08-23 00:00:00-04:00,59.0994987487793,59.70399856567383,57.38750076293945,57.56449890136719,57.56449890136719,33740000
2019-08-26 00:00:00-04:00,57.862998962402344,58.4734992980957,57.64799880981445,58.44449996948242,58.44449996948242,24522000
2019-08-27 00:00:00-04:00,59.0265007019043,59.119998931884766,58.0724983215332,58.391998291015625,58.391998291015625,21544000
2019-08-28 00:00:00-04:00,58.08549880981445,58.82099914550781,57.8650016784668,58.55099868774414,58.55099868774414,16040000
2019-08-29 00:00:00-04:00,59.055999755859375,59.803001403808594,59.055999755859375,59.64250183105469,59.64250183105469,21768000
2019-08-30 00:00:00-04:00,59.92499923706055,59.92499923706055,59.19015121459961,59.404998779296875,59.404998779296875,22596000
2019-09-03 00:00:00-04:00,58.85150146484375,59.34450149536133,58.15999984741211,58.419498443603516,58.419498443603516,29598000
2019-09-04 00:00:00-04:00,58.83549880981445,59.17399978637695,58.54999923706055,59.070499420166016,59.070499420166016,21378000
2019-09-05 00:00:00-04:00,59.576499938964844,60.652000427246094,59.576499938964844,60.569000244140625,60.569000244140625,28162000
2019-09-06 00:00:00-04:00,60.40650177001953,60.60074996948242,60.1260986328125,60.246498107910156,60.246498107910156,21442000
2019-09-09 00:00:00-04:00,60.20000076293945,61.0,59.63100051879883,60.22050094604492,60.22050094604492,29438000
2019-09-10 00:00:00-04:00,59.75749969482422,60.5,59.729000091552734,60.29999923706055,60.29999923706055,25202000
2019-09-11 00:00:00-04:00,60.170501708984375,61.130001068115234,60.11000061035156,61.00849914550781,61.00849914550781,26140000
2019-09-12 00:00:00-04:00,61.21500015258789,62.09299850463867,61.1510009765625,61.712501525878906,61.712501525878906,34518000
2019-09-13 00:00:00-04:00,61.567501068115234,62.04399871826172,61.35049819946289,61.97800064086914,61.97800064086914,26028000
2019-09-16 00:00:00-04:00,61.47600173950195,61.97800064086914,61.28049850463867,61.564998626708984,61.564998626708984,21066000
2019-09-17 00:00:00-04:00,61.52000045776367,61.75,61.18450164794922,61.45750045776367,61.45750045776367,19102000
2019-09-18 00:00:00-04:00,61.3754997253418,61.78049850463867,60.826499938964844,61.62049865722656,61.62049865722656,22702000
2019-09-19 00:00:00-04:00,61.60300064086914,62.22200012207031,61.60100173950195,61.93550109863281,61.93550109863281,19920000
2019-09-20 00:00:00-04:00,61.65599822998047,62.16600036621094,61.15399932861328,61.496498107910156,61.496498107910156,45400000
2019-09-23 00:00:00-04:00,61.29999923706055,61.954498291015625,61.208499908447266,61.701499938964844,61.701499938964844,21248000
2019-09-24 00:00:00-04:00,62.0,62.33700180053711,60.534000396728516,60.9379997253418,60.9379997253418,31664000
2019-09-25 00:00:00-04:00,60.79100036621094,62.415000915527344,60.50450134277344,62.32600021362305,62.32600021362305,29060000
2019-09-26 00:00:00-04:00,62.097999572753906,62.25,61.613399505615234,62.06949996948242,62.06949996948242,30760000
2019-09-27 00:00:00-04:00,62.1505012512207,62.20100021362305,60.72249984741211,61.25450134277344,61.25450134277344,27078000
2019-09-30 00:00:00-04:00,61.048500061035156,61.29999923706055,60.6150016784668,60.95000076293945,60.95000076293945,28082000
2019-10-01 00:00:00-04:00,60.95000076293945,61.561500549316406,60.17900085449219,60.255001068115234,60.255001068115234,25470000
2019-10-02 00:00:00-04:00,59.8489990234375,59.8489990234375,58.56449890136719,58.83150100708008,58.83150100708008,32302000
2019-10-03 00:00:00-04:00,59.0,59.452999114990234,58.121498107910156,59.39149856567383,59.39149856567383,32424000
2019-10-04 00:00:00-04:00,59.59450149536133,60.571998596191406,59.458499908447266,60.45000076293945,60.45000076293945,23248000
2019-10-07 00:00:00-04:00,60.220001220703125,60.91019821166992,60.1875,60.38399887084961,60.38399887084961,16858000
2019-10-08 00:00:00-04:00,59.87950134277344,60.30400085449219,59.45050048828125,59.45650100708008,59.45650100708008,20786000
2019-10-09 00:00:00-04:00,59.967498779296875,60.41749954223633,59.881500244140625,60.115501403808594,60.115501403808594,17354000
2019-10-10 00:00:00-04:00,59.92900085449219,60.75,59.867000579833984,60.43349838256836,60.43349838256836,16932000
2019-10-11 00:00:00-04:00,61.11050033569336,61.419498443603516,60.6870002746582,60.772499084472656,60.772499084472656,25454000
2019-10-14 00:00:00-04:00,60.617000579833984,61.31650161743164,60.5880012512207,60.856998443603516,60.856998443603516,17350000
2019-10-15 00:00:00-04:00,61.02000045776367,62.36650085449219,61.02000045776367,62.1505012512207,62.1505012512207,27634000
2019-10-16 00:00:00-04:00,62.05849838256836,62.73699951171875,61.92250061035156,62.18199920654297,62.18199920654297,21892000
2019-10-17 00:00:00-04:00,62.54650115966797,63.1662483215332,62.49700164794922,62.653499603271484,62.653499603271484,19048000
2019-10-18 00:00:00-04:00,62.67300033569336,62.94449996948242,62.05400085449219,62.27450180053711,62.27450180053711,27056000
2019-10-21 00:00:00-04:00,62.612998962402344,62.731449127197266,62.029998779296875,62.307498931884766,62.307498931884766,20544000
2019-10-22 00:00:00-04:00,62.39250183105469,62.529998779296875,62.069000244140625,62.13999938964844,62.13999938964844,20476000
2019-10-23 00:00:00-04:00,62.11800003051758,62.99449920654297,62.11800003051758,62.95650100708008,62.95650100708008,18230000
2019-10-24 00:00:00-04:00,63.04499816894531,63.20000076293945,62.68574905395508,63.04949951171875,63.04949951171875,20562000
2019-10-25 00:00:00-04:00,62.55149841308594,63.47999954223633,62.5004997253418,63.256500244140625,63.256500244140625,24262000
2019-10-28 00:00:00-04:00,63.772499084472656,64.96549987792969,63.62699890136719,64.5,64.5,52264000
2019-10-29 00:00:00-04:00,63.811500549316406,64.07949829101562,62.860599517822266,63.13100051879883,63.13100051879883,37728000
2019-10-30 00:00:00-04:00,62.64849853515625,63.46799850463867,62.599998474121094,63.06449890136719,63.06449890136719,28178000
2019-10-31 00:00:00-04:00,63.06399917602539,63.38349914550781,62.54214859008789,63.00550079345703,63.00550079345703,29114000
2019-11-01 00:00:00-04:00,63.25,63.73099899291992,63.025001525878906,63.6870002746582,63.6870002746582,33402000
2019-11-04 00:00:00-05:00,63.8224983215332,64.70649719238281,63.8177490234375,64.56849670410156,64.56849670410156,30020000
2019-11-05 00:00:00-05:00,64.64450073242188,64.94650268554688,64.56144714355469,64.60150146484375,64.60150146484375,25654000
2019-11-06 00:00:00-05:00,64.4729995727539,64.6865005493164,64.125,64.58999633789062,64.58999633789062,23060000
2019-11-07 00:00:00-05:00,64.71399688720703,66.18699645996094,64.71224975585938,65.44300079345703,65.44300079345703,40600000
2019-11-08 00:00:00-05:00,65.26399993896484,65.9000015258789,65.21824645996094,65.56849670410156,65.56849670410156,25028000
2019-11-11 00:00:00-05:00,65.15899658203125,65.32125091552734,64.87049865722656,64.95950317382812,64.95950317382812,20238000
2019-11-12 00:00:00-05:00,65.0,65.5,64.78849792480469,64.94000244140625,64.94000244140625,21718000
2019-11-13 00:00:00-05:00,64.70349884033203,65.21499633789062,64.67549896240234,64.9000015258789,64.9000015258789,16534000
2019-11-14 00:00:00-05:00,64.875,65.8499984741211,64.78250122070312,65.572998046875,65.572998046875,23870000
2019-11-15 00:00:00-05:00,65.9469985961914,66.74400329589844,65.71399688720703,66.74349975585938,66.74349975585938,35652000
2019-11-18 00:00:00-05:00,66.61100006103516,66.77645111083984,65.875,66.03500366210938,66.03500366210938,29748000
2019-11-19 00:00:00-05:00,66.38500213623047,66.38500213623047,65.63999938964844,65.77300262451172,65.77300262451172,25384000
2019-11-20 00:00:00-05:00,65.58699798583984,65.75,64.55750274658203,65.15249633789062,65.15249633789062,26172000
2019-11-21 00:00:00-05:00,65.0739974975586,65.62950134277344,64.6500015258789,65.06749725341797,65.06749725341797,19910000
2019-11-22 00:00:00-05:00,65.28099822998047,65.4365005493164,64.57050323486328,64.76699829101562,64.76699829101562,27714000
2019-11-25 00:00:00-05:00,64.95899963378906,65.56549835205078,64.90650177001953,65.33450317382812,65.33450317382812,20724000
2019-11-26 00:00:00-05:00,65.49299621582031,65.73999786376953,65.25450134277344,65.67749786376953,65.67749786376953,21394000
2019-11-27 00:00:00-05:00,65.75,65.91799926757812,65.48149871826172,65.64949798583984,65.64949798583984,19912000
2019-11-29 00:00:00-05:00,65.35600280761719,65.51024627685547,65.19850158691406,65.24800109863281,65.24800109863281,11740000
2019-12-02 00:00:00-05:00,65.05000305175781,65.29149627685547,64.05000305175781,64.49600219726562,64.49600219726562,30218000
2019-12-03 00:00:00-05:00,63.97850036621094,64.92304992675781,63.95000076293945,64.76399993896484,64.76399993896484,22876000
2019-12-04 00:00:00-05:00,65.35050201416016,66.29000091552734,65.24349975585938,66.0270004272461,66.0270004272461,30750000
2019-12-05 00:00:00-05:00,66.4000015258789,66.46790313720703,65.8219985961914,66.40650177001953,66.40650177001953,24254000
2019-12-06 00:00:00-05:00,66.6719970703125,67.19999694824219,66.6719970703125,67.03099822998047,67.03099822998047,26296000
2019-12-09 00:00:00-05:00,66.9020004272461,67.97250366210938,66.89199829101562,67.1780014038086,67.1780014038086,27086000
2019-12-10 00:00:00-05:00,67.07499694824219,67.49874877929688,66.802001953125,67.23300170898438,67.23300170898438,21882000
2019-12-11 00:00:00-05:00,67.54199981689453,67.55999755859375,67.13349914550781,67.2509994506836,67.2509994506836,17008000
2019-12-12 00:00:00-05:00,67.2969970703125,67.78874969482422,67.0250015258789,67.51349639892578,67.51349639892578,25620000
2019-12-13 00:00:00-05:00,67.39749908447266,67.65464782714844,67.19349670410156,67.3915023803711,67.3915023803711,30992000
2019-12-16 00:00:00-05:00,67.82499694824219,68.23400115966797,67.63349914550781,68.05850219726562,68.05850219726562,27946000
2019-12-17 00:00:00-05:00,68.14450073242188,68.25,67.56614685058594,67.75599670410156,67.75599670410156,37080000
2019-12-18 00:00:00-05:00,67.83000183105469,68.02349853515625,67.55000305175781,67.63099670410156,67.63099670410156,30452000
2019-12-19 00:00:00-05:00,67.59100341796875,67.90499877929688,67.44924926757812,67.802001953125,67.802001953125,29398000
2019-12-20 00:00:00-05:00,68.1675033569336,68.18199920654297,67.44999694824219,67.47949981689453,67.47949981689453,66300000
2019-12-23 00:00:00-05:00,67.79350280761719,67.98999786376953,67.32550048828125,67.44200134277344,67.44200134277344,17662000
2019-12-24 00:00:00-05:00,67.42500305175781,67.51300048828125,67.13899993896484,67.1780014038086,67.1780014038086,6950000
2019-12-26 00:00:00-05:00,67.30850219726562,68.06635284423828,67.22350311279297,68.0199966430664,68.0199966430664,13350000
2019-12-27 00:00:00-05:00,68.14949798583984,68.22650146484375,67.46549987792969,67.59449768066406,67.59449768066406,20768000
2019-12-30 00:00:00-05:00,67.5,67.6500015258789,66.70099639892578,66.80699920654297,66.80699920654297,21018000
2019-12-31 00:00:00-05:00,66.50550079345703,66.9000015258789,66.4542465209961,66.85099792480469,66.85099792480469,19236000
2020-01-02 00:00:00-05:00,67.07749938964844,68.40699768066406,67.07749938964844,68.36849975585938,68.36849975585938,28132000
2020-01-03 00:00:00-05:00,67.39299774169922,68.625,67.2771987915039,68.03299713134766,68.03299713134766,23728000
2020-01-06 00:00:00-05:00,67.5,69.82499694824219,67.5,69.71050262451172,69.71050262451172,34646000
2020-01-07 00:00:00-05:00,69.89700317382812,70.14949798583984,69.51899719238281,69.66699981689453,69.66699981689453,30054000
2020-01-08 00:00:00-05:00,69.60399627685547,70.5790023803711,69.54199981689453,70.21600341796875,70.21600341796875,30560000
2020-01-09 00:00:00-05:00,71.02850341796875,71.36650085449219,70.51349639892578,70.99150085449219,70.99150085449219,30018000
2020-01-10 00:00:00-05:00,71.37799835205078,71.74645233154297,70.9175033569336,71.48650360107422,71.48650360107422,36414000
2020-01-13 00:00:00-05:00,71.80650329589844,72.0260009765625,71.3010025024414,71.96150207519531,71.96150207519531,33046000
2020-01-14 00:00:00-05:00,71.95050048828125,72.08999633789062,71.41850280761719,71.54399871826172,71.54399871826172,31178000
2020-01-15 00:00:00-05:00,71.510498046875,72.06974792480469,71.510498046875,71.95999908447266,71.95999908447266,25654000
2020-01-16 00:00:00-05:00,72.37200164794922,72.59950256347656,72.0459976196289,72.58499908447266,72.58499908447266,23474000
2020-01-17 00:00:00-05:00,73.14550018310547,74.06475067138672,72.91100311279297,74.01950073242188,74.01950073242188,47924000
2020-01-21 00:00:00-05:00,73.95600128173828,74.59249877929688,73.55999755859375,74.22000122070312,74.22000122070312,40734000
2020-01-22 00:00:00-05:00,74.55000305175781,75.16069793701172,74.24649810791016,74.29750061035156,74.29750061035156,32216000
2020-01-23 00:00:00-05:00,74.38200378417969,74.7760009765625,74.1050033569336,74.3324966430664,74.3324966430664,27024000
2020-01-24 00:00:00-05:00,74.67949676513672,74.77474975585938,73.26249694824219,73.33550262451172,73.33550262451172,35692000
2020-01-27 00:00:00-05:00,71.55000305175781,71.90350341796875,71.05999755859375,71.69499969482422,71.69499969482422,35104000
2020-01-28 00:00:00-05:00,72.1500015258789,72.80000305175781,71.62349700927734,72.62799835205078,72.62799835205078,31548000
2020-01-29 00:00:00-05:00,72.94000244140625,73.27149963378906,72.33699798583984,72.93150329589844,72.93150329589844,21554000
2020-01-30 00:00:00-05:00,71.99800109863281,72.86399841308594,71.81999969482422,72.79199981689453,72.79199981689453,26788000
2020-01-31 00:00:00-05:00,73.44499969482422,73.50650024414062,71.42649841308594,71.71150207519531,71.71150207519531,48344000
2020-02-03 00:00:00-05:00,73.0999984741211,74.5,72.94950103759766,74.2969970703125,74.2969970703125,60736000
2020-02-04 00:00:00-05:00,72.85350036621094,73.4749984741211,71.31500244140625,72.35350036621094,72.35350036621094,78660000
2020-02-05 00:00:00-05:00,73.12100219726562,73.19200134277344,71.52799987792969,72.4114990234375,72.4114990234375,39724000
2020-02-06 00:00:00-05:00,72.5165023803711,74.0999984741211,72.47850036621094,73.8115005493164,73.8115005493164,33588000
2020-02-07 00:00:00-05:00,73.36499786376953,74.29199981689453,73.31749725341797,73.96150207519531,73.96150207519531,23446000
2020-02-10 00:00:00-05:00,73.71600341796875,75.4749984741211,73.71600341796875,75.43399810791016,75.43399810791016,28398000
2020-02-11 00:00:00-05:00,75.59049987792969,76.48149871826172,75.28189849853516,75.43949890136719,75.43949890136719,26892000
2020-02-12 00:00:00-05:00,75.7239990234375,76.03475189208984,75.40550231933594,75.91349792480469,75.91349792480469,23352000
2020-02-13 00:00:00-05:00,75.6344985961914,76.35900115966797,75.2300033569336,75.73300170898438,75.73300170898438,18590000
2020-02-14 00:00:00-05:00,75.77999877929688,76.03700256347656,75.36699676513672,76.03700256347656,76.03700256347656,23956000
2020-02-18 00:00:00-05:00,75.75,76.58149719238281,75.62950134277344,75.9834976196289,75.9834976196289,22414000
2020-02-19 00:00:00-05:00,76.25350189208984,76.60530090332031,76.06999969482422,76.33450317382812,76.33450317382812,18986000
2020-02-20 00:00:00-05:00,76.0999984741211,76.48200225830078,75.34100341796875,75.90750122070312,75.90750122070312,21932000
2020-02-21 00:00:00-05:00,75.40149688720703,75.61074829101562,74.02200317382812,74.25550079345703,74.25550079345703,34634000
2020-02-24 00:00:00-05:00,71.30549621582031,71.84850311279297,70.56950378417969,71.07949829101562,71.07949829101562,57342000
2020-02-25 00:00:00-05:00,71.6500015258789,71.90699768066406,69.12000274658203,69.42250061035156,69.42250061035156,49566000
2020-02-26 00:00:00-05:00,69.80699920654297,70.78500366210938,68.94999694824219,69.65899658203125,69.65899658203125,44048000
2020-02-27 00:00:00-05:00,68.10299682617188,68.58519744873047,65.8584976196289,65.90450286865234,65.90450286865234,59566000
2020-02-28 00:00:00-05:00,63.875,67.05699920654297,63.54999923706055,66.96649932861328,66.96649932861328,75782000
2020-03-02 00:00:00-05:00,67.58049774169922,69.54350280761719,66.34075164794922,69.45549774169922,69.45549774169922,48630000
2020-03-03 00:00:00-05:00,69.97100067138672,70.50749969482422,66.5999984741211,67.06950378417969,67.06950378417969,48046000
2020-03-04 00:00:00-05:00,67.96150207519531,69.40450286865234,67.15550231933594,69.32599639892578,69.32599639892578,38266000
2020-03-05 00:00:00-05:00,67.51000213623047,67.94550323486328,65.25499725341797,65.9520034790039,65.9520034790039,51226000
2020-03-06 00:00:00-05:00,63.85300064086914,65.31099700927734,63.0525016784668,64.92050170898438,64.92050170898438,53212000
2020-03-09 00:00:00-04:00,60.26499938964844,62.737998962402344,60.0,60.77799987792969,60.77799987792969,67308000
2020-03-10 00:00:00-04:00,63.0,64.05750274658203,60.938499450683594,64.01950073242188,64.01950073242188,52228000
2020-03-11 00:00:00-04:00,62.48500061035156,63.04800033569336,59.80350112915039,60.77050018310547,60.77050018310547,52170000
2020-03-12 00:00:00-04:00,56.29999923706055,59.69350051879883,55.665000915527344,55.74549865722656,55.74549865722656,84534000
2020-03-13 00:00:00-04:00,58.95000076293945,60.987998962402344,55.85715103149414,60.98649978637695,60.98649978637695,74002000
2020-03-16 00:00:00-04:00,54.79999923706055,57.61334991455078,53.72200012207031,54.21649932861328,54.21649932861328,85048000
2020-03-17 00:00:00-04:00,54.65549850463867,56.542999267578125,52.800498962402344,55.9900016784668,55.9900016784668,77230000
2020-03-18 00:00:00-04:00,52.82550048828125,55.32500076293945,51.86399841308594,54.84000015258789,54.84000015258789,84668000
2020-03-19 00:00:00-04:00,54.65250015258789,57.89849853515625,53.005401611328125,55.76449966430664,55.76449966430664,73022000
2020-03-20 00:00:00-04:00,56.7859992980957,57.199501037597656,53.27450180053711,53.61600112915039,53.61600112915039,72036000
2020-03-23 00:00:00-04:00,53.066001892089844,53.566001892089844,50.67679977416992,52.83100128173828,52.83100128173828,80882000
2020-03-24 00:00:00-04:00,55.188499450683594,56.75,54.53099822998047,56.722999572753906,56.722999572753906,66890000
2020-03-25 00:00:00-04:00,56.32350158691406,57.44499969482422,54.300498962402344,55.1245002746582,55.1245002746582,81630000
2020-03-26 00:00:00-04:00,55.59000015258789,58.49850082397461,54.67649841308594,58.087501525878906,58.087501525878906,71434000
2020-03-27 00:00:00-04:00,56.28350067138672,57.53350067138672,55.295501708984375,55.535499572753906,55.535499572753906,64170000
2020-03-30 00:00:00-04:00,56.25199890136719,57.58150100708008,54.82400131225586,57.340999603271484,57.340999603271484,51482000
2020-03-31 00:00:00-04:00,57.3650016784668,58.765499114990234,56.90700149536133,58.140499114990234,58.140499114990234,49728000
2020-04-01 00:00:00-04:00,56.099998474121094,56.484500885009766,54.872501373291016,55.28099822998047,55.28099822998047,46884000
2020-04-02 00:00:00-04:00,54.91299819946289,56.34299850463867,54.81999969482422,56.04199981689453,56.04199981689453,39298000
2020-04-03 00:00:00-04:00,55.950748443603516,56.176998138427734,53.990501403808594,54.89400100708008,54.89400100708008,46268000
2020-04-06 00:00:00-04:00,56.900001525878906,59.733001708984375,56.547000885009766,59.34600067138672,59.34600067138672,53294000
2020-04-07 00:00:00-04:00,61.04999923706055,61.25,59.11149978637695,59.32550048828125,59.32550048828125,47746000
2020-04-08 00:00:00-04:00,60.32500076293945,60.95349884033203,59.40800094604492,60.513999938964844,60.513999938964844,39502000
2020-04-09 00:00:00-04:00,61.20399856567383,61.278499603271484,59.83675003051758,60.5724983215332,60.5724983215332,43508000
2020-04-13 00:00:00-04:00,60.45899963378906,61.0255012512207,59.37990188598633,60.87799835205078,60.87799835205078,34796000
2020-04-14 00:00:00-04:00,62.25450134277344,64.10350036621094,61.846500396728516,63.46149826049805,63.46149826049805,49408000
2020-04-15 00:00:00-04:00,62.28049850463867,64.02300262451172,62.02000045776367,63.12350082397461,63.12350082397461,33434000
2020-04-16 00:00:00-04:00,63.70500183105469,63.95000076293945,62.13100051879883,63.173500061035156,63.173500061035156,50362000
2020-04-17 00:00:00-04:00,64.24250030517578,64.72149658203125,63.561500549316406,64.1624984741211,64.1624984741211,38980000
2020-04-20 00:00:00-04:00,63.54999923706055,64.08000183105469,63.06850051879883,63.330501556396484,63.330501556396484,33910000
2020-04-21 00:00:00-04:00,62.349998474121094,62.7135009765625,60.48550033569336,60.81700134277344,60.81700134277344,43060000
2020-04-22 00:00:00-04:00,62.277000427246094,64.28064727783203,62.099998474121094,63.160499572753906,63.160499572753906,41848000
2020-04-23 00:00:00-04:00,63.57749938964844,64.66549682617188,63.28350067138672,63.81549835205078,63.81549835205078,31324000
2020-04-24 00:00:00-04:00,63.05849838256836,64.0199966430664,62.47249984741211,63.96549987792969,63.96549987792969,32792000
2020-04-27 00:00:00-04:00,64.80000305175781,64.80750274658203,63.45000076293945,63.79399871826172,63.79399871826172,32012000
2020-04-28 00:00:00-04:00,64.39649963378906,64.40249633789062,61.61000061035156,61.68349838256836,61.68349838256836,59026000
2020-04-29 00:00:00-04:00,67.072998046875,67.99949645996094,66.26699829101562,67.0739974975586,67.0739974975586,75872000
2020-04-30 00:00:00-04:00,66.24400329589844,67.64099884033203,66.12449645996094,67.43299865722656,67.43299865722656,53378000
2020-05-01 00:00:00-04:00,66.42500305175781,67.60350036621094,65.55000305175781,66.03050231933594,66.03050231933594,41450000
2020-05-04 00:00:00-04:00,65.4114990234375,66.38300323486328,64.94999694824219,66.33999633789062,66.33999633789062,30080000
2020-05-05 00:00:00-04:00,66.89600372314453,68.6969985961914,66.87300109863281,67.55549621582031,67.55549621582031,33030000
2020-05-06 00:00:00-04:00,68.08450317382812,68.55599975585938,67.364501953125,67.36499786376953,67.36499786376953,24308000
2020-05-07 00:00:00-04:00,68.2969970703125,68.87999725341797,67.76349639892578,68.62799835205078,68.62799835205078,27952000
2020-05-08 00:00:00-04:00,69.15650177001953,69.93800354003906,68.77400207519531,69.41850280761719,69.41850280761719,27738000
2020-05-11 00:00:00-04:00,68.91400146484375,70.82649993896484,68.85759735107422,70.16300201416016,70.16300201416016,28242000
2020-05-12 00:00:00-04:00,70.35600280761719,70.75,68.7385025024414,68.78700256347656,68.78700256347656,27812000
2020-05-13 00:00:00-04:00,68.85250091552734,69.27410125732422,66.41999816894531,67.46649932861328,67.46649932861328,36252000
2020-05-14 00:00:00-04:00,66.7509994506836,67.87100219726562,66.19550323486328,67.80650329589844,67.80650329589844,32062000
2020-05-15 00:00:00-04:00,67.5,68.7239990234375,66.94999694824219,68.65950012207031,68.65950012207031,34154000
2020-05-18 00:00:00-04:00,68.0875015258789,69.61624908447266,67.7125015258789,69.1969985961914,69.1969985961914,36448000
2020-05-19 00:00:00-04:00,69.349853515625,69.5999984741211,68.67424774169922,68.67424774169922,68.67424774169922,25612000
2020-05-20 00:00:00-04:00,69.47899627685547,70.52100372314453,69.36250305175781,70.33599853515625,70.33599853515625,33108000
2020-05-21 00:00:00-04:00,70.4000015258789,70.77449798583984,69.67250061035156,70.13999938964844,70.13999938964844,27700000
2020-05-22 00:00:00-04:00,69.83550262451172,70.63800048828125,69.59149932861328,70.52100372314453,70.52100372314453,26188000
2020-05-26 00:00:00-04:00,71.8635025024414,72.05000305175781,70.60649871826172,70.85099792480469,70.85099792480469,41212000
2020-05-27 00:00:00-04:00,70.86250305175781,71.08699798583984,69.56449890136719,70.89199829101562,70.89199829101562,33716000
2020-05-28 00:00:00-04:00,69.84300231933594,72.04199981689453,69.80000305175781,70.83650207519531,70.83650207519531,33844000
2020-05-29 00:00:00-04:00,70.84700012207031,71.62850189208984,70.6675033569336,71.44599914550781,71.44599914550781,36418000
2020-06-01 00:00:00-04:00,70.91950225830078,71.89800262451172,70.9000015258789,71.59100341796875,71.59100341796875,24342000
2020-06-02 00:00:00-04:00,71.52749633789062,71.98049926757812,70.94149780273438,71.96099853515625,71.96099853515625,25562000
2020-06-03 00:00:00-04:00,71.91500091552734,72.32759857177734,71.48885345458984,71.81900024414062,71.81900024414062,25124000
2020-06-04 00:00:00-04:00,71.5199966430664,71.947998046875,70.23650360107422,70.60900115966797,70.60900115966797,29686000
2020-06-05 00:00:00-04:00,70.65850067138672,72.25250244140625,70.30000305175781,71.91950225830078,71.91950225830078,34698000
2020-06-08 00:00:00-04:00,71.11699676513672,72.39949798583984,71.11699676513672,72.33049774169922,72.33049774169922,28084000
2020-06-09 00:00:00-04:00,72.26799774169922,73.4000015258789,72.1604995727539,72.80799865722656,72.80799865722656,28184000
2020-06-10 00:00:00-04:00,72.97699737548828,73.71295166015625,72.8134994506836,73.2925033569336,73.2925033569336,30504000
2020-06-11 00:00:00-04:00,72.1240005493164,72.72374725341797,70.0999984741211,70.19200134277344,70.19200134277344,39826000
2020-06-12 00:00:00-04:00,71.42449951171875,71.8499984741211,69.3010025024414,70.65899658203125,70.65899658203125,38928000
2020-06-15 00:00:00-04:00,69.54000091552734,71.23999786376953,69.39600372314453,70.99250030517578,70.99250030517578,30078000
2020-06-16 00:00:00-04:00,72.26100158691406,72.7509994506836,71.29499816894531,72.13600158691406,72.13600158691406,34184000
2020-06-17 00:00:00-04:00,72.35800170898438,73.0,71.56900024414062,72.55599975585938,72.55599975585938,30992000
2020-06-18 00:00:00-04:00,72.45800018310547,72.57050323486328,71.35050201416016,71.7979965209961,71.7979965209961,31638000
2020-06-19 00:00:00-04:00,72.19999694824219,72.38999938964844,71.06749725341797,71.58599853515625,71.58599853515625,63158000
2020-06-22 00:00:00-04:00,71.44999694824219,72.63749694824219,71.1604995727539,72.59300231933594,72.59300231933594,30848000
2020-06-23 00:00:00-04:00,72.78199768066406,73.79705047607422,72.26200103759766,73.22049713134766,73.22049713134766,28596000
2020-06-24 00:00:00-04:00,73.07550048828125,73.77100372314453,71.48750305175781,71.59850311279297,71.59850311279297,35120000
2020-06-25 00:00:00-04:00,71.49500274658203,72.1449966430664,71.0,72.06649780273438,72.06649780273438,24610000
2020-06-26 00:00:00-04:00,71.56950378417969,71.67250061035156,67.59950256347656,67.99500274658203,67.99500274658203,85354000
2020-06-29 00:00:00-04:00,67.90899658203125,69.77999877929688,67.35050201416016,69.74849700927734,69.74849700927734,36204000
2020-06-30 00:00:00-04:00,69.52200317382812,70.93250274658203,69.197998046875,70.68049621582031,70.68049621582031,40848000
2020-07-01 00:00:00-04:00,70.55500030517578,72.1500015258789,70.49099731445312,71.9020004272461,71.9020004272461,35504000
2020-07-02 00:00:00-04:00,72.34700012207031,74.14749908447266,72.32099914550781,73.23500061035156,73.23500061035156,37182000
2020-07-06 00:00:00-04:00,74.00299835205078,75.32949829101562,73.64299774169922,74.78500366210938,74.78500366210938,31280000
2020-07-07 00:00:00-04:00,74.5,75.83999633789062,74.17749786376953,74.25900268554688,74.25900268554688,29164000
2020-07-08 00:00:00-04:00,74.71600341796875,75.29399871826172,74.28150177001953,74.80000305175781,74.80000305175781,24994000
2020-07-09 00:00:00-04:00,75.32250213623047,76.13600158691406,74.40425109863281,75.54949951171875,75.54949951171875,28466000
2020-07-10 00:00:00-04:00,75.30750274658203,77.19149780273438,74.8270034790039,77.08699798583984,77.08699798583984,37126000
2020-07-13 00:00:00-04:00,77.5,78.85659790039062,75.26215362548828,75.56700134277344,75.56700134277344,36928000
2020-07-14 00:00:00-04:00,74.5155029296875,76.14749908447266,74.17500305175781,76.02899932861328,76.02899932861328,31700000
2020-07-15 00:00:00-04:00,76.15650177001953,76.7665023803711,74.9000015258789,75.68199920654297,75.68199920654297,32214000
2020-07-16 00:00:00-04:00,75.0,75.93450164794922,74.31549835205078,75.9000015258789,75.9000015258789,30386000
2020-07-17 00:00:00-04:00,76.08100128173828,76.1719970703125,74.9209976196289,75.77749633789062,75.77749633789062,29134000
2020-07-20 00:00:00-04:00,75.76300048828125,78.5145034790039,75.18000030517578,78.28600311279297,78.28600311279297,31146000
2020-07-21 00:00:00-04:00,79.34950256347656,79.34950256347656,77.71399688720703,77.9209976196289,77.9209976196289,24324000
2020-07-22 00:00:00-04:00,78.0250015258789,78.5,77.30500030517578,78.42449951171875,78.42449951171875,18640000
2020-07-23 00:00:00-04:00,78.34850311279297,78.59349822998047,75.36959838867188,75.78399658203125,75.78399658203125,32552000
2020-07-24 00:00:00-04:00,74.94650268554688,75.88179779052734,74.41999816894531,75.59349822998047,75.59349822998047,30880000
2020-07-27 00:00:00-04:00,75.77999877929688,77.04850006103516,75.760498046875,76.51000213623047,76.51000213623047,24920000
2020-07-28 00:00:00-04:00,76.25900268554688,76.3239974975586,74.88300323486328,75.01699829101562,75.01699829101562,34044000
2020-07-29 00:00:00-04:00,75.31600189208984,76.5625991821289,75.06649780273438,76.10099792480469,76.10099792480469,22130000
2020-07-30 00:00:00-04:00,74.8499984741211,76.89350128173828,74.61100006103516,76.57250213623047,76.57250213623047,33428000
2020-07-31 00:00:00-04:00,75.25050354003906,75.44750213623047,72.70149993896484,74.14800262451172,74.14800262451172,68798000
2020-08-03 00:00:00-04:00,74.33200073242188,74.52349853515625,73.28199768066406,73.72250366210938,73.72250366210938,46604000
2020-08-04 00:00:00-04:00,73.82849884033203,74.27799987792969,72.93250274658203,73.24849700927734,73.24849700927734,38070000
2020-08-05 00:00:00-04:00,73.46499633789062,74.12049865722656,73.1729965209961,73.68049621582031,73.68049621582031,39590000
2020-08-06 00:00:00-04:00,73.5875015258789,75.11949920654297,73.30000305175781,75.00499725341797,75.00499725341797,39908000
2020-08-07 00:00:00-04:00,75.0,75.84224700927734,74.08200073242188,74.72450256347656,74.72450256347656,31556000
2020-08-10 00:00:00-04:00,74.35900115966797,75.20375061035156,73.65399932861328,74.80500030517578,74.80500030517578,25786000
2020-08-11 00:00:00-04:00,74.62200164794922,75.5,73.9000015258789,74.01599884033203,74.01599884033203,29088000
2020-08-12 00:00:00-04:00,74.27899932861328,75.61930084228516,74.26249694824219,75.33100128173828,75.33100128173828,28740000
2020-08-13 00:00:00-04:00,75.51699829101562,76.86250305175781,75.40025329589844,75.92250061035156,75.92250061035156,29104000
2020-08-14 00:00:00-04:00,75.78299713134766,76.09500122070312,75.14399719238281,75.3864974975586,75.3864974975586,27096000
2020-08-17 00:00:00-04:00,75.7334976196289,76.28050231933594,75.39849853515625,75.89900207519531,75.89900207519531,27566000
2020-08-18 00:00:00-04:00,76.30899810791016,78.12349700927734,76.18550109863281,77.93000030517578,77.93000030517578,40542000
2020-08-19 00:00:00-04:00,77.66549682617188,78.68399810791016,77.19750213623047,77.37650299072266,77.37650299072266,33212000
2020-08-20 00:00:00-04:00,77.17250061035156,79.29350280761719,76.91000366210938,79.0875015258789,79.0875015258789,34138000
2020-08-21 00:00:00-04:00,78.85150146484375,79.88600158691406,78.40025329589844,79.02100372314453,79.02100372314453,28930000
2020-08-24 00:00:00-04:00,79.6989974975586,80.70850372314453,79.02850341796875,79.41000366210938,79.41000366210938,28198000
2020-08-25 00:00:00-04:00,79.10350036621094,80.58100128173828,79.10350036621094,80.41100311279297,80.41100311279297,44942000
2020-08-26 00:00:00-04:00,80.4000015258789,82.96099853515625,80.18000030517578,82.61900329589844,82.61900329589844,79868000
2020-08-27 00:00:00-04:00,82.68399810791016,82.75,81.2874984741211,81.71649932861328,81.71649932861328,37232000
2020-08-28 00:00:00-04:00,81.67449951171875,82.3584976196289,81.5374984741211,82.22049713134766,82.22049713134766,29980000
2020-08-31 00:00:00-04:00,82.39450073242188,82.39824676513672,81.5155029296875,81.70899963378906,81.70899963378906,36468000
2020-09-01 00:00:00-04:00,81.83149719238281,83.2864990234375,81.61100006103516,83.0354995727539,83.0354995727539,36506000
2020-09-02 00:00:00-04:00,83.68875122070312,86.65899658203125,83.31649780273438,86.41400146484375,86.41400146484375,50224000
2020-09-03 00:00:00-04:00,85.48570251464844,85.48570251464844,80.75299835205078,82.09200286865234,82.09200286865234,62156000
2020-09-04 00:00:00-04:00,81.21299743652344,82.25550079345703,77.38065338134766,79.552001953125,79.552001953125,52172000
2020-09-08 00:00:00-04:00,76.67549896240234,78.19325256347656,76.40049743652344,76.61949920654297,76.61949920654297,52218000
2020-09-09 00:00:00-04:00,77.87650299072266,78.44999694824219,76.80255126953125,77.8479995727539,77.8479995727539,35494000
2020-09-10 00:00:00-04:00,78.03199768066406,79.20404815673828,76.29025268554688,76.60099792480469,76.60099792480469,32372000
2020-09-11 00:00:00-04:00,76.80000305175781,78.76000213623047,74.86799621582031,76.03600311279297,76.03600311279297,31942000
2020-09-14 00:00:00-04:00,76.95024871826172,78.19999694824219,75.78700256347656,75.96399688720703,75.96399688720703,33932000
2020-09-15 00:00:00-04:00,76.80000305175781,77.97850036621094,76.59175109863281,77.0719985961914,77.0719985961914,26622000
2020-09-16 00:00:00-04:00,77.7770004272461,78.0999984741211,75.99099731445312,76.04499816894531,76.04499816894531,26234000
2020-09-17 00:00:00-04:00,74.80000305175781,75.41490173339844,73.5,74.77649688720703,74.77649688720703,37596000
2020-09-18 00:00:00-04:00,74.90049743652344,75.150146484375,71.85649871826172,72.99949645996094,72.99949645996094,62078000
2020-09-21 00:00:00-04:00,72.00299835205078,72.41799926757812,70.32749938964844,71.55799865722656,71.55799865722656,57776000
2020-09-22 00:00:00-04:00,72.50450134277344,73.47599792480469,71.72650146484375,73.27300262451172,73.27300262451172,31664000
2020-09-23 00:00:00-04:00,72.93900299072266,73.0479965209961,70.38500213623047,70.760498046875,70.760498046875,33148000
2020-09-24 00:00:00-04:00,70.55149841308594,72.1854476928711,70.49250030517578,71.41449737548828,71.41449737548828,29004000
2020-09-25 00:00:00-04:00,71.63150024414062,72.5,70.66699981689453,72.24800109863281,72.24800109863281,26460000
2020-09-28 00:00:00-04:00,73.71050262451172,73.83999633789062,72.46504974365234,73.22599792480469,73.22599792480469,40158000
2020-09-29 00:00:00-04:00,73.51950073242188,73.8331527709961,72.94024658203125,73.46649932861328,73.46649932861328,19564000
2020-09-30 00:00:00-04:00,73.33999633789062,74.48750305175781,72.99400329589844,73.4800033569336,73.4800033569336,34032000
2020-10-01 00:00:00-04:00,74.2135009765625,74.9520034790039,73.96050262451172,74.50450134277344,74.50450134277344,35590000
2020-10-02 00:00:00-04:00,73.10150146484375,74.16000366210938,72.5459976196289,72.9209976196289,72.9209976196289,25682000
2020-10-05 00:00:00-04:00,73.31050109863281,74.4104995727539,73.2135009765625,74.3010025024414,74.3010025024414,22266000
2020-10-06 00:00:00-04:00,73.77899932861328,74.33799743652344,72.42949676513672,72.6719970703125,72.6719970703125,24908000
2020-10-07 00:00:00-04:00,73.2145004272461,73.447998046875,71.80000305175781,73.0145034790039,73.0145034790039,34924000
2020-10-08 00:00:00-04:00,73.25450134277344,74.5,73.25450134277344,74.29650115966797,74.29650115966797,23756000
2020-10-09 00:00:00-04:00,74.73500061035156,75.82599639892578,74.47250366210938,75.76100158691406,75.76100158691406,28706000
2020-10-12 00:00:00-04:00,77.1500015258789,79.69300079345703,76.62850189208984,78.4574966430664,78.4574966430664,49652000
2020-10-13 00:00:00-04:00,79.1865005493164,79.5,78.16000366210938,78.58399963378906,78.58399963378906,32020000
2020-10-14 00:00:00-04:00,78.92949676513672,79.38420104980469,77.52649688720703,78.40399932861328,78.40399932861328,38586000
2020-10-15 00:00:00-04:00,77.35749816894531,78.7552490234375,77.25150299072266,77.95649719238281,77.95649719238281,30800000
2020-10-16 00:00:00-04:00,78.2925033569336,79.05650329589844,78.1500015258789,78.65049743652344,78.65049743652344,28694000
2020-10-19 00:00:00-04:00,79.02300262451172,79.40750122070312,76.4000015258789,76.73049926757812,76.73049926757812,32142000
2020-10-20 00:00:00-04:00,76.35250091552734,78.875,76.28350067138672,77.79650115966797,77.79650115966797,44834000
2020-10-21 00:00:00-04:00,78.66649627685547,80.9365005493164,78.58149719238281,79.66549682617188,79.66549682617188,51366000
2020-10-22 00:00:00-04:00,79.65249633789062,81.09950256347656,79.25,80.7665023803711,80.7665023803711,28672000
2020-10-23 00:00:00-04:00,81.30349731445312,82.11799621582031,81.02549743652344,82.05000305175781,82.05000305175781,27516000
2020-10-26 00:00:00-04:00,81.25050354003906,81.91200256347656,78.82499694824219,79.52249908447266,79.52249908447266,37066000
2020-10-27 00:00:00-04:00,79.78350067138672,80.34224700927734,79.13899993896484,80.21299743652344,80.21299743652344,24580000
2020-10-28 00:00:00-04:00,77.98699951171875,78.06749725341797,75.73100280761719,75.83100128173828,75.83100128173828,36680000
2020-10-29 00:00:00-04:00,76.11799621582031,79.68550109863281,76.11199951171875,78.36199951171875,78.36199951171875,40062000
2020-10-30 00:00:00-04:00,83.60549926757812,84.3499984741211,80.2229995727539,81.05049896240234,81.05049896240234,86582000
2020-11-02 00:00:00-05:00,81.40799713134766,83.03849792480469,80.80149841308594,81.30149841308594,81.30149841308594,50708000
2020-11-03 00:00:00-05:00,81.58899688720703,83.08499908447266,80.83100128173828,82.510498046875,82.510498046875,33234000
2020-11-04 00:00:00-05:00,85.51399993896484,88.56825256347656,85.30149841308594,87.45649719238281,87.45649719238281,71418000
2020-11-05 00:00:00-05:00,89.05000305175781,89.68199920654297,87.52549743652344,88.16850280761719,88.16850280761719,41316000
2020-11-06 00:00:00-05:00,87.69750213623047,88.62149810791016,87.01750183105469,88.0875015258789,88.0875015258789,33218000
2020-11-09 00:00:00-05:00,89.54499816894531,90.90299987792969,88.0009994506836,88.1500015258789,88.1500015258789,45366000
2020-11-10 00:00:00-05:00,86.55449676513672,88.1500015258789,85.86499786376953,87.01950073242188,87.01950073242188,52722000
2020-11-11 00:00:00-05:00,87.5,88.21099853515625,87.36824798583984,87.635498046875,87.635498046875,25280000
2020-11-12 00:00:00-05:00,87.38150024414062,88.41349792480469,87.27999877929688,87.49199676513672,87.49199676513672,24950000
2020-11-13 00:00:00-05:00,87.88150024414062,89.052001953125,87.22750091552734,88.85099792480469,88.85099792480469,29998000
2020-11-16 00:00:00-05:00,88.58499908447266,89.95349884033203,88.3844985961914,89.06900024414062,89.06900024414062,24936000
2020-11-17 00:00:00-05:00,88.84700012207031,89.25,88.3499984741211,88.50749969482422,88.50749969482422,22942000
2020-11-18 00:00:00-05:00,88.2614974975586,88.67350006103516,87.30699920654297,87.33899688720703,87.33899688720703,23470000
2020-11-19 00:00:00-05:00,86.91899871826172,88.47949981689453,86.85025024414062,88.19599914550781,88.19599914550781,24998000
2020-11-20 00:00:00-05:00,88.260498046875,88.69999694824219,87.09300231933594,87.1094970703125,87.1094970703125,46270000
2020-11-23 00:00:00-05:00,87.4800033569336,87.69499969482422,85.88600158691406,86.74299621582031,86.74299621582031,43232000
2020-11-24 00:00:00-05:00,86.5250015258789,88.58000183105469,86.3844985961914,88.44400024414062,88.44400024414062,31560000
2020-11-25 00:00:00-05:00,88.64450073242188,88.927001953125,87.8270034790039,88.57150268554688,88.57150268554688,20916000
2020-11-27 00:00:00-05:00,88.65450286865234,90.19999694824219,88.62200164794922,89.65950012207031,89.65950012207031,17698000
2020-11-30 00:00:00-05:00,89.05919647216797,89.40325164794922,87.75,88.03700256347656,88.03700256347656,36476000
2020-12-01 00:00:00-05:00,88.71849822998047,91.24150085449219,88.46849822998047,89.90499877929688,89.90499877929688,34738000
2020-12-02 00:00:00-05:00,89.90499877929688,91.78250122070312,89.47364807128906,91.39749908447266,91.39749908447266,24440000
2020-12-03 00:00:00-05:00,91.20050048828125,92.36000061035156,91.13249969482422,91.3385009765625,91.3385009765625,24546000
2020-12-04 00:00:00-05:00,91.22599792480469,91.65799713134766,90.84950256347656,91.39949798583984,91.39949798583984,27564000
2020-12-07 00:00:00-05:00,90.94999694824219,91.61849975585938,90.28900146484375,90.9739990234375,90.9739990234375,26418000
2020-12-08 00:00:00-05:00,90.50499725341797,91.09500122070312,89.81024932861328,90.92749786376953,90.92749786376953,21926000
2020-12-09 00:00:00-05:00,90.60050201416016,91.7135009765625,88.3905029296875,89.20649719238281,89.20649719238281,30152000
2020-12-10 00:00:00-05:00,88.48999786376953,89.06549835205078,87.01599884033203,88.7665023803711,88.7665023803711,27256000
2020-12-11 00:00:00-05:00,88.15299987792969,89.22250366210938,88.0,89.0885009765625,89.0885009765625,24414000
2020-12-14 00:00:00-05:00,88.75,89.86949920654297,87.86074829101562,88.00299835205078,88.00299835205078,32004000
2020-12-15 00:00:00-05:00,88.22100067138672,88.57099914550781,87.49749755859375,88.38849639892578,88.38849639892578,29646000
2020-12-16 00:00:00-05:00,88.64399719238281,88.6500015258789,87.80400085449219,88.1500015258789,88.1500015258789,30270000
2020-12-17 00:00:00-05:00,88.42549896240234,88.58920288085938,86.93299865722656,87.3949966430664,87.3949966430664,32494000
2020-12-18 00:00:00-05:00,87.70899963378906,87.75550079345703,86.01100158691406,86.55049896240234,86.55049896240234,80328000
2020-12-21 00:00:00-05:00,85.67549896240234,87.0425033569336,84.94999694824219,86.96849822998047,86.96849822998047,36568000
2020-12-22 00:00:00-05:00,86.72149658203125,86.87024688720703,85.62875366210938,86.17500305175781,86.17500305175781,18734000
2020-12-23 00:00:00-05:00,86.40550231933594,87.39949798583984,86.25199890136719,86.61900329589844,86.61900329589844,20676000
2020-12-24 00:00:00-05:00,86.75,87.30000305175781,86.45549774169922,86.94249725341797,86.94249725341797,6936000
2020-12-28 00:00:00-05:00,87.58174896240234,89.5363998413086,87.3167495727539,88.80449676513672,88.80449676513672,27860000
2020-12-29 00:00:00-05:00,89.3895034790039,89.62200164794922,87.80449676513672,87.93599700927734,87.93599700927734,25988000
2020-12-30 00:00:00-05:00,88.10050201416016,88.25475311279297,86.27999877929688,86.97599792480469,86.97599792480469,26122000
2020-12-31 00:00:00-05:00,86.77100372314453,87.94650268554688,86.77100372314453,87.59400177001953,87.59400177001953,20238000
2021-01-04 00:00:00-05:00,87.87699890136719,88.03250122070312,85.39250183105469,86.41200256347656,86.41200256347656,38038000
2021-01-05 00:00:00-05:00,86.25,87.38349914550781,85.90074920654297,87.0459976196289,87.0459976196289,22906000
2021-01-06 00:00:00-05:00,85.13150024414062,87.4000015258789,84.94999694824219,86.7645034790039,86.7645034790039,52042000
2021-01-07 00:00:00-05:00,87.00299835205078,89.41999816894531,86.85250091552734,89.36250305175781,89.36250305175781,45300000
2021-01-08 00:00:00-05:00,89.39900207519531,90.49199676513672,88.67675018310547,90.3604965209961,90.3604965209961,41012000
2021-01-11 00:00:00-05:00,89.30349731445312,89.71575164794922,88.0260009765625,88.33599853515625,88.33599853515625,24194000
2021-01-12 00:00:00-05:00,87.69599914550781,88.9020004272461,86.2655029296875,87.32749938964844,87.32749938964844,27140000
2021-01-13 00:00:00-05:00,86.92900085449219,88.25174713134766,86.90049743652344,87.72000122070312,87.72000122070312,21882000
2021-01-14 00:00:00-05:00,87.68099975585938,88.75050354003906,86.66999816894531,87.00900268554688,87.00900268554688,23590000
2021-01-15 00:00:00-05:00,86.90950012207031,87.80000305175781,86.07749938964844,86.80950164794922,86.80950164794922,26844000
2021-01-19 00:00:00-05:00,87.61250305175781,90.46375274658203,87.072998046875,89.54299926757812,89.54299926757812,34692000
2021-01-20 00:00:00-05:00,91.572998046875,95.18550109863281,91.27649688720703,94.34500122070312,94.34500122070312,49806000
2021-01-21 00:00:00-05:00,94.9000015258789,96.74299621582031,94.35549926757812,94.5625,94.5625,41278000
2021-01-22 00:00:00-05:00,94.78399658203125,95.54750061035156,94.08799743652344,95.05249786376953,95.05249786376953,25442000
2021-01-25 00:00:00-05:00,96.03350067138672,96.47899627685547,93.37650299072266,94.97000122070312,94.97000122070312,38546000
2021-01-26 00:00:00-05:00,94.44200134277344,96.25,94.21224975585938,95.86199951171875,95.86199951171875,26262000
2021-01-27 00:00:00-05:00,94.12650299072266,94.5,90.44999694824219,91.53949737548828,91.53949737548828,54966000
2021-01-28 00:00:00-05:00,92.1969985961914,94.94149780273438,92.13200378417969,93.15550231933594,93.15550231933594,35462000
2021-01-29 00:00:00-05:00,92.30850219726562,92.86399841308594,90.51000213623047,91.78700256347656,91.78700256347656,32252000
2021-02-01 00:00:00-05:00,92.67849731445312,96.11959838867188,92.54650115966797,95.06749725341797,95.06749725341797,32044000
2021-02-02 00:00:00-05:00,96.12799835205078,97.78800201416016,95.72450256347656,96.37550354003906,96.37550354003906,45474000
2021-02-03 00:00:00-05:00,103.6500015258789,105.82499694824219,100.91899871826172,103.50350189208984,103.50350189208984,82364000
2021-02-04 00:00:00-05:00,103.44450378417969,103.92749786376953,102.12950134277344,103.11849975585938,103.11849975585938,37046000
2021-02-05 00:00:00-05:00,103.5,105.12550354003906,102.96649932861328,104.9000015258789,104.9000015258789,30702000
2021-02-08 00:00:00-05:00,105.29550170898438,106.17735290527344,103.5999984741211,104.64550018310547,104.64550018310547,24838000
2021-02-09 00:00:00-05:00,103.927001953125,105.25650024414062,103.927001953125,104.17549896240234,104.17549896240234,17798000
2021-02-10 00:00:00-05:00,104.71050262451172,105.41850280761719,103.15450286865234,104.76899719238281,104.76899719238281,22710000
2021-02-11 00:00:00-05:00,104.97550201416016,105.10150146484375,103.86599731445312,104.79450225830078,104.79450225830078,18914000
2021-02-12 00:00:00-05:00,104.51249694824219,105.44100189208984,104.15650177001953,105.20549774169922,105.20549774169922,17114000
2021-02-16 00:00:00-05:00,105.21800231933594,107.63400268554688,105.21800231933594,106.09500122070312,106.09500122070312,22676000
2021-02-17 00:00:00-05:00,105.0,106.68299865722656,104.94599914550781,106.41549682617188,106.41549682617188,21418000
2021-02-18 00:00:00-05:00,105.51950073242188,106.63674926757812,105.18550109863281,105.86000061035156,105.86000061035156,22432000
2021-02-19 00:00:00-05:00,105.9635009765625,106.52649688720703,104.87049865722656,105.05699920654297,105.05699920654297,29148000
2021-02-22 00:00:00-05:00,103.3499984741211,104.57099914550781,103.10700225830078,103.24400329589844,103.24400329589844,27350000
2021-02-23 00:00:00-05:00,101.25050354003906,104.10050201416016,100.10099792480469,103.54299926757812,103.54299926757812,33348000
2021-02-24 00:00:00-05:00,102.09149932861328,105.03900146484375,101.90650177001953,104.75849914550781,104.75849914550781,24966000
2021-02-25 00:00:00-05:00,103.37249755859375,104.74400329589844,101.06449890136719,101.56800079345703,101.56800079345703,36568000
2021-02-26 00:00:00-05:00,102.5260009765625,103.55049896240234,100.8030014038086,101.84300231933594,101.84300231933594,41670000
2021-03-01 00:00:00-05:00,102.82599639892578,104.32599639892578,102.30500030517578,104.07550048828125,104.07550048828125,28090000
2021-03-02 00:00:00-05:00,103.80950164794922,105.21849822998047,103.56300354003906,103.79199981689453,103.79199981689453,22692000
2021-03-03 00:00:00-05:00,103.3604965209961,104.4259033203125,100.5,101.33550262451172,101.33550262451172,29684000
2021-03-04 00:00:00-05:00,101.16850280761719,104.46199798583984,101.01349639892578,102.45449829101562,102.45449829101562,42360000
2021-03-05 00:00:00-05:00,103.65599822998047,105.90550231933594,102.32074737548828,105.427001953125,105.427001953125,43904000
2021-03-08 00:00:00-05:00,105.05650329589844,106.44049835205078,101.08049774169922,101.20850372314453,101.20850372314453,32948000
2021-03-09 00:00:00-05:00,103.5,103.9020004272461,102.3915023803711,102.63500213623047,102.63500213623047,33946000
2021-03-10 00:00:00-05:00,103.58799743652344,103.75,101.66850280761719,102.75150299072266,102.75150299072266,25372000
2021-03-11 00:00:00-05:00,103.7030029296875,106.28500366210938,103.61900329589844,105.7385025024414,105.7385025024414,24782000
2021-03-12 00:00:00-05:00,104.25,104.51300048828125,102.37750244140625,103.09600067138672,103.09600067138672,34516000
2021-03-15 00:00:00-04:00,103.11499786376953,103.35299682617188,102.17549896240234,103.32450103759766,103.32450103759766,25962000
2021-03-16 00:00:00-04:00,103.94950103759766,106.1780014038086,103.5,104.6259994506836,104.6259994506836,29832000
2021-03-17 00:00:00-04:00,103.80149841308594,105.48899841308594,102.69999694824219,104.55400085449219,104.55400085449219,25980000
2021-03-18 00:00:00-04:00,103.05000305175781,103.7750015258789,101.67749786376953,101.81099700927734,101.81099700927734,27228000
2021-03-19 00:00:00-04:00,102.10250091552734,102.65499877929688,100.88400268554688,102.16000366210938,102.16000366210938,46298000
2021-03-22 00:00:00-04:00,102.09200286865234,102.89949798583984,101.30349731445312,101.92949676513672,101.92949676513672,39096000
2021-03-23 00:00:00-04:00,102.58499908447266,103.61509704589844,101.96099853515625,102.64800262451172,102.64800262451172,27340000
2021-03-24 00:00:00-04:00,103.26850128173828,103.9104995727539,102.07775115966797,102.25299835205078,102.25299835205078,23080000
2021-03-25 00:00:00-04:00,102.2405014038086,102.94349670410156,100.5364990234375,102.21800231933594,102.21800231933594,28378000
2021-03-26 00:00:00-04:00,101.94300079345703,102.54949951171875,100.70099639892578,101.77749633789062,101.77749633789062,29870000
2021-03-29 00:00:00-04:00,101.39399719238281,102.92150115966797,100.78099822998047,102.79750061035156,102.79750061035156,24596000
2021-03-30 00:00:00-04:00,102.88150024414062,103.53900146484375,102.20149993896484,102.7770004272461,102.7770004272461,20732000
2021-03-31 00:00:00-04:00,102.95600128173828,104.66635131835938,102.83724975585938,103.43150329589844,103.43150329589844,29198000
2021-04-01 00:00:00-04:00,104.89749908447266,107.14700317382812,104.84449768066406,106.88749694824219,106.88749694824219,33980000
2021-04-05 00:00:00-04:00,107.64700317382812,111.8655014038086,107.58100128173828,111.27749633789062,111.27749633789062,43298000
2021-04-06 00:00:00-04:00,111.125,111.88300323486328,110.73999786376953,111.23750305175781,111.23750305175781,27060000
2021-04-07 00:00:00-04:00,111.30650329589844,112.75,111.2665023803711,112.48400115966797,112.48400115966797,25798000
2021-04-08 00:00:00-04:00,113.89800262451172,114.20024871826172,112.88400268554688,113.27200317382812,113.27200317382812,27166000
2021-04-09 00:00:00-04:00,112.83499908447266,114.4520034790039,112.68569946289062,114.29399871826172,114.29399871826172,20888000
2021-04-12 00:00:00-04:00,113.3125,113.76599884033203,111.92324829101562,112.739501953125,112.739501953125,31318000
2021-04-13 00:00:00-04:00,113.07350158691406,113.8604965209961,112.80449676513672,113.3635025024414,113.3635025024414,23310000
2021-04-14 00:00:00-04:00,113.75800323486328,113.89949798583984,112.45950317382812,112.74199676513672,112.74199676513672,20220000
2021-04-15 00:00:00-04:00,113.8489990234375,115.32984924316406,113.30000305175781,114.83300018310547,114.83300018310547,27472000
2021-04-16 00:00:00-04:00,115.1500015258789,115.3219985961914,114.22250366210938,114.88800048828125,114.88800048828125,22596000
2021-04-19 00:00:00-04:00,114.5989990234375,115.92250061035156,114.39225006103516,115.12000274658203,115.12000274658203,24688000
2021-04-20 00:00:00-04:00,115.39450073242188,115.4800033569336,113.58550262451172,114.68150329589844,114.68150329589844,21774000
2021-04-21 00:00:00-04:00,114.26249694824219,114.76599884033203,112.92849731445312,114.66449737548828,114.66449737548828,23930000
2021-04-22 00:00:00-04:00,114.6614990234375,115.18810272216797,112.82250213623047,113.39600372314453,113.39600372314453,21096000
2021-04-23 00:00:00-04:00,114.17350006103516,116.29100036621094,113.9104995727539,115.76499938964844,115.76499938964844,28670000
2021-04-26 00:00:00-04:00,115.99649810791016,117.06300354003906,115.69200134277344,116.33699798583984,116.33699798583984,20834000
2021-04-27 00:00:00-04:00,116.80000305175781,116.87249755859375,115.2135009765625,115.35600280761719,115.35600280761719,31972000
2021-04-28 00:00:00-04:00,120.35724639892578,122.618896484375,118.74250030517578,118.99549865722656,118.99549865722656,59728000
2021-04-29 00:00:00-04:00,120.5165023803711,121.82599639892578,120.11399841308594,121.49449920654297,121.49449920654297,39554000
2021-04-30 00:00:00-04:00,120.22450256347656,121.35700225830078,120.10800170898438,120.50599670410156,120.50599670410156,39142000
2021-05-03 00:00:00-04:00,120.13600158691406,120.98500061035156,119.2249984741211,119.75849914550781,119.75849914550781,33788000
2021-05-04 00:00:00-04:00,118.48699951171875,118.96299743652344,115.58499908447266,117.7125015258789,117.7125015258789,35120000
2021-05-05 00:00:00-04:00,118.4209976196289,119.11000061035156,117.57050323486328,117.83699798583984,117.83699798583984,21806000
2021-05-06 00:00:00-04:00,117.53199768066406,119.135498046875,117.11689758300781,119.06749725341797,119.06749725341797,20618000
2021-05-07 00:00:00-04:00,120.0,120.82050323486328,119.5,119.93450164794922,119.93450164794922,23272000
2021-05-10 00:00:00-04:00,118.74449920654297,118.9000015258789,116.73650360107422,117.08300018310547,117.08300018310547,26006000
2021-05-11 00:00:00-04:00,114.59300231933594,116.0999984741211,114.1500015258789,115.43800354003906,115.43800354003906,32110000
2021-05-12 00:00:00-04:00,113.08550262451172,114.26850128173828,111.50250244140625,111.9540023803711,111.9540023803711,34934000
2021-05-13 00:00:00-04:00,113.05449676513672,113.83004760742188,112.13600158691406,113.09850311279297,113.09850311279297,26670000
2021-05-14 00:00:00-04:00,114.59149932861328,116.05699920654297,114.16600036621094,115.80799865722656,115.80799865722656,26624000
2021-05-17 00:00:00-04:00,115.46600341796875,116.16699981689453,114.75,116.07050323486328,116.07050323486328,19842000
2021-05-18 00:00:00-04:00,116.84529876708984,117.15750122070312,115.15799713134766,115.17150115966797,115.17150115966797,17302000
2021-05-19 00:00:00-04:00,113.22000122070312,115.83799743652344,113.1760025024414,115.43550109863281,115.43550109863281,19350000
2021-05-20 00:00:00-04:00,116.4020004272461,118.01699829101562,116.05449676513672,117.80449676513672,117.80449676513672,23832000
2021-05-21 00:00:00-04:00,118.29949951171875,118.44999694824219,117.11849975585938,117.25499725341797,117.25499725341797,22832000
2021-05-24 00:00:00-04:00,118.3499984741211,120.92400360107422,118.00550079345703,120.33350372314453,120.33350372314453,21244000
2021-05-25 00:00:00-04:00,121.0,121.64450073242188,120.14949798583984,120.45349884033203,120.45349884033203,18838000
2021-05-26 00:00:00-04:00,120.6417465209961,122.14720153808594,120.62574768066406,121.67649841308594,121.67649841308594,21856000
2021-05-27 00:00:00-04:00,121.84700012207031,122.0,120.0999984741211,120.12550354003906,120.12550354003906,38962000
2021-05-28 00:00:00-04:00,121.0979995727539,121.40699768066406,120.3844985961914,120.5780029296875,120.5780029296875,24108000
2021-06-01 00:00:00-04:00,121.0999984741211,121.89855194091797,120.24400329589844,121.4905014038086,121.4905014038086,19166000
2021-06-02 00:00:00-04:00,121.7655029296875,122.0999984741211,120.20999908447266,121.06400299072266,121.06400299072266,17158000
2021-06-03 00:00:00-04:00,119.7509994506836,120.48725128173828,119.1415023803711,120.23049926757812,120.23049926757812,18346000
2021-06-04 00:00:00-04:00,121.1259994506836,122.69294738769531,120.88849639892578,122.58799743652344,122.58799743652344,25948000
2021-06-07 00:00:00-04:00,122.56600189208984,123.4000015258789,122.05364990234375,123.30449676513672,123.30449676513672,23850000
2021-06-08 00:00:00-04:00,123.99500274658203,124.72474670410156,123.41200256347656,124.14250183105469,124.14250183105469,25060000
2021-06-09 00:00:00-04:00,124.9749984741211,125.25,124.36650085449219,124.56999969482422,124.56999969482422,20126000
2021-06-10 00:00:00-04:00,124.70050048828125,126.16300201416016,124.69999694824219,126.08000183105469,126.08000183105469,31234000
2021-06-11 00:00:00-04:00,126.24600219726562,126.34950256347656,124.91449737548828,125.69650268554688,125.69650268554688,25240000
2021-06-14 00:00:00-04:00,125.66950225830078,126.4114990234375,125.0469970703125,126.35199737548828,126.35199737548828,22550000
2021-06-15 00:00:00-04:00,126.52200317382812,126.86199951171875,125.64849853515625,126.03299713134766,126.03299713134766,22182000
2021-06-16 00:00:00-04:00,126.24749755859375,126.52349853515625,124.14994812011719,125.69650268554688,125.69650268554688,26316000
2021-06-17 00:00:00-04:00,125.52300262451172,127.19650268554688,125.51499938964844,126.37100219726562,126.37100219726562,25756000
2021-06-18 00:00:00-04:00,125.70549774169922,126.38899993896484,124.60299682617188,125.56749725341797,125.56749725341797,53306000
2021-06-21 00:00:00-04:00,125.73999786376953,127.03675079345703,125.13424682617188,126.45500183105469,126.45500183105469,26256000
2021-06-22 00:00:00-04:00,126.44999694824219,127.2699966430664,126.02649688720703,126.99949645996094,126.99949645996094,20984000
2021-06-23 00:00:00-04:00,126.55000305175781,127.7959976196289,126.25199890136719,126.46150207519531,126.46150207519531,19694000
2021-06-24 00:00:00-04:00,127.05349731445312,127.5354995727539,126.95999908447266,127.28199768066406,127.28199768066406,18934000
2021-06-25 00:00:00-04:00,126.95700073242188,127.50499725341797,126.44400024414062,126.99500274658203,126.99500274658203,33484000
2021-06-28 00:00:00-04:00,127.0,127.33699798583984,125.97380065917969,126.81950378417969,126.81950378417969,28110000
2021-06-29 00:00:00-04:00,126.77249908447266,127.0,125.43699645996094,126.01850128173828,126.01850128173828,20950000
2021-06-30 00:00:00-04:00,125.65354919433594,125.80000305175781,124.75749969482422,125.31600189208984,125.31600189208984,24006000
2021-07-01 00:00:00-04:00,124.84974670410156,126.4625015258789,124.84974670410156,126.36849975585938,126.36849975585938,17120000
2021-07-02 00:00:00-04:00,126.8395004272461,128.84800720214844,126.76899719238281,128.718994140625,128.718994140625,21160000
2021-07-06 00:00:00-04:00,129.44949340820312,129.88450622558594,128.40899658203125,129.77099609375,129.77099609375,21350000
2021-07-07 00:00:00-04:00,130.34100341796875,130.639892578125,129.75999450683594,130.07749938964844,130.07749938964844,16680000
2021-07-08 00:00:00-04:00,128.25,130.03250122070312,128.0399932861328,129.177001953125,129.177001953125,19780000
2021-07-09 00:00:00-04:00,128.9445037841797,129.84950256347656,128.94349670410156,129.57449340820312,129.57449340820312,15106000
2021-07-12 00:00:00-04:00,129.83349609375,130.77000427246094,129.60000610351562,130.56399536132812,130.56399536132812,16944000
2021-07-13 00:00:00-04:00,130.88150024414062,132.04200744628906,130.63699340820312,130.9945068359375,130.9945068359375,16618000
2021-07-14 00:00:00-04:00,131.90150451660156,132.99600219726562,131.8979949951172,132.08250427246094,132.08250427246094,17912000
2021-07-15 00:00:00-04:00,132.5,132.59500122070312,130.59800720214844,131.26649475097656,131.26649475097656,16586000
2021-07-16 00:00:00-04:00,131.64100646972656,132.18299865722656,130.82150268554688,131.8455047607422,131.8455047607422,14856000
2021-07-19 00:00:00-04:00,131.15550231933594,131.2469940185547,128.53700256347656,129.25399780273438,129.25399780273438,25710000
2021-07-20 00:00:00-04:00,130.00399780273438,132.0013427734375,129.1884002685547,131.10150146484375,131.10150146484375,19084000
2021-07-21 00:00:00-04:00,130.78700256347656,132.61724853515625,130.60150146484375,132.60049438476562,132.60049438476562,14742000
2021-07-22 00:00:00-04:00,132.64999389648438,133.50450134277344,132.39999389648438,133.32850646972656,133.32850646972656,13608000
2021-07-23 00:00:00-04:00,135.25999450683594,138.80850219726562,134.70050048828125,137.8159942626953,137.8159942626953,26378000
2021-07-26 00:00:00-04:00,138.25,139.71299743652344,137.6510009765625,139.64450073242188,139.64450073242188,23052000
2021-07-27 00:00:00-04:00,140.01100158691406,140.01100158691406,135.10000610351562,136.79649353027344,136.79649353027344,42164000
2021-07-28 00:00:00-04:00,138.56199645996094,139.67599487304688,136.35000610351562,136.38150024414062,136.38150024414062,54688000
2021-07-29 00:00:00-04:00,136.38059997558594,137.15150451660156,136.13800048828125,136.54049682617188,136.54049682617188,19284000
2021-07-30 00:00:00-04:00,135.51100158691406,135.77134704589844,134.81419372558594,135.2209930419922,135.2209930419922,23954000
2021-08-02 00:00:00-04:00,135.4844970703125,136.02049255371094,134.66949462890625,135.989501953125,135.989501953125,20140000
2021-08-03 00:00:00-04:00,136.0,136.3354949951172,134.18350219726562,136.27999877929688,136.27999877929688,19064000
2021-08-04 00:00:00-04:00,136.24949645996094,136.53799438476562,135.4149932861328,136.02850341796875,136.02850341796875,16528000
2021-08-05 00:00:00-04:00,136.02850341796875,136.9499969482422,135.60000610351562,136.94000244140625,136.94000244140625,11866000
2021-08-06 00:00:00-04:00,136.2949981689453,137.08004760742188,136.04649353027344,137.03599548339844,137.03599548339844,13560000
2021-08-09 00:00:00-04:00,136.94900512695312,138.32150268554688,136.4287567138672,138.0019989013672,138.0019989013672,12374000
2021-08-10 00:00:00-04:00,138.07949829101562,138.55149841308594,137.22650146484375,138.09649658203125,138.09649658203125,16034000
2021-08-11 00:00:00-04:00,138.2830047607422,138.84774780273438,137.35000610351562,137.6894989013672,137.6894989013672,15204000
2021-08-12 00:00:00-04:00,137.71299743652344,138.41799926757812,136.7790069580078,138.38949584960938,138.38949584960938,14646000
2021-08-13 00:00:00-04:00,138.3574981689453,138.6739959716797,138.0050048828125,138.406005859375,138.406005859375,12580000
2021-08-16 00:00:00-04:00,138.0,138.99049377441406,136.16575622558594,138.91600036621094,138.91600036621094,18040000
2021-08-17 00:00:00-04:00,138.1909942626953,138.718505859375,136.78750610351562,137.30050659179688,137.30050659179688,21272000
2021-08-18 00:00:00-04:00,137.11549377441406,138.29400634765625,136.42100524902344,136.57000732421875,136.57000732421875,14934000
2021-08-19 00:00:00-04:00,135.46749877929688,137.45199584960938,135.3560028076172,136.9134979248047,136.9134979248047,18296000
2021-08-20 00:00:00-04:00,137.08299255371094,138.614501953125,136.4669952392578,138.43699645996094,138.43699645996094,15564000
2021-08-23 00:00:00-04:00,138.99850463867188,142.177001953125,138.74795532226562,141.09950256347656,141.09950256347656,21090000
2021-08-24 00:00:00-04:00,141.5435028076172,143.00750732421875,141.35350036621094,142.39849853515625,142.39849853515625,15126000
2021-08-25 00:00:00-04:00,142.88299560546875,143.31300354003906,142.4394989013672,142.9499969482422,142.9499969482422,12838000
2021-08-26 00:00:00-04:00,142.61849975585938,143.13479614257812,142.0915069580078,142.1230010986328,142.1230010986328,14922000
2021-08-27 00:00:00-04:00,142.1125030517578,145.01100158691406,142.02000427246094,144.55050659179688,144.55050659179688,24562000
2021-08-30 00:00:00-04:00,144.70449829101562,146.489501953125,144.60000610351562,145.46949768066406,145.46949768066406,16916000
2021-08-31 00:00:00-04:00,145.88450622558594,146.11199951171875,145.0,145.46200561523438,145.46200561523438,26756000
2021-09-01 00:00:00-04:00,145.64999389648438,146.82049560546875,145.614501953125,145.8419952392578,145.8419952392578,15824000
2021-09-02 00:00:00-04:00,145.94949340820312,146.3249969482422,144.10650634765625,144.218994140625,144.218994140625,21844000
2021-09-03 00:00:00-04:00,144.14599609375,145.3769989013672,143.5050048828125,144.77499389648438,144.77499389648438,19104000
2021-09-07 00:00:00-04:00,144.74949645996094,145.82400512695312,144.54100036621094,145.5189971923828,145.5189971923828,15170000
2021-09-08 00:00:00-04:00,145.39349365234375,145.55099487304688,144.1999969482422,144.8834991455078,144.8834991455078,15486000
2021-09-09 00:00:00-04:00,144.8834991455078,145.66949462890625,144.4340057373047,144.9134979248047,144.9134979248047,14798000
2021-09-10 00:00:00-04:00,145.44349670410156,146.0189971923828,141.7415008544922,141.92100524902344,141.92100524902344,32896000
2021-09-13 00:00:00-04:00,143.2010040283203,144.1909942626953,142.28250122070312,143.46499633789062,143.46499633789062,20176000
2021-09-14 00:00:00-04:00,144.16099548339844,144.7274932861328,142.90550231933594,143.406005859375,143.406005859375,18916000
2021-09-15 00:00:00-04:00,143.75900268554688,145.5814971923828,142.25599670410156,145.20599365234375,145.20599365234375,20648000
2021-09-16 00:00:00-04:00,145.12100219726562,145.1999969482422,143.41635131835938,144.37350463867188,144.37350463867188,20292000
2021-09-17 00:00:00-04:00,143.79849243164062,144.24949645996094,141.06149291992188,141.4635009765625,141.4635009765625,60040000
2021-09-20 00:00:00-04:00,139.0001983642578,139.3625030517578,137.05299377441406,139.01699829101562,139.01699829101562,34918000
2021-09-21 00:00:00-04:00,140.11700439453125,140.8115997314453,138.90550231933594,139.64649963378906,139.64649963378906,18130000
2021-09-22 00:00:00-04:00,140.05050659179688,141.58349609375,139.4717559814453,140.93850708007812,140.93850708007812,22068000
2021-09-23 00:00:00-04:00,141.6094970703125,142.25245666503906,141.09649658203125,141.82650756835938,141.82650756835938,17272000
2021-09-24 00:00:00-04:00,140.9459991455078,142.90350341796875,140.85049438476562,142.63299560546875,142.63299560546875,14950000
2021-09-27 00:00:00-04:00,141.5854949951172,142.5,140.5,141.50100708007812,141.50100708007812,18844000
2021-09-28 00:00:00-04:00,139.0885009765625,139.60650634765625,135.6999969482422,136.1840057373047,136.1840057373047,42190000
2021-09-29 00:00:00-04:00,137.1096954345703,137.39849853515625,134.25,134.52099609375,134.52099609375,26338000
2021-09-30 00:00:00-04:00,134.3249969482422,135.58999633789062,133.0,133.2655029296875,133.2655029296875,35294000
2021-10-01 00:00:00-04:00,133.55450439453125,137.0709991455078,133.37750244140625,136.46249389648438,136.46249389648438,28388000
2021-10-04 00:00:00-04:00,135.69949340820312,135.6999969482422,131.16650390625,133.76499938964844,133.76499938964844,31530000
2021-10-05 00:00:00-04:00,134.0,137.36199951171875,134.0,136.177001953125,136.177001953125,24126000
2021-10-06 00:00:00-04:00,134.62550354003906,137.8520050048828,134.4864959716797,137.35400390625,137.35400390625,19764000
2021-10-07 00:00:00-04:00,138.86300659179688,140.15444946289062,138.56300354003906,139.1855010986328,139.1855010986328,18250000
2021-10-08 00:00:00-04:00,139.906005859375,140.31700134277344,139.42935180664062,140.05599975585938,140.05599975585938,18924000
2021-10-11 00:00:00-04:00,139.8000030517578,140.76365661621094,138.80650329589844,138.84750366210938,138.84750366210938,16584000
2021-10-12 00:00:00-04:00,139.6374969482422,139.69500732421875,136.25,136.71299743652344,136.71299743652344,22536000
2021-10-13 00:00:00-04:00,137.75,138.5500030517578,136.97650146484375,137.89999389648438,137.89999389648438,16380000
2021-10-14 00:00:00-04:00,139.95199584960938,141.65150451660156,139.33900451660156,141.41200256347656,141.41200256347656,21426000
2021-10-15 00:00:00-04:00,142.1999969482422,142.1999969482422,141.0644989013672,141.6750030517578,141.6750030517578,21250000
2021-10-18 00:00:00-04:00,141.2135009765625,142.99874877929688,141.2135009765625,142.9604949951172,142.9604949951172,16564000
2021-10-19 00:00:00-04:00,143.29150390625,144.10699462890625,143.0959930419922,143.82200622558594,143.82200622558594,15316000
2021-10-20 00:00:00-04:00,144.22250366210938,144.2477569580078,141.91200256347656,142.4149932861328,142.4149932861328,17940000
2021-10-21 00:00:00-04:00,142.19200134277344,142.84950256347656,141.63699340820312,142.78050231933594,142.78050231933594,14850000
2021-10-22 00:00:00-04:00,140.3509979248047,141.55850219726562,137.17050170898438,138.625,138.625,30182000
2021-10-25 00:00:00-04:00,138.8105010986328,139.20579528808594,136.74850463867188,138.7729949951172,138.7729949951172,21082000
2021-10-26 00:00:00-04:00,140.6060028076172,140.83949279785156,139.0054931640625,139.6719970703125,139.6719970703125,28258000
2021-10-27 00:00:00-04:00,139.90249633789062,149.1179962158203,139.90249633789062,146.42750549316406,146.42750549316406,51850000
2021-10-28 00:00:00-04:00,147.2989959716797,147.42449951171875,144.7635040283203,146.12899780273438,146.12899780273438,32418000
2021-10-29 00:00:00-04:00,145.52000427246094,148.61300659179688,145.16650390625,148.27049255371094,148.27049255371094,28954000
2021-11-01 00:00:00-04:00,148.1649932861328,148.39950561523438,143.57949829101562,143.7740020751953,143.7740020751953,32272000
2021-11-02 00:00:00-04:00,144.8094024658203,146.92050170898438,144.64100646972656,145.86300659179688,145.86300659179688,21150000
2021-11-03 00:00:00-04:00,146.27499389648438,146.91050720214844,145.05349731445312,146.7899932861328,146.7899932861328,17886000
2021-11-04 00:00:00-04:00,147.1999969482422,149.9499969482422,146.63499450683594,148.68299865722656,148.68299865722656,24700000
2021-11-05 00:00:00-04:00,149.35350036621094,150.5707550048828,148.65199279785156,149.24099731445312,149.24099731445312,20408000
2021-11-08 00:00:00-05:00,150.0,151.0345001220703,149.1199951171875,149.35150146484375,149.35150146484375,18388000
2021-11-09 00:00:00-05:00,149.74600219726562,150.3784942626953,147.5070037841797,149.24850463867188,149.24850463867188,16876000
2021-11-10 00:00:00-05:00,148.00975036621094,148.6999969482422,145.3249969482422,146.62600708007812,146.62600708007812,22708000
2021-11-11 00:00:00-05:00,147.10699462890625,148.5022430419922,146.6945037841797,146.7480010986328,146.7480010986328,12464000
2021-11-12 00:00:00-05:00,147.8314971923828,149.8594970703125,146.45399475097656,149.64549255371094,149.64549255371094,17048000
2021-11-15 00:00:00-05:00,150.0,150.4770050048828,148.65249633789062,149.38800048828125,149.38800048828125,16248000
2021-11-16 00:00:00-05:00,149.17050170898438,149.83250427246094,148.35000610351562,149.0760040283203,149.0760040283203,17254000
2021-11-17 00:00:00-05:00,149.22900390625,149.62600708007812,148.56300354003906,149.06199645996094,149.06199645996094,15290000
2021-11-18 00:00:00-05:00,149.14599609375,151.61000061035156,148.99850463867188,150.70899963378906,150.70899963378906,26658000
2021-11-19 00:00:00-05:00,151.0,151.85000610351562,149.8874969482422,149.95249938964844,149.95249938964844,19766000
2021-11-22 00:00:00-05:00,150.14175415039062,150.7445068359375,147.0054931640625,147.07850646972656,147.07850646972656,24608000
2021-11-23 00:00:00-05:00,147.11300659179688,147.69400024414062,144.88949584960938,146.7570037841797,146.7570037841797,18126000
2021-11-24 00:00:00-05:00,146.35000610351562,147.0,145.19900512695312,146.71749877929688,146.71749877929688,16464000
2021-11-26 00:00:00-05:00,145.0155029296875,145.2969970703125,142.48550415039062,142.80599975585938,142.80599975585938,16992000
2021-11-29 00:00:00-05:00,144.29849243164062,146.86199951171875,144.29849243164062,146.11399841308594,146.11399841308594,26276000
2021-11-30 00:00:00-05:00,145.45025634765625,146.6284942626953,142.0659942626953,142.45199584960938,142.45199584960938,41590000
2021-12-01 00:00:00-05:00,144.21249389648438,146.4991455078125,141.5,141.6179962158203,141.6179962158203,28476000
2021-12-02 00:00:00-05:00,141.82400512695312,144.6750030517578,140.98199462890625,143.77650451660156,143.77650451660156,21250000
2021-12-03 00:00:00-05:00,144.49549865722656,145.21299743652344,141.14999389648438,142.52049255371094,142.52049255371094,26688000
2021-12-06 00:00:00-05:00,143.57400512695312,144.35150146484375,140.64700317382812,143.79649353027344,143.79649353027344,22198000
2021-12-07 00:00:00-05:00,145.9499969482422,148.3000030517578,145.70249938964844,148.0364990234375,148.0364990234375,23258000
2021-12-08 00:00:00-05:00,148.3314971923828,149.156494140625,147.1999969482422,148.7205047607422,148.7205047607422,18964000
2021-12-09 00:00:00-05:00,148.17599487304688,149.60499572753906,147.5290069580078,148.1060028076172,148.1060028076172,18580000
2021-12-10 00:00:00-05:00,149.10000610351562,149.39999389648438,147.3574981689453,148.6750030517578,148.6750030517578,21634000
2021-12-13 00:00:00-05:00,148.44400024414062,148.5625,146.36000061035156,146.70449829101562,146.70449829101562,24104000
2021-12-14 00:00:00-05:00,144.77000427246094,145.44200134277344,142.24249267578125,144.9705047607422,144.9705047607422,24778000
2021-12-15 00:00:00-05:00,144.36599731445312,147.51724243164062,142.70550537109375,147.36849975585938,147.36849975585938,27280000
2021-12-16 00:00:00-05:00,148.07699584960938,148.55149841308594,144.09249877929688,144.8385009765625,144.8385009765625,27400000
2021-12-17 00:00:00-05:00,142.71449279785156,144.46009826660156,141.78799438476562,142.80299377441406,142.80299377441406,43404000
2021-12-20 00:00:00-05:00,140.67959594726562,142.61050415039062,140.25,142.40150451660156,142.40150451660156,20264000
2021-12-21 00:00:00-05:00,143.14999389648438,144.69204711914062,141.73500061035156,144.2205047607422,144.2205047607422,19548000
2021-12-22 00:00:00-05:00,144.10000610351562,147.30299377441406,143.96299743652344,146.94900512695312,146.94900512695312,18438000
2021-12-23 00:00:00-05:00,147.08949279785156,148.57260131835938,146.9508514404297,147.1425018310547,147.1425018310547,13818000
2021-12-27 00:00:00-05:00,147.4635009765625,148.42649841308594,147.25,148.06399536132812,148.06399536132812,13256000
2021-12-28 00:00:00-05:00,148.37449645996094,148.37449645996094,145.9355010986328,146.447998046875,146.447998046875,18624000
2021-12-29 00:00:00-05:00,146.42950439453125,147.18374633789062,145.50450134277344,146.50450134277344,146.50450134277344,17022000
2021-12-30 00:00:00-05:00,146.4499969482422,147.0625,145.7584991455078,146.00250244140625,146.00250244140625,12978000
2021-12-31 00:00:00-05:00,145.54400634765625,146.36500549316406,144.67750549316406,144.67950439453125,144.67950439453125,17298000
2022-01-03 00:00:00-05:00,144.47549438476562,145.5500030517578,143.50250244140625,145.07449340820312,145.07449340820312,25214000
2022-01-04 00:00:00-05:00,145.55050659179688,146.61000061035156,143.81614685058594,144.41650390625,144.41650390625,22928000
2022-01-05 00:00:00-05:00,144.18099975585938,144.29800415039062,137.52349853515625,137.65350341796875,137.65350341796875,49642000
2022-01-06 00:00:00-05:00,137.49749755859375,139.68600463867188,136.7635040283203,137.55099487304688,137.55099487304688,29050000
2022-01-07 00:00:00-05:00,137.90499877929688,138.25474548339844,135.78900146484375,137.00450134277344,137.00450134277344,19408000
2022-01-10 00:00:00-05:00,135.0989990234375,138.63999938964844,133.1405029296875,138.57400512695312,138.57400512695312,34096000
2022-01-11 00:00:00-05:00,138.1804962158203,140.32949829101562,136.81350708007812,140.0175018310547,140.0175018310547,23502000
2022-01-12 00:00:00-05:00,141.55450439453125,142.8142547607422,141.11199951171875,141.6479949951172,141.6479949951172,23642000
2022-01-13 00:00:00-05:00,141.8404998779297,143.1855010986328,138.91400146484375,139.13099670410156,139.13099670410156,26566000
2022-01-14 00:00:00-05:00,137.5,141.20050048828125,137.5,139.7864990234375,139.7864990234375,23826000
2022-01-18 00:00:00-05:00,136.60000610351562,137.39149475097656,135.61700439453125,136.29049682617188,136.29049682617188,27382000
2022-01-19 00:00:00-05:00,136.93850708007812,138.39950561523438,135.5,135.65199279785156,135.65199279785156,20796000
2022-01-20 00:00:00-05:00,136.51400756835938,137.91200256347656,133.14450073242188,133.50650024414062,133.50650024414062,21930000
2022-01-21 00:00:00-05:00,133.01199340820312,134.760498046875,130.00100708007812,130.0919952392578,130.0919952392578,41920000
2022-01-24 00:00:00-05:00,126.02749633789062,130.77850341796875,124.64195251464844,130.3719940185547,130.3719940185547,55148000
2022-01-25 00:00:00-05:00,128.4355010986328,129.3385009765625,126.37799835205078,126.7354965209961,126.7354965209961,36008000
2022-01-26 00:00:00-05:00,130.59249877929688,132.8074951171875,127.15350341796875,129.24000549316406,129.24000549316406,39630000
2022-01-27 00:00:00-05:00,131.36099243164062,132.60995483398438,128.94500732421875,129.12100219726562,129.12100219726562,30248000
2022-01-28 00:00:00-05:00,130.0,133.37049865722656,128.6945037841797,133.2895050048828,133.2895050048828,30518000
2022-01-31 00:00:00-05:00,134.197998046875,135.843505859375,132.2740020751953,135.69850158691406,135.69850158691406,34056000
2022-02-01 00:00:00-05:00,137.8350067138672,138.1999969482422,134.56825256347656,137.8784942626953,137.8784942626953,51204000
2022-02-02 00:00:00-05:00,151.86349487304688,152.10000610351562,145.5574951171875,148.0364990234375,148.0364990234375,89750000
2022-02-03 00:00:00-05:00,145.2949981689453,149.11770629882812,142.2050018310547,142.65049743652344,142.65049743652344,56930000
2022-02-04 00:00:00-05:00,143.01699829101562,144.53524780273438,139.8175048828125,143.01600646972656,143.01600646972656,49224000
2022-02-07 00:00:00-05:00,143.70899963378906,143.84649658203125,138.69900512695312,138.93800354003906,138.93800354003906,44610000
2022-02-08 00:00:00-05:00,138.9912567138672,139.83709716796875,136.8730010986328,139.21299743652344,139.21299743652344,34256000
2022-02-09 00:00:00-05:00,140.84974670410156,142.17550659179688,140.3769989013672,141.4530029296875,141.4530029296875,28628000
2022-02-10 00:00:00-05:00,139.5,141.43099975585938,138.0500030517578,138.6024932861328,138.6024932861328,33018000
2022-02-11 00:00:00-05:00,138.75,139.2832489013672,133.2884979248047,134.1300048828125,134.1300048828125,38808000
2022-02-14 00:00:00-05:00,133.36549377441406,136.16650390625,133.302001953125,135.3000030517578,135.3000030517578,26792000
2022-02-15 00:00:00-05:00,137.47149658203125,137.89999389648438,135.5395050048828,136.42550659179688,136.42550659179688,26578000
2022-02-16 00:00:00-05:00,136.4304962158203,137.9459991455078,134.8236541748047,137.4875030517578,137.4875030517578,25610000
2022-02-17 00:00:00-05:00,136.14999389648438,136.83949279785156,132.20199584960938,132.30850219726562,132.30850219726562,30968000
2022-02-18 00:00:00-05:00,133.03750610351562,133.82400512695312,130.3070526123047,130.46749877929688,130.46749877929688,31858000
2022-02-22 00:00:00-05:00,129.98500061035156,131.9007568359375,127.74099731445312,129.40249633789062,129.40249633789062,38906000
2022-02-23 00:00:00-05:00,131.07850646972656,131.74899291992188,127.50350189208984,127.58499908447266,127.58499908447266,26432000
2022-02-24 00:00:00-05:00,125.0,133.03700256347656,124.7645034790039,132.67349243164062,132.67349243164062,43166000
2022-02-25 00:00:00-05:00,133.52549743652344,135.38900756835938,131.76499938964844,134.51950073242188,134.51950073242188,26236000
2022-02-28 00:00:00-05:00,133.2845001220703,135.6405029296875,132.82525634765625,134.89100646972656,134.89100646972656,29676000
2022-03-01 00:00:00-05:00,134.47999572753906,136.11099243164062,133.3784942626953,134.16799926757812,134.16799926757812,24640000
2022-03-02 00:00:00-05:00,134.60824584960938,135.61549377441406,133.4324951171875,134.75149536132812,134.75149536132812,23966000
2022-03-03 00:00:00-05:00,135.97850036621094,136.71380615234375,133.43099975585938,134.30799865722656,134.30799865722656,19780000
2022-03-04 00:00:00-05:00,133.38250732421875,134.19900512695312,130.4084930419922,132.1219940185547,132.1219940185547,24446000
2022-03-07 00:00:00-05:00,131.9040069580078,131.9040069580078,126.41000366210938,126.4645004272461,126.4645004272461,39178000
2022-03-08 00:00:00-05:00,126.25050354003906,131.2465057373047,125.86074829101562,127.27850341796875,127.27850341796875,35250000
2022-03-09 00:00:00-05:00,131.39999389648438,134.19850158691406,130.08799743652344,133.86599731445312,133.86599731445312,32258000
2022-03-10 00:00:00-05:00,131.46249389648438,133.5384979248047,131.4010009765625,132.6820068359375,132.6820068359375,24266000
2022-03-11 00:00:00-05:00,133.99949645996094,134.1999969482422,130.29649353027344,130.47549438476562,130.47549438476562,26600000
2022-03-14 00:00:00-04:00,130.572998046875,131.0260009765625,126.41300201416016,126.74099731445312,126.74099731445312,30254000
2022-03-15 00:00:00-04:00,127.74150085449219,130.51724243164062,126.56800079345703,129.66050720214844,129.66050720214844,30292000
2022-03-16 00:00:00-04:00,131.0,133.77099609375,129.2010040283203,133.6905059814453,133.6905059814453,32058000
2022-03-17 00:00:00-04:00,133.3209991455078,134.739501953125,132.718994140625,134.60049438476562,134.60049438476562,23994000
2022-03-18 00:00:00-04:00,133.88400268554688,136.9134979248047,132.9320068359375,136.80149841308594,136.80149841308594,45900000
2022-03-21 00:00:00-04:00,136.84750366210938,137.58250427246094,134.6114959716797,136.47850036621094,136.47850036621094,26632000
2022-03-22 00:00:00-04:00,136.5,141.5,136.5,140.27749633789062,140.27749633789062,29776000
2022-03-23 00:00:00-04:00,139.1385040283203,140.02499389648438,138.16650390625,138.5034942626953,138.5034942626953,25302000
2022-03-24 00:00:00-04:00,139.2725067138672,141.39649963378906,138.03939819335938,141.31199645996094,141.31199645996094,20544000
2022-03-25 00:00:00-04:00,141.75399780273438,141.95950317382812,139.69949340820312,141.52149963378906,141.52149963378906,19270000
2022-03-28 00:00:00-04:00,140.6844940185547,141.97650146484375,139.82815551757812,141.9499969482422,141.9499969482422,23774000
2022-03-29 00:00:00-04:00,143.16050720214844,144.16250610351562,142.48399353027344,143.25,143.25,28678000
2022-03-30 00:00:00-04:00,142.8699951171875,143.48049926757812,142.16799926757812,142.64450073242188,142.64450073242188,21046000
2022-03-31 00:00:00-04:00,142.44850158691406,142.64450073242188,139.61900329589844,139.64950561523438,139.64950561523438,29516000
2022-04-01 00:00:00-04:00,140.00999450683594,140.9499969482422,138.7969970703125,140.6999969482422,140.6999969482422,23480000
2022-04-04 00:00:00-04:00,140.82449340820312,144.0437469482422,140.82449340820312,143.6425018310547,143.6425018310547,19076000
2022-04-05 00:00:00-04:00,143.39950561523438,143.58999633789062,140.94349670410156,141.06300354003906,141.06300354003906,19256000
2022-04-06 00:00:00-04:00,139.1614990234375,139.84849548339844,136.41810607910156,137.17599487304688,137.17599487304688,23574000
2022-04-07 00:00:00-04:00,136.6179962158203,137.70150756835938,134.8572540283203,136.46499633789062,136.46499633789062,19448000
2022-04-08 00:00:00-04:00,136.25,136.25,133.75250244140625,134.010498046875,134.010498046875,16434000
2022-04-11 00:00:00-04:00,132.89999389648438,132.93919372558594,129.61749267578125,129.79649353027344,129.79649353027344,24188000
2022-04-12 00:00:00-04:00,132.42349243164062,132.42349243164062,127.57599639892578,128.37449645996094,128.37449645996094,23004000
2022-04-13 00:00:00-04:00,128.62649536132812,130.65574645996094,128.4385986328125,130.28599548339844,130.28599548339844,19542000
2022-04-14 00:00:00-04:00,130.64950561523438,130.7102508544922,127.11150360107422,127.25299835205078,127.25299835205078,23484000
2022-04-18 00:00:00-04:00,127.41000366210938,128.71200561523438,126.57845306396484,127.96099853515625,127.96099853515625,14918000
2022-04-19 00:00:00-04:00,128.07699584960938,130.90374755859375,127.45149993896484,130.531005859375,130.531005859375,22720000
2022-04-20 00:00:00-04:00,131.28399658203125,131.92349243164062,127.89405059814453,128.24549865722656,128.24549865722656,22610000
2022-04-21 00:00:00-04:00,129.35000610351562,130.3074951171875,124.6500015258789,124.9375,124.9375,30158000
2022-04-22 00:00:00-04:00,125.0,125.4520034790039,119.1405029296875,119.61399841308594,119.61399841308594,46410000
2022-04-25 00:00:00-04:00,119.42949676513672,123.27799987792969,118.76924896240234,123.25,123.25,34522000
2022-04-26 00:00:00-04:00,122.75,122.75,119.16184997558594,119.50599670410156,119.50599670410156,49394000
2022-04-27 00:00:00-04:00,114.37300109863281,117.5,113.12425231933594,115.02050018310547,115.02050018310547,62238000
2022-04-28 00:00:00-04:00,117.11499786376953,120.4384994506836,115.1438980102539,119.4114990234375,119.4114990234375,36790000
2022-04-29 00:00:00-04:00,117.5780029296875,118.95999908447266,114.69400024414062,114.96649932861328,114.96649932861328,33694000
2022-05-02 00:00:00-04:00,113.90650177001953,117.3395004272461,113.39949798583984,117.15699768066406,117.15699768066406,30280000
2022-05-03 00:00:00-04:00,116.76499938964844,119.30000305175781,116.62699890136719,118.12950134277344,118.12950134277344,21216000
2022-05-04 00:00:00-04:00,118.00350189208984,123.14299774169922,115.7385025024414,122.57499694824219,122.57499694824219,33232000
2022-05-05 00:00:00-04:00,120.22049713134766,121.2332534790039,115.18250274658203,116.74649810791016,116.74649810791016,43090000
2022-05-06 00:00:00-04:00,115.51899719238281,117.49849700927734,114.14299774169922,115.66000366210938,115.66000366210938,35310000
2022-05-09 00:00:00-04:00,113.30349731445312,115.56289672851562,112.55149841308594,113.08399963378906,113.08399963378906,34520000
2022-05-10 00:00:00-04:00,116.04049682617188,116.69100189208984,113.38330078125,114.58450317382812,114.58450317382812,31158000
2022-05-11 00:00:00-04:00,113.71050262451172,116.6709976196289,113.6500015258789,113.96099853515625,113.96099853515625,36502000
2022-05-12 00:00:00-04:00,111.93800354003906,114.85649871826172,110.1135025024414,113.16100311279297,113.16100311279297,41464000
2022-05-13 00:00:00-04:00,114.84549713134766,118.08499908447266,114.0,116.5155029296875,116.5155029296875,29738000
2022-05-16 00:00:00-04:00,115.38400268554688,116.60749816894531,114.33499908447266,114.7925033569336,114.7925033569336,23282000
2022-05-17 00:00:00-04:00,117.22750091552734,117.22750091552734,115.3375015258789,116.70149993896484,116.70149993896484,21576000
2022-05-18 00:00:00-04:00,115.23750305175781,115.69564819335938,112.14199829101562,112.4010009765625,112.4010009765625,27982000
2022-05-19 00:00:00-04:00,111.84100341796875,113.5875015258789,110.46800231933594,110.74549865722656,110.74549865722656,29192000
2022-05-20 00:00:00-04:00,112.08550262451172,112.55000305175781,106.37300109863281,109.31300354003906,109.31300354003906,37586000
2022-05-23 00:00:00-04:00,110.10399627685547,112.00550079345703,109.15425109863281,111.66649627685547,111.66649627685547,31558000
2022-05-24 00:00:00-04:00,106.37750244140625,106.3949966430664,102.20800018310547,105.9260025024414,105.9260025024414,60386000
2022-05-25 00:00:00-04:00,105.14199829101562,106.5447006225586,104.21125030517578,105.8395004272461,105.8395004272461,37900000
2022-05-26 00:00:00-04:00,106.05049896240234,108.95525360107422,105.48799896240234,108.2959976196289,108.2959976196289,30288000
2022-05-27 00:00:00-04:00,109.78849792480469,112.86799621582031,109.55000305175781,112.79900360107422,112.79900360107422,29924000
2022-05-31 00:00:00-04:00,113.0790023803711,116.43350219726562,112.57250213623047,114.03900146484375,114.03900146484375,51302000
2022-06-01 00:00:00-04:00,114.93150329589844,117.39900207519531,113.55049896240234,114.13700103759766,114.13700103759766,28630000
2022-06-02 00:00:00-04:00,114.18800354003906,117.89800262451172,113.30799865722656,117.74600219726562,117.74600219726562,27472000
2022-06-03 00:00:00-04:00,115.99250030517578,116.364501953125,113.66799926757812,114.56400299072266,114.56400299072266,25052000
2022-06-06 00:00:00-04:00,116.74250030517578,119.39849853515625,116.5282974243164,117.010498046875,117.010498046875,23786000
2022-06-07 00:00:00-04:00,115.64800262451172,117.74864959716797,115.12550354003906,117.22949981689453,117.22949981689453,26414000
2022-06-08 00:00:00-04:00,116.87650299072266,118.64600372314453,116.69674682617188,117.23799896240234,117.23799896240234,22544000
2022-06-09 00:00:00-04:00,116.34149932861328,118.3499984741211,114.86699676513672,114.91799926757812,114.91799926757812,23142000
2022-06-10 00:00:00-04:00,112.78125,113.49700164794922,110.86100006103516,111.42749786376953,111.42749786376953,31324000
2022-06-13 00:00:00-04:00,107.44599914550781,109.21849822998047,106.58805084228516,106.87650299072266,106.87650299072266,36756000
2022-06-14 00:00:00-04:00,106.88999938964844,108.4574966430664,106.35199737548828,107.19400024414062,107.19400024414062,25480000
2022-06-15 00:00:00-04:00,108.89949798583984,112.06300354003906,108.1187515258789,110.3905029296875,110.3905029296875,33192000
2022-06-16 00:00:00-04:00,108.14949798583984,109.29049682617188,105.7925033569336,106.63600158691406,106.63600158691406,35314000
2022-06-17 00:00:00-04:00,106.53500366210938,109.24949645996094,105.62854766845703,107.8655014038086,107.8655014038086,43516000
2022-06-21 00:00:00-04:00,109.7020034790039,112.6729965209961,109.29350280761719,112.01499938964844,112.01499938964844,39010000
2022-06-22 00:00:00-04:00,111.16300201416016,113.76950073242188,110.72429656982422,112.03399658203125,112.03399658203125,23922000
2022-06-23 00:00:00-04:00,112.94999694824219,113.19650268554688,111.02899932861328,112.68450164794922,112.68450164794922,24710000
2022-06-24 00:00:00-04:00,113.60299682617188,118.63749694824219,113.60299682617188,118.53800201416016,118.53800201416016,39122000
2022-06-27 00:00:00-04:00,118.93499755859375,119.25,116.00074768066406,116.62249755859375,116.62249755859375,32840000
2022-06-28 00:00:00-04:00,116.35099792480469,117.85649871826172,112.44400024414062,112.57150268554688,112.57150268554688,28232000
2022-06-29 00:00:00-04:00,112.14849853515625,113.66449737548828,111.55400085449219,112.25650024414062,112.25650024414062,18628000
2022-06-30 00:00:00-04:00,110.49949645996094,111.32980346679688,107.30999755859375,109.37249755859375,109.37249755859375,38046000
2022-07-01 00:00:00-04:00,108.33699798583984,109.80635070800781,107.1050033569336,109.08100128173828,109.08100128173828,31028000
2022-07-05 00:00:00-04:00,107.5145034790039,114.05259704589844,106.24949645996094,113.88700103759766,113.88700103759766,36398000
2022-07-06 00:00:00-04:00,114.09200286865234,116.35199737548828,112.25050354003906,115.2135009765625,115.2135009765625,28852000
2022-07-07 00:00:00-04:00,116.00800323486328,119.86199951171875,115.53399658203125,119.30599975585938,119.30599975585938,32184000
2022-07-08 00:00:00-04:00,117.55000305175781,120.43499755859375,117.51399993896484,120.16850280761719,120.16850280761719,29082000
2022-07-11 00:00:00-04:00,118.6500015258789,118.79450225830078,116.2344970703125,116.52249908447266,116.52249908447266,26718000
2022-07-12 00:00:00-04:00,116.8385009765625,117.84950256347656,114.61499786376953,114.84950256347656,114.84950256347656,24970000
2022-07-13 00:00:00-04:00,112.63899993896484,115.15699768066406,111.822998046875,112.18699645996094,112.18699645996094,38958000
2022-07-14 00:00:00-04:00,110.82599639892578,111.98750305175781,109.32550048828125,111.44000244140625,111.44000244140625,32366000
2022-07-15 00:00:00-04:00,112.96299743652344,114.00050354003906,111.82250213623047,112.76699829101562,112.76699829101562,34330000
2022-07-18 00:00:00-04:00,113.44000244140625,114.80000305175781,109.30000305175781,109.91000366210938,109.91000366210938,33354000
2022-07-19 00:00:00-04:00,111.7300033569336,114.80999755859375,110.5,114.62000274658203,114.62000274658203,30992300
2022-07-20 00:00:00-04:00,114.05999755859375,116.33000183105469,113.26000213623047,114.69999694824219,114.69999694824219,26780100
2022-07-21 00:00:00-04:00,115.08999633789062,115.20999908447266,111.91000366210938,115.04000091552734,115.04000091552734,27267800
2022-07-22 00:00:00-04:00,111.80999755859375,113.18000030517578,107.5999984741211,108.36000061035156,108.36000061035156,44455300
2022-07-25 00:00:00-04:00,108.87999725341797,110.58000183105469,107.01000213623047,108.20999908447266,108.20999908447266,28289900
2022-07-26 00:00:00-04:00,107.43000030517578,107.73999786376953,104.76000213623047,105.44000244140625,105.44000244140625,36626600
2022-07-27 00:00:00-04:00,109.5999984741211,114.4000015258789,108.41999816894531,113.5999984741211,113.5999984741211,41474600
2022-07-28 00:00:00-04:00,112.80000305175781,114.69999694824219,111.85099792480469,114.58999633789062,114.58999633789062,23303800
2022-07-29 00:00:00-04:00,113.4000015258789,116.9000015258789,113.2300033569336,116.63999938964844,116.63999938964844,31336200
2022-08-01 00:00:00-04:00,115.52999877929688,117.12000274658203,114.69000244140625,115.4800033569336,115.4800033569336,22856200
2022-08-02 00:00:00-04:00,114.43000030517578,117.08000183105469,114.26000213623047,115.9000015258789,115.9000015258789,17911000
2022-08-03 00:00:00-04:00,116.33999633789062,119.41999816894531,116.1500015258789,118.77999877929688,118.77999877929688,25302800
2022-08-04 00:00:00-04:00,118.30000305175781,119.5,117.70999908447266,118.87000274658203,118.87000274658203,15757700
2022-08-05 00:00:00-04:00,116.93000030517578,118.86000061035156,116.70999908447266,118.22000122070312,118.22000122070312,15615700
2022-08-08 00:00:00-04:00,119.12000274658203,120.86000061035156,117.83000183105469,118.13999938964844,118.13999938964844,17061100
2022-08-09 00:00:00-04:00,117.98999786376953,118.19999694824219,116.55999755859375,117.5,117.5,15424300
2022-08-10 00:00:00-04:00,119.58999633789062,121.77999877929688,119.36000061035156,120.6500015258789,120.6500015258789,20497000
2022-08-11 00:00:00-04:00,122.08000183105469,122.33999633789062,119.55000305175781,119.81999969482422,119.81999969482422,16671600
2022-08-12 00:00:00-04:00,121.16000366210938,122.6500015258789,120.4000015258789,122.6500015258789,122.6500015258789,16121100
2022-08-15 00:00:00-04:00,122.20999908447266,123.26000213623047,121.56999969482422,122.87999725341797,122.87999725341797,15525000
2022-08-16 00:00:00-04:00,122.31999969482422,123.22799682617188,121.53500366210938,122.51000213623047,122.51000213623047,15626200
2022-08-17 00:00:00-04:00,120.93000030517578,122.1500015258789,120.19999694824219,120.31999969482422,120.31999969482422,17589200
2022-08-18 00:00:00-04:00,120.2300033569336,121.69000244140625,119.55000305175781,120.86000061035156,120.86000061035156,15652000
2022-08-19 00:00:00-04:00,119.87000274658203,120.0,117.66999816894531,118.12000274658203,118.12000274658203,20187000
2022-08-22 00:00:00-04:00,116.0999984741211,116.5,114.66999816894531,115.06999969482422,115.06999969482422,19316000
2022-08-23 00:00:00-04:00,114.31999969482422,115.93000030517578,114.30000305175781,114.7699966430664,114.7699966430664,14390700
2022-08-24 00:00:00-04:00,114.44999694824219,115.71700286865234,113.77999877929688,114.69999694824219,114.69999694824219,16051200
2022-08-25 00:00:00-04:00,115.1500015258789,117.77999877929688,115.05000305175781,117.69999694824219,117.69999694824219,14874700
2022-08-26 00:00:00-04:00,115.80999755859375,116.5999984741211,111.22000122070312,111.30000305175781,111.30000305175781,31698700
2022-08-29 00:00:00-04:00,110.77999877929688,111.95999908447266,109.80999755859375,110.33999633789062,110.33999633789062,20386100
2022-08-30 00:00:00-04:00,111.02999877929688,111.37000274658203,108.80000305175781,109.91000366210938,109.91000366210938,20548200
2022-08-31 00:00:00-04:00,111.62999725341797,111.7699966430664,109.05000305175781,109.1500015258789,109.1500015258789,25898000
2022-09-01 00:00:00-04:00,109.19999694824219,111.22000122070312,108.19000244140625,110.55000305175781,110.55000305175781,22784400
2022-09-02 00:00:00-04:00,111.33999633789062,111.67500305175781,108.12999725341797,108.68000030517578,108.68000030517578,20618100
2022-09-06 00:00:00-04:00,108.13500213623047,108.87999725341797,106.51000213623047,107.4800033569336,107.4800033569336,20565100
2022-09-07 00:00:00-04:00,107.76000213623047,110.98999786376953,107.61499786376953,110.4800033569336,110.4800033569336,22987200
2022-09-08 00:00:00-04:00,109.18000030517578,110.58000183105469,108.05999755859375,109.41999816894531,109.41999816894531,21660700
2022-09-09 00:00:00-04:00,110.05000305175781,112.0,110.0,111.77999877929688,111.77999877929688,21732900
2022-09-12 00:00:00-04:00,111.98999786376953,112.63999938964844,110.93000030517578,111.87000274658203,111.87000274658203,19732900
2022-09-13 00:00:00-04:00,108.88999938964844,109.37000274658203,105.0,105.30999755859375,105.30999755859375,33015000
2022-09-14 00:00:00-04:00,105.44000244140625,106.0999984741211,104.5,105.87000274658203,105.87000274658203,22115800
2022-09-15 00:00:00-04:00,105.01000213623047,106.20999908447266,103.30999755859375,103.9000015258789,103.9000015258789,26494900
2022-09-16 00:00:00-04:00,102.97000122070312,104.02999877929688,101.8550033569336,103.62999725341797,103.62999725341797,64540100
2022-09-19 00:00:00-04:00,102.54000091552734,104.0199966430664,102.37000274658203,103.8499984741211,103.8499984741211,19738600
2022-09-20 00:00:00-04:00,102.87999725341797,103.16999816894531,101.12000274658203,101.83000183105469,101.83000183105469,24001700
2022-09-21 00:00:00-04:00,102.23999786376953,103.48999786376953,99.98999786376953,100.01000213623047,100.01000213623047,26596800
2022-09-22 00:00:00-04:00,99.44999694824219,101.68000030517578,99.41000366210938,100.56999969482422,100.56999969482422,21272700
2022-09-23 00:00:00-04:00,100.05999755859375,100.11000061035156,98.01000213623047,99.16999816894531,99.16999816894531,25657000
2022-09-26 00:00:00-04:00,98.61000061035156,100.44000244140625,98.37999725341797,98.80999755859375,98.80999755859375,22437900
2022-09-27 00:00:00-04:00,99.91000366210938,100.45999908447266,97.33999633789062,98.08999633789062,98.08999633789062,24225000
2022-09-28 00:00:00-04:00,98.0199966430664,101.4000015258789,97.80000305175781,100.73999786376953,100.73999786376953,24617000
2022-09-29 00:00:00-04:00,99.30000305175781,99.30000305175781,96.5199966430664,98.08999633789062,98.08999633789062,21921500
2022-09-30 00:00:00-04:00,97.7300033569336,99.49400329589844,96.02999877929688,96.1500015258789,96.1500015258789,26277800
2022-10-03 00:00:00-04:00,97.22000122070312,99.97000122070312,97.0199966430664,99.30000305175781,99.30000305175781,24840000
2022-10-04 00:00:00-04:00,101.04000091552734,102.72000122070312,101.04000091552734,102.41000366210938,102.41000366210938,22580900
2022-10-05 00:00:00-04:00,100.69000244140625,102.73999786376953,99.73999786376953,102.22000122070312,102.22000122070312,18475500
2022-10-06 00:00:00-04:00,101.5,103.7300033569336,101.5,102.23999786376953,102.23999786376953,17156200
2022-10-07 00:00:00-04:00,100.6500015258789,101.41999816894531,99.20999908447266,99.56999969482422,99.56999969482422,24249900
2022-10-10 00:00:00-04:00,99.8499984741211,99.98999786376953,97.87000274658203,98.70999908447266,98.70999908447266,16529900
2022-10-11 00:00:00-04:00,98.25,100.12000274658203,97.25,98.05000305175781,98.05000305175781,21617700
2022-10-12 00:00:00-04:00,98.2699966430664,99.64800262451172,97.66999816894531,98.30000305175781,98.30000305175781,17343400
2022-10-13 00:00:00-04:00,95.93000030517578,100.52999877929688,95.2699966430664,99.70999908447266,99.70999908447266,32812200
2022-10-14 00:00:00-04:00,100.625,101.29000091552734,97.02999877929688,97.18000030517578,97.18000030517578,22624800
2022-10-17 00:00:00-04:00,99.5199966430664,101.7699966430664,99.51000213623047,100.77999877929688,100.77999877929688,23311600
2022-10-18 00:00:00-04:00,103.94000244140625,104.22000122070312,100.6500015258789,101.38999938964844,101.38999938964844,21610500
2022-10-19 00:00:00-04:00,100.69999694824219,101.65899658203125,99.63500213623047,100.29000091552734,100.29000091552734,21573700
2022-10-20 00:00:00-04:00,100.81999969482422,103.0,99.97000122070312,100.52999877929688,100.52999877929688,25125100
2022-10-21 00:00:00-04:00,98.45999908447266,101.62000274658203,98.2300033569336,101.4800033569336,101.4800033569336,28988700
2022-10-24 00:00:00-04:00,102.08999633789062,103.0999984741211,100.30000305175781,102.97000122070312,102.97000122070312,24680800
2022-10-25 00:00:00-04:00,103.30000305175781,105.0999984741211,103.0199966430664,104.93000030517578,104.93000030517578,29910200
2022-10-26 00:00:00-04:00,96.76000213623047,98.54000091552734,94.56999969482422,94.81999969482422,94.81999969482422,71504300
2022-10-27 00:00:00-04:00,94.30999755859375,95.16999816894531,91.9000015258789,92.5999984741211,92.5999984741211,54036500
2022-10-28 00:00:00-04:00,92.52999877929688,96.86000061035156,92.322998046875,96.58000183105469,96.58000183105469,35696900
2022-10-31 00:00:00-04:00,95.77999877929688,96.3499984741211,94.37999725341797,94.66000366210938,94.66000366210938,29868700
2022-11-01 00:00:00-04:00,95.58999633789062,96.16500091552734,90.43000030517578,90.5,90.5,43220600
2022-11-02 00:00:00-04:00,90.91000366210938,91.30000305175781,87.01000213623047,87.06999969482422,87.06999969482422,43553600
2022-11-03 00:00:00-04:00,86.34500122070312,86.55000305175781,83.44999694824219,83.48999786376953,83.48999786376953,48510400
2022-11-04 00:00:00-04:00,85.51000213623047,86.7300033569336,83.87999725341797,86.69999694824219,86.69999694824219,40173300
2022-11-07 00:00:00-05:00,87.33999633789062,88.94000244140625,86.95999908447266,88.6500015258789,88.6500015258789,26899900
2022-11-08 00:00:00-05:00,89.16000366210938,90.40499877929688,87.6500015258789,88.91000366210938,88.91000366210938,30172000
2022-11-09 00:00:00-05:00,88.54499816894531,89.48999786376953,87.36000061035156,87.4000015258789,87.4000015258789,26743900
2022-11-10 00:00:00-05:00,92.33999633789062,94.55000305175781,91.6500015258789,94.16999816894531,94.16999816894531,42371200
2022-11-11 00:00:00-05:00,94.70999908447266,97.36000061035156,94.16000366210938,96.7300033569336,96.7300033569336,30569100
2022-11-14 00:00:00-05:00,95.5,97.18000030517578,95.11299896240234,96.02999877929688,96.02999877929688,24170100
2022-11-15 00:00:00-05:00,98.66999816894531,100.41999816894531,97.0199966430664,98.72000122070312,98.72000122070312,31831000
2022-11-16 00:00:00-05:00,98.0199966430664,99.8499984741211,97.9020004272461,98.98999786376953,98.98999786376953,24660200
2022-11-17 00:00:00-05:00,97.18000030517578,99.4800033569336,97.0999984741211,98.5,98.5,21818700
2022-11-18 00:00:00-05:00,99.01000213623047,99.16000366210938,96.73999786376953,97.80000305175781,97.80000305175781,24969900
2022-11-21 00:00:00-05:00,97.55999755859375,98.72000122070312,95.66999816894531,95.83000183105469,95.83000183105469,18696900
2022-11-22 00:00:00-05:00,96.16000366210938,97.5479965209961,94.41000366210938,97.33000183105469,97.33000183105469,18868900
2022-11-23 00:00:00-05:00,97.33999633789062,99.06900024414062,97.33999633789062,98.81999969482422,98.81999969482422,17568900
2022-11-25 00:00:00-05:00,98.46499633789062,98.94000244140625,97.52999877929688,97.5999984741211,97.5999984741211,8567800
2022-11-28 00:00:00-05:00,97.19999694824219,97.83000183105469,95.88999938964844,96.25,96.25,19974500
2022-11-29 00:00:00-05:00,96.0,96.38999938964844,94.38999938964844,95.44000244140625,95.44000244140625,20220000
2022-11-30 00:00:00-05:00,95.12000274658203,101.44999694824219,94.66999816894531,101.44999694824219,101.44999694824219,39888100
2022-12-01 00:00:00-05:00,101.4000015258789,102.58999633789062,100.66999816894531,101.27999877929688,101.27999877929688,21771500
2022-12-02 00:00:00-05:00,99.37000274658203,101.1500015258789,99.16999816894531,100.83000183105469,100.83000183105469,18821500
2022-12-05 00:00:00-05:00,99.81500244140625,101.75,99.3550033569336,99.87000274658203,99.87000274658203,19955500
2022-12-06 00:00:00-05:00,99.66999816894531,100.20999908447266,96.76000213623047,97.30999755859375,97.30999755859375,20877600
2022-12-07 00:00:00-05:00,96.7699966430664,97.30999755859375,95.0250015258789,95.1500015258789,95.1500015258789,26647900
2022-12-08 00:00:00-05:00,95.69000244140625,95.87000274658203,93.80000305175781,93.94999694824219,93.94999694824219,25593200
2022-12-09 00:00:00-05:00,93.9000015258789,94.48999786376953,93.0199966430664,93.06999969482422,93.06999969482422,21885300
2022-12-12 00:00:00-05:00,93.08999633789062,93.875,91.9000015258789,93.55999755859375,93.55999755859375,27380900
2022-12-13 00:00:00-05:00,98.06999969482422,99.80000305175781,95.37999725341797,95.8499984741211,95.8499984741211,34788500
2022-12-14 00:00:00-05:00,95.54000091552734,97.22000122070312,93.94000244140625,95.30999755859375,95.30999755859375,26452900
2022-12-15 00:00:00-05:00,93.54000091552734,94.02999877929688,90.43000030517578,91.19999694824219,91.19999694824219,28298800
2022-12-16 00:00:00-05:00,91.19999694824219,91.75,90.01000213623047,90.86000061035156,90.86000061035156,48485500
2022-12-19 00:00:00-05:00,90.87999725341797,91.19999694824219,88.92500305175781,89.1500015258789,89.1500015258789,23020500
2022-12-20 00:00:00-05:00,88.7300033569336,89.77999877929688,88.04000091552734,89.62999725341797,89.62999725341797,21976800
2022-12-21 00:00:00-05:00,89.7300033569336,90.91500091552734,88.91000366210938,90.25,90.25,20336400
2022-12-22 00:00:00-05:00,88.93000030517578,89.18000030517578,86.94000244140625,88.26000213623047,88.26000213623047,23656100
2022-12-23 00:00:00-05:00,87.62000274658203,90.0999984741211,87.62000274658203,89.80999755859375,89.80999755859375,17815000
2022-12-27 00:00:00-05:00,89.30999755859375,89.5,87.53500366210938,87.93000030517578,87.93000030517578,15470900
2022-12-28 00:00:00-05:00,87.5,88.5199966430664,86.37000274658203,86.45999908447266,86.45999908447266,17879600
2022-12-29 00:00:00-05:00,87.02999877929688,89.36499786376953,86.98999786376953,88.94999694824219,88.94999694824219,18280700
2022-12-30 00:00:00-05:00,87.36499786376953,88.83000183105469,87.02999877929688,88.7300033569336,88.7300033569336,19190300
2023-01-03 00:00:00-05:00,89.83000183105469,91.55000305175781,89.0199966430664,89.69999694824219,89.69999694824219,20738500
2023-01-04 00:00:00-05:00,91.01000213623047,91.23999786376953,87.80000305175781,88.70999908447266,88.70999908447266,27046500
2023-01-05 00:00:00-05:00,88.06999969482422,88.20999908447266,86.55999755859375,86.7699966430664,86.7699966430664,23136100
2023-01-06 00:00:00-05:00,87.36000061035156,88.47000122070312,85.56999969482422,88.16000366210938,88.16000366210938,26612600
2023-01-09 00:00:00-05:00,89.19499969482422,90.83000183105469,88.58000183105469,88.80000305175781,88.80000305175781,22996700
2023-01-10 00:00:00-05:00,86.72000122070312,89.4749984741211,86.69999694824219,89.23999786376953,89.23999786376953,22855600
2023-01-11 00:00:00-05:00,90.05999755859375,92.44999694824219,89.73999786376953,92.26000213623047,92.26000213623047,25998800
2023-01-12 00:00:00-05:00,92.4000015258789,92.62000274658203,90.56999969482422,91.91000366210938,91.91000366210938,22754200
2023-01-13 00:00:00-05:00,91.52799987792969,92.9800033569336,90.93000030517578,92.80000305175781,92.80000305175781,18630700
2023-01-17 00:00:00-05:00,92.77999877929688,92.97000122070312,90.83999633789062,92.16000366210938,92.16000366210938,22935800
2023-01-18 00:00:00-05:00,92.94000244140625,93.58799743652344,91.4000015258789,91.77999877929688,91.77999877929688,19641600
2023-01-19 00:00:00-05:00,91.38999938964844,94.4000015258789,91.37999725341797,93.91000366210938,93.91000366210938,28707700
2023-01-20 00:00:00-05:00,95.94999694824219,99.41999816894531,95.91000366210938,99.27999877929688,99.27999877929688,53704800
2023-01-23 00:00:00-05:00,99.12999725341797,101.4000015258789,98.75,101.20999908447266,101.20999908447266,31791800
2023-01-24 00:00:00-05:00,99.55000305175781,101.08999633789062,98.69999694824219,99.20999908447266,99.20999908447266,27391400
2023-01-25 00:00:00-05:00,97.19999694824219,97.72000122070312,95.26200103759766,96.7300033569336,96.7300033569336,31000900
2023-01-26 00:00:00-05:00,98.27999877929688,99.20999908447266,96.81999969482422,99.16000366210938,99.16000366210938,24542100
2023-01-27 00:00:00-05:00,99.05000305175781,101.58000183105469,98.97000122070312,100.70999908447266,100.70999908447266,29020400
2023-01-30 00:00:00-05:00,98.74500274658203,99.40899658203125,97.5199966430664,97.94999694824219,97.94999694824219,24365100
2023-01-31 00:00:00-05:00,97.86000061035156,99.91000366210938,97.79000091552734,99.87000274658203,99.87000274658203,22306800
2023-02-01 00:00:00-05:00,99.73999786376953,102.19000244140625,98.41999816894531,101.43000030517578,101.43000030517578,26392600
2023-02-02 00:00:00-05:00,106.79000091552734,108.81999969482422,106.54000091552734,108.80000305175781,108.80000305175781,46622600
2023-02-03 00:00:00-05:00,103.51000213623047,108.0199966430664,103.30000305175781,105.22000122070312,105.22000122070312,36823400
2023-02-06 00:00:00-05:00,102.68499755859375,104.69999694824219,102.20999908447266,103.47000122070312,103.47000122070312,25573000
2023-02-07 00:00:00-05:00,103.62999725341797,108.66999816894531,103.5479965209961,108.04000091552734,108.04000091552734,33738800
2023-02-08 00:00:00-05:00,102.69000244140625,103.58000183105469,98.45500183105469,100.0,100.0,73546000
2023-02-09 00:00:00-05:00,100.54000091552734,100.61000061035156,93.86000061035156,95.45999908447266,95.45999908447266,97798600
2023-02-10 00:00:00-05:00,95.73999786376953,97.0199966430664,94.52999877929688,94.86000061035156,94.86000061035156,49325300
2023-02-13 00:00:00-05:00,95.01000213623047,95.3499984741211,94.05000305175781,95.0,95.0,43116600
2023-02-14 00:00:00-05:00,94.66000366210938,95.17500305175781,92.6500015258789,94.94999694824219,94.94999694824219,42513100
2023-02-15 00:00:00-05:00,94.73999786376953,97.33999633789062,94.36000061035156,97.0999984741211,97.0999984741211,36964500
2023-02-16 00:00:00-05:00,95.54000091552734,97.87999725341797,94.97000122070312,95.77999877929688,95.77999877929688,35642100
2023-02-17 00:00:00-05:00,95.06999969482422,95.75,93.44999694824219,94.58999633789062,94.58999633789062,31095100
2023-02-21 00:00:00-05:00,93.23999786376953,93.41500091552734,92.0,92.05000305175781,92.05000305175781,28367200
2023-02-22 00:00:00-05:00,91.93399810791016,92.36000061035156,90.87000274658203,91.80000305175781,91.80000305175781,29891100
2023-02-23 00:00:00-05:00,92.12999725341797,92.12999725341797,90.01000213623047,91.06999969482422,91.06999969482422,32423700
2023-02-24 00:00:00-05:00,89.62999725341797,90.12999725341797,88.86000061035156,89.3499984741211,89.3499984741211,31295600
2023-02-27 00:00:00-05:00,90.08999633789062,90.44999694824219,89.61000061035156,90.0999984741211,90.0999984741211,22724300
2023-02-28 00:00:00-05:00,89.54000091552734,91.44999694824219,89.5199966430664,90.30000305175781,90.30000305175781,30546900
2023-03-01 00:00:00-05:00,90.16000366210938,91.19999694824219,89.8499984741211,90.51000213623047,90.51000213623047,26323900
2023-03-02 00:00:00-05:00,89.86000061035156,92.4800033569336,89.7699966430664,92.30999755859375,92.30999755859375,23328600
2023-03-03 00:00:00-05:00,92.73999786376953,94.11000061035156,92.66000366210938,94.0199966430664,94.0199966430664,30242500
2023-03-06 00:00:00-05:00,94.36000061035156,96.30000305175781,94.30000305175781,95.58000183105469,95.58000183105469,28288200
2023-03-07 00:00:00-05:00,95.41999816894531,96.08999633789062,93.84400177001953,94.16999816894531,94.16999816894531,24101500
2023-03-08 00:00:00-05:00,94.40499877929688,96.23999786376953,94.40499877929688,94.6500015258789,94.6500015258789,25395200
2023-03-09 00:00:00-05:00,94.48999786376953,95.91999816894531,92.3550033569336,92.66000366210938,92.66000366210938,24438900
2023-03-10 00:00:00-05:00,92.5,93.18000030517578,90.80000305175781,91.01000213623047,91.01000213623047,32850100
2023-03-13 00:00:00-04:00,90.56500244140625,93.08000183105469,89.94000244140625,91.66000366210938,91.66000366210938,31508600
2023-03-14 00:00:00-04:00,93.06999969482422,94.83000183105469,92.77999877929688,94.25,94.25,32303900
2023-03-15 00:00:00-04:00,93.54000091552734,97.25,93.04000091552734,96.55000305175781,96.55000305175781,38367300
2023-03-16 00:00:00-04:00,96.56999969482422,101.97000122070312,95.87000274658203,101.06999969482422,101.06999969482422,54499500
2023-03-17 00:00:00-04:00,100.83999633789062,103.48999786376953,100.75,102.45999908447266,102.45999908447266,76140300
2023-03-20 00:00:00-04:00,101.05999755859375,102.58000183105469,100.79000091552734,101.93000030517578,101.93000030517578,26033900
2023-03-21 00:00:00-04:00,101.9800033569336,105.95999908447266,101.86000061035156,105.83999633789062,105.83999633789062,33122800
2023-03-22 00:00:00-04:00,105.13999938964844,107.51000213623047,104.20999908447266,104.22000122070312,104.22000122070312,32336900
2023-03-23 00:00:00-04:00,105.88999938964844,107.10099792480469,105.41000366210938,106.26000213623047,106.26000213623047,31385800
2023-03-24 00:00:00-04:00,105.73999786376953,106.16000366210938,104.73999786376953,106.05999755859375,106.05999755859375,25236200
2023-03-27 00:00:00-04:00,105.31999969482422,105.4000015258789,102.62999725341797,103.05999755859375,103.05999755859375,25393400
2023-03-28 00:00:00-04:00,103.0,103.0,100.27999877929688,101.36000061035156,101.36000061035156,24913500
2023-03-29 00:00:00-04:00,102.72000122070312,102.81999969482422,101.02999877929688,101.9000015258789,101.9000015258789,26148300
2023-03-30 00:00:00-04:00,101.44000244140625,101.61000061035156,100.29000091552734,101.31999969482422,101.31999969482422,25009800
2023-03-31 00:00:00-04:00,101.70999908447266,104.19000244140625,101.44000244140625,104.0,104.0,28108000
2023-04-03 00:00:00-04:00,102.66999816894531,104.94999694824219,102.37999725341797,104.91000366210938,104.91000366210938,20719900
2023-04-04 00:00:00-04:00,104.83999633789062,106.0999984741211,104.5999984741211,105.12000274658203,105.12000274658203,20377200
2023-04-05 00:00:00-04:00,106.12000274658203,106.54000091552734,104.10199737548828,104.94999694824219,104.94999694824219,21864200
2023-04-06 00:00:00-04:00,105.7699966430664,109.62999725341797,104.81500244140625,108.9000015258789,108.9000015258789,34684200
2023-04-10 00:00:00-04:00,107.38999938964844,107.97000122070312,105.5999984741211,106.94999694824219,106.94999694824219,19741500
2023-04-11 00:00:00-04:00,106.91999816894531,107.22000122070312,105.27999877929688,106.12000274658203,106.12000274658203,18721300
2023-04-12 00:00:00-04:00,107.38999938964844,107.58699798583984,104.97000122070312,105.22000122070312,105.22000122070312,22761600
2023-04-13 00:00:00-04:00,106.47000122070312,108.26499938964844,106.44000244140625,108.19000244140625,108.19000244140625,21650700
2023-04-14 00:00:00-04:00,107.69000244140625,109.58000183105469,107.58999633789062,109.45999908447266,109.45999908447266,20758700
2023-04-17 00:00:00-04:00,105.43000030517578,106.70999908447266,105.31999969482422,106.41999816894531,106.41999816894531,29043400
2023-04-18 00:00:00-04:00,107.0,107.05000305175781,104.77999877929688,105.12000274658203,105.12000274658203,17641400
2023-04-19 00:00:00-04:00,104.21499633789062,105.7249984741211,103.80000305175781,105.0199966430664,105.0199966430664,16732000
2023-04-20 00:00:00-04:00,104.6500015258789,106.88800048828125,104.63999938964844,105.9000015258789,105.9000015258789,22515300
2023-04-21 00:00:00-04:00,106.08999633789062,106.63999938964844,105.48500061035156,105.91000366210938,105.91000366210938,22379000
2023-04-24 00:00:00-04:00,106.05000305175781,107.31999969482422,105.36000061035156,106.77999877929688,106.77999877929688,21410900
2023-04-25 00:00:00-04:00,106.61000061035156,107.44000244140625,104.55999755859375,104.61000061035156,104.61000061035156,31408100
2023-04-26 00:00:00-04:00,105.55999755859375,107.0199966430664,103.2699966430664,104.44999694824219,104.44999694824219,37068200
2023-04-27 00:00:00-04:00,105.2300033569336,109.1500015258789,104.41999816894531,108.37000274658203,108.37000274658203,38235200
2023-04-28 00:00:00-04:00,107.80000305175781,108.29000091552734,106.04000091552734,108.22000122070312,108.22000122070312,23957900
2023-05-01 00:00:00-04:00,107.72000122070312,108.68000030517578,107.5,107.70999908447266,107.70999908447266,20926300
2023-05-02 00:00:00-04:00,107.66000366210938,107.7300033569336,104.5,105.9800033569336,105.9800033569336,20343100
2023-05-03 00:00:00-04:00,106.22000122070312,108.12999725341797,105.62000274658203,106.12000274658203,106.12000274658203,17116300
2023-05-04 00:00:00-04:00,106.16000366210938,106.30000305175781,104.69999694824219,105.20999908447266,105.20999908447266,19780600
2023-05-05 00:00:00-04:00,105.31999969482422,106.44000244140625,104.73899841308594,106.21499633789062,106.21499633789062,20705300
2023-05-08 00:00:00-04:00,105.79499816894531,108.41999816894531,105.79000091552734,108.23999786376953,108.23999786376953,17266000
2023-05-09 00:00:00-04:00,108.77999877929688,110.59500122070312,107.7249984741211,107.94000244140625,107.94000244140625,24782400
2023-05-10 00:00:00-04:00,108.55000305175781,113.51000213623047,108.4800033569336,112.27999877929688,112.27999877929688,47533500
2023-05-11 00:00:00-04:00,115.86000061035156,118.44000244140625,114.93000030517578,116.9000015258789,116.9000015258789,57115100
2023-05-12 00:00:00-04:00,117.0,118.26000213623047,116.55000305175781,117.91999816894531,117.91999816894531,31272500
