Date,Open,High,Low,Close,Adj Close,Volume
2019-07-29,149.6699981689453,151.02999877929688,148.52999877929688,148.74000549316406,135.53033447265625,1246200
2019-07-30,148.1300048828125,149.5500030517578,147.27999877929688,147.6199951171875,134.509765625,1204700
2019-07-31,148.27999877929688,148.83999633789062,146.11000061035156,146.6199951171875,133.5985870361328,1617600
2019-08-01,146.2899932861328,148.14999389648438,145.47000122070312,145.77999877929688,132.8331756591797,1542800
2019-08-02,146.5,147.75999450683594,145.47000122070312,146.9199981689453,133.8719482421875,1442800
2019-08-05,146.27999877929688,147.47000122070312,143.5800018310547,143.92999267578125,131.1474609375,1664300
2019-08-06,143.72000122070312,146.0399932861328,142.7899932861328,145.9600067138672,132.9971923828125,1331300
2019-08-07,144.25,148.02999877929688,143.1199951171875,147.36000061035156,134.27288818359375,1555700
2019-08-08,147.86000061035156,148.77999877929688,146.22999572753906,148.22000122070312,135.05648803710938,1644100
2019-08-09,148.5,149.63999938964844,147.5800018310547,149.07000732421875,135.83099365234375,1385900
2019-08-12,148.5399932861328,149.32000732421875,146.25,146.4499969482422,133.44369506835938,1132300
2019-08-13,146.6300048828125,148.8800048828125,146.0,148.22000122070312,135.05648803710938,1110300
2019-08-14,146.74000549316406,147.80999755859375,143.42999267578125,143.47999572753906,130.73745727539062,1563500
2019-08-15,143.44000244140625,146.24000549316406,143.0399932861328,145.58999633789062,132.6600341796875,1203900
2019-08-16,146.17999267578125,147.13999938964844,145.33999633789062,146.80999755859375,133.77171325683594,1575500
2019-08-19,148.39999389648438,148.39999389648438,147.02000427246094,147.5800018310547,134.47332763671875,1379600
2019-08-20,147.6300048828125,148.4600067138672,146.38999938964844,146.50999450683594,133.49835205078125,905800
2019-08-21,146.75,147.4600067138672,146.25,147.0399932861328,133.9812774658203,849700
2019-08-22,147.63999938964844,148.1699981689453,146.2899932861328,147.80999755859375,134.68292236328125,696800
2019-08-23,147.3300018310547,148.77000427246094,144.1699981689453,144.72999572753906,131.8764190673828,1430500
2019-08-26,145.60000610351562,147.4199981689453,145.2100067138672,147.33999633789062,134.25465393066406,898100
2019-08-27,148.25999450683594,148.57000732421875,146.6999969482422,147.10000610351562,134.0359344482422,987100
2019-08-28,146.8800048828125,147.33999633789062,145.6699981689453,146.3699951171875,133.3708038330078,1072700
2019-08-29,147.57000732421875,147.7899932861328,146.25999450683594,146.94000244140625,133.89015197753906,1152800
2019-08-30,147.6699981689453,147.94000244140625,146.14999389648438,146.9600067138672,133.90841674804688,1029800
2019-09-03,146.24000549316406,147.6199951171875,145.77999877929688,147.57000732421875,134.46421813964844,1061700
2019-09-04,148.4600067138672,150.27000427246094,147.83999633789062,150.16000366210938,136.82421875,969400
2019-09-05,151.75,152.6300048828125,150.97999572753906,151.74000549316406,138.26388549804688,1230100
2019-09-06,151.77999877929688,153.64999389648438,151.69000244140625,152.83999633789062,139.26617431640625,1277000
2019-09-09,152.7899932861328,153.3800048828125,148.02000427246094,149.22999572753906,136.7102508544922,1658300
2019-09-10,148.85000610351562,149.13999938964844,145.5399932861328,146.57000732421875,134.2734375,1629000
2019-09-11,145.86000061035156,146.36000061035156,144.3000030517578,146.22999572753906,133.96192932128906,1440000
2019-09-12,147.17999267578125,148.91000366210938,146.8000030517578,148.3000030517578,135.85829162597656,1358900
2019-09-13,148.38999938964844,148.57000732421875,145.5800018310547,146.30999755859375,134.03521728515625,1631700
2019-09-16,145.7100067138672,147.22999572753906,145.52999877929688,146.33999633789062,134.06271362304688,1161000
2019-09-17,146.47999572753906,148.1199951171875,146.2100067138672,147.25,134.89634704589844,1322900
2019-09-18,145.83999633789062,147.0,144.6999969482422,146.47000122070312,134.18182373046875,1276900
2019-09-19,146.8000030517578,148.41000366210938,146.75,146.94000244140625,134.61236572265625,952300
2019-09-20,146.55999755859375,148.3300018310547,146.07000732421875,146.27999877929688,134.00772094726562,2418600
2019-09-23,146.17999267578125,147.38999938964844,145.8300018310547,146.5399932861328,134.2459259033203,823800
2019-09-24,146.88999938964844,148.2100067138672,146.4199981689453,146.75,134.43833923339844,1056200
2019-09-25,146.85000610351562,147.00999450683594,145.77999877929688,146.85000610351562,134.5299072265625,839000
2019-09-26,146.89999389648438,148.41000366210938,146.8300018310547,148.10000610351562,135.675048828125,799900
2019-09-27,148.5399932861328,148.64999389648438,147.14999389648438,148.0,135.5834503173828,1204100
2019-09-30,147.97999572753906,149.3800048828125,147.97999572753906,148.69000244140625,136.2155303955078,886500
2019-10-01,149.27000427246094,149.5800018310547,145.52000427246094,145.5500030517578,133.33900451660156,1236600
2019-10-02,144.8300018310547,145.07000732421875,141.75999450683594,142.38999938964844,130.444091796875,1376000
2019-10-03,142.1199951171875,142.39999389648438,140.69000244140625,141.72999572753906,129.83949279785156,1215300
2019-10-04,142.0,145.2100067138672,141.8000030517578,144.9600067138672,132.79847717285156,1229400
2019-10-07,144.63999938964844,144.63999938964844,143.05999755859375,143.14999389648438,131.1403350830078,891500
2019-10-08,142.42999267578125,142.42999267578125,140.60000610351562,140.6300048828125,128.8317108154297,1148500
2019-10-09,141.39999389648438,141.6699981689453,140.6199951171875,141.3000030517578,129.44557189941406,724800
2019-10-10,141.16000366210938,142.60000610351562,140.7899932861328,141.55999755859375,129.68374633789062,846200
2019-10-11,143.16000366210938,143.83999633789062,142.4199981689453,142.60000610351562,130.63648986816406,1187500
2019-10-14,142.42999267578125,143.3000030517578,142.16000366210938,143.11000061035156,131.1036834716797,602000
2019-10-15,143.49000549316406,144.5,143.13999938964844,143.30999755859375,131.2869110107422,878200
2019-10-16,142.83999633789062,142.91000366210938,141.55999755859375,142.57000732421875,130.6090087890625,912600
2019-10-17,142.61000061035156,142.86000061035156,140.42999267578125,140.47999572753906,128.69435119628906,1111300
2019-10-18,140.75999450683594,141.6699981689453,140.2100067138672,141.36000061035156,129.50054931640625,1505000
2019-10-21,141.99000549316406,142.22000122070312,141.41000366210938,141.91000366210938,130.00439453125,1716300
2019-10-22,132.57000732421875,133.75,129.82000732421875,130.14999389648438,119.23096466064453,3551600
2019-10-23,130.07000732421875,133.02999877929688,129.69000244140625,132.16000366210938,121.07234191894531,1933900
2019-10-24,132.33999633789062,132.72999572753906,131.0399932861328,131.42999267578125,120.40357971191406,1281500
2019-10-25,131.0500030517578,131.44000244140625,129.5,130.42999267578125,119.48747253417969,1342300
2019-10-28,130.75,131.1999969482422,129.22999572753906,129.3000030517578,118.4522933959961,1525500
2019-10-29,129.0500030517578,129.8800048828125,128.2899932861328,128.92999267578125,118.11334228515625,2190700
2019-10-30,129.10000610351562,130.25999450683594,128.74000549316406,129.77999877929688,118.89200592041016,1353300
2019-10-31,129.41000366210938,131.1199951171875,128.9499969482422,131.05999755859375,120.06460571289062,1864100
2019-11-01,131.52000427246094,131.55999755859375,129.77000427246094,130.72000122070312,119.7531509399414,1005000
2019-11-04,131.13999938964844,131.60000610351562,129.83999633789062,130.1999969482422,119.27677154541016,1106900
2019-11-05,130.19000244140625,131.99000549316406,130.14999389648438,131.27000427246094,120.25701141357422,1590600
2019-11-06,131.27999877929688,132.58999633789062,131.0800018310547,132.35000610351562,121.2464370727539,1559600
2019-11-07,132.6999969482422,133.82000732421875,132.6199951171875,133.00999450683594,121.8510513305664,1333700
2019-11-08,132.72999572753906,133.9499969482422,132.5,133.2899932861328,122.10755157470703,1301700
2019-11-11,133.0,133.94000244140625,132.8000030517578,133.5399932861328,122.33656311035156,1319100
2019-11-12,133.69000244140625,133.72999572753906,132.44000244140625,133.35000610351562,122.16252136230469,1050600
2019-11-13,132.6999969482422,134.38999938964844,132.50999450683594,134.1300048828125,122.8770523071289,1074500
2019-11-14,133.83999633789062,134.47999572753906,133.27999877929688,133.9499969482422,122.7121810913086,1018100
2019-11-15,133.88999938964844,134.69000244140625,133.35000610351562,133.57000732421875,122.36407470703125,1450000
2019-11-18,133.64999389648438,134.72999572753906,133.64999389648438,134.2899932861328,123.02364349365234,1286900
2019-11-19,134.64999389648438,135.67999267578125,134.36000061035156,135.4600067138672,124.09550476074219,1810300
2019-11-20,134.77999877929688,135.6999969482422,134.44000244140625,135.42999267578125,124.06800842285156,1301100
2019-11-21,135.9499969482422,135.99000549316406,133.7899932861328,134.69000244140625,123.39009857177734,1230500
2019-11-22,134.7100067138672,135.5,134.38999938964844,135.1300048828125,123.79318237304688,1222700
2019-11-25,135.57000732421875,135.94000244140625,134.8699951171875,135.02999877929688,123.70157623291016,1161300
2019-11-26,134.8300018310547,136.89999389648438,134.6999969482422,136.67999267578125,125.21314239501953,1827500
2019-11-27,137.0800018310547,137.32000732421875,136.1300048828125,136.83999633789062,125.35972595214844,1057500
2019-11-29,136.8300018310547,137.2100067138672,136.47000122070312,136.72000122070312,125.24979400634766,523300
2019-12-02,136.99000549316406,137.25999450683594,135.25999450683594,135.25999450683594,123.91227722167969,1577300
2019-12-03,134.77999877929688,135.10000610351562,133.6999969482422,134.6199951171875,123.32593536376953,1865200
2019-12-04,133.4499969482422,135.49000549316406,133.3300018310547,135.1699981689453,123.82981872558594,1303000
2019-12-05,135.41000366210938,135.41000366210938,134.02999877929688,134.30999755859375,123.04196166992188,1435000
2019-12-06,135.19000244140625,136.14999389648438,134.7899932861328,135.72000122070312,124.33367919921875,1583700
2019-12-09,135.30999755859375,135.6300048828125,134.82000732421875,135.4499969482422,124.84058380126953,987100
2019-12-10,135.4499969482422,135.7899932861328,135.14999389648438,135.5399932861328,124.92352294921875,828600
2019-12-11,135.25999450683594,135.63999938964844,134.27999877929688,134.6300048828125,124.08482360839844,1260100
2019-12-12,134.6199951171875,136.22000122070312,134.30999755859375,135.61000061035156,124.9880599975586,1068900
2019-12-13,135.1300048828125,136.2100067138672,135.1199951171875,135.66000366210938,125.03414154052734,985600
2019-12-16,136.07000732421875,136.75,135.67999267578125,136.17999267578125,125.51341247558594,1312700
2019-12-17,136.27999877929688,137.25999450683594,136.1999969482422,136.99000549316406,126.25997924804688,1083400
2019-12-18,137.1699981689453,137.1699981689453,134.94000244140625,135.6699981689453,125.04338073730469,1582400
2019-12-19,135.39999389648438,136.49000549316406,135.10000610351562,136.47000122070312,125.78070068359375,1741500
2019-12-20,137.14999389648438,137.61000061035156,136.0399932861328,136.42999267578125,125.74383544921875,2676500
2019-12-23,136.8000030517578,136.8000030517578,135.5800018310547,136.22999572753906,125.55950927734375,1003000
2019-12-24,136.4499969482422,136.4499969482422,135.5500030517578,135.8300018310547,125.19082641601562,486200
2019-12-26,135.9600067138672,136.30999755859375,135.80999755859375,136.2899932861328,125.61477661132812,927700
2019-12-27,136.47999572753906,136.89999389648438,135.97000122070312,136.8000030517578,126.0848388671875,614400
2019-12-30,136.97999572753906,136.97999572753906,135.64999389648438,136.49000549316406,125.79914855957031,799200
2019-12-31,136.30999755859375,136.99000549316406,136.1300048828125,136.9499969482422,126.22308349609375,765100
2020-01-02,137.52000427246094,137.74000549316406,136.13999938964844,137.50999450683594,126.73925018310547,1117300
2020-01-03,136.5500030517578,137.3699951171875,136.35000610351562,137.02000427246094,126.28762817382812,927300
2020-01-06,136.14999389648438,137.2100067138672,135.63999938964844,137.1699981689453,126.42587280273438,952800
2020-01-07,135.88999938964844,136.6300048828125,135.10000610351562,135.16000366210938,124.57331085205078,1204600
2020-01-08,135.94000244140625,137.6999969482422,135.49000549316406,136.61000061035156,125.90972137451172,1942800
2020-01-09,136.6999969482422,137.91000366210938,136.6999969482422,137.6199951171875,126.84062957763672,1228600
2020-01-10,135.8000030517578,136.47000122070312,135.32000732421875,135.50999450683594,124.89590454101562,1343200
2020-01-13,135.50999450683594,136.3000030517578,135.35000610351562,136.25999450683594,125.5871353149414,1042500
2020-01-14,136.0,137.55999755859375,136.0,136.64999389648438,125.94659423828125,1485300
2020-01-15,136.5,137.97999572753906,136.30999755859375,137.57000732421875,126.79457092285156,905200
2020-01-16,138.0,138.97999572753906,137.82000732421875,138.85000610351562,127.97428131103516,1249100
2020-01-17,139.0,141.0500030517578,138.83999633789062,140.72999572753906,129.70706176757812,1534800
2020-01-21,140.77000427246094,141.5500030517578,140.3800048828125,140.91000366210938,129.87294006347656,1604700
2020-01-22,141.2899932861328,141.8699951171875,140.49000549316406,141.33999633789062,130.2692413330078,1656800
2020-01-23,136.2899932861328,138.0,133.47999572753906,134.19000244140625,123.67929077148438,3636600
2020-01-24,133.72999572753906,134.8800048828125,133.61000061035156,134.77999877929688,124.22306823730469,1755100
2020-01-27,134.35000610351562,135.75,133.55999755859375,133.72999572753906,123.25532531738281,1519500
2020-01-28,134.49000549316406,135.10000610351562,134.33999633789062,134.38999938964844,123.86361694335938,1297700
2020-01-29,134.5,134.5399932861328,132.9499969482422,133.27000427246094,122.83134460449219,1270900
2020-01-30,132.60000610351562,134.27999877929688,132.11000061035156,134.1999969482422,123.68852996826172,1409700
2020-01-31,133.66000366210938,134.50999450683594,131.42999267578125,131.6199951171875,121.31058502197266,1844900
2020-02-03,132.50999450683594,134.2899932861328,132.27999877929688,133.61000061035156,123.14472961425781,1494900
2020-02-04,134.41000366210938,135.25,132.47999572753906,132.5800018310547,122.19541931152344,1541400
2020-02-05,133.86000061035156,136.83999633789062,133.86000061035156,136.77999877929688,126.06643676757812,1404500
2020-02-06,137.27999877929688,138.0,136.47999572753906,136.5,125.808349609375,937600
2020-02-07,136.39999389648438,136.8800048828125,135.22999572753906,136.00999450683594,125.35671997070312,900200
2020-02-10,136.00999450683594,136.27000427246094,135.13999938964844,136.22000122070312,125.55030059814453,807700
2020-02-11,136.33999633789062,137.50999450683594,135.64999389648438,137.3800048828125,126.61942291259766,1042000
2020-02-12,137.57000732421875,137.69000244140625,135.69000244140625,135.7100067138672,125.08023834228516,824800
2020-02-13,135.91000366210938,137.16000366210938,135.22999572753906,136.8800048828125,126.15860748291016,927200
2020-02-14,136.6199951171875,138.16000366210938,136.22999572753906,137.75999450683594,126.96964263916016,981400
2020-02-18,137.47999572753906,137.69000244140625,135.75999450683594,135.8800048828125,125.23690032958984,1206100
2020-02-19,136.0,136.1699981689453,134.19000244140625,134.50999450683594,123.97423553466797,1272200
2020-02-20,133.97999572753906,134.4499969482422,132.60000610351562,133.97999572753906,123.48572540283203,1629100
2020-02-21,134.25999450683594,135.3300018310547,133.24000549316406,135.16000366210938,124.57331085205078,1469700
2020-02-24,133.52000427246094,135.5500030517578,133.32000732421875,134.1199951171875,123.6147689819336,1828700
2020-02-25,134.11000061035156,134.1999969482422,130.72999572753906,130.7899932861328,120.54560089111328,1949000
2020-02-26,131.27999877929688,132.16000366210938,128.55999755859375,128.55999755859375,118.49026489257812,1715500
2020-02-27,127.3499984741211,129.05999755859375,124.04000091552734,124.08000183105469,114.3611831665039,2689600
2020-02-28,121.72000122070312,122.73999786376953,117.37999725341797,119.80999755859375,110.42564392089844,3753300
2020-03-02,119.80999755859375,127.69000244140625,119.33000183105469,127.68000030517578,117.67919921875,3349900
2020-03-03,127.58000183105469,128.60000610351562,124.37000274658203,125.30999755859375,115.49483489990234,2694500
2020-03-04,126.26000213623047,131.5500030517578,125.31999969482422,131.52999877929688,121.22763061523438,2423100
2020-03-05,127.6500015258789,129.3300018310547,126.80999755859375,128.02000427246094,117.9925765991211,2445500
2020-03-06,124.20999908447266,125.79000091552734,122.45999908447266,124.83999633789062,115.06163787841797,2550400
2020-03-09,116.12000274658203,118.4800033569336,113.30000305175781,116.19999694824219,107.80651092529297,3658300
2020-03-10,118.58000183105469,119.77999877929688,113.80000305175781,119.56999969482422,110.93309020996094,2615200
2020-03-11,115.69000244140625,116.37000274658203,111.19000244140625,112.5999984741211,104.46656799316406,3032200
2020-03-12,105.61000061035156,110.66000366210938,101.22000122070312,102.18000030517578,94.7992172241211,3485600
2020-03-13,107.51000213623047,107.55000305175781,99.19000244140625,107.44999694824219,99.68856048583984,3602300
2020-03-16,97.8499984741211,98.4800033569336,84.86000061035156,85.0999984741211,78.95296478271484,4731800
2020-03-17,87.11000061035156,96.69999694824219,80.4000015258789,96.41000366210938,89.44601440429688,5424900
2020-03-18,90.25,93.5,76.98999786376953,81.69000244140625,75.7892837524414,3939100
2020-03-19,81.16000366210938,86.44999694824219,77.5199966430664,86.06999969482422,79.85289001464844,3177500
2020-03-20,86.1500015258789,94.18000030517578,84.95999908447266,89.51000213623047,83.0444107055664,5949500
2020-03-23,87.5999984741211,92.5,87.11000061035156,88.36000061035156,81.97747802734375,4915700
2020-03-24,91.31999969482422,94.36000061035156,86.76000213623047,93.73999786376953,86.96887969970703,4293300
2020-03-25,93.37000274658203,94.95999908447266,87.66000366210938,92.18000030517578,85.52155303955078,4151400
2020-03-26,93.08999633789062,98.93000030517578,90.0999984741211,98.66999816894531,91.54275512695312,4610600
2020-03-27,94.87000274658203,103.01000213623047,94.80999755859375,99.94999694824219,92.73031616210938,3085400
2020-03-30,99.8499984741211,102.98999786376953,96.19999694824219,102.58999633789062,95.17959594726562,2733700
2020-03-31,100.73999786376953,101.72000122070312,99.01000213623047,99.3499984741211,92.17363739013672,2919500
2020-04-01,94.76000213623047,98.06999969482422,94.4000015258789,95.19999694824219,88.32340240478516,3182600
2020-04-02,94.55000305175781,98.93000030517578,93.9000015258789,97.19000244140625,90.16966247558594,1852300
2020-04-03,96.08999633789062,97.31999969482422,92.94000244140625,93.88999938964844,87.10804748535156,1784100
2020-04-06,98.0,99.48999786376953,96.77999877929688,98.9800033569336,91.83036804199219,3042500
2020-04-07,102.47000122070312,104.19999694824219,100.66999816894531,100.77999877929688,93.5003433227539,1944000
2020-04-08,101.5999984741211,105.4800033569336,100.12000274658203,104.94000244140625,97.35985565185547,1482100
2020-04-09,106.33999633789062,111.69999694824219,105.75,109.73999786376953,101.8131332397461,1693400
2020-04-13,109.61000061035156,109.87999725341797,105.83000183105469,106.41999816894531,98.73294067382812,1241500
2020-04-14,107.2300033569336,109.51000213623047,106.33999633789062,108.0199966430664,100.21737670898438,2122800
2020-04-15,103.0199966430664,105.2300033569336,101.97000122070312,102.16999816894531,94.78993225097656,1994700
2020-04-16,101.95999908447266,102.22000122070312,98.97000122070312,99.80999755859375,92.60041046142578,1721100
2020-04-17,103.30000305175781,105.33999633789062,102.1500015258789,105.06999969482422,97.48046112060547,2038500
2020-04-20,103.29000091552734,103.81999969482422,100.0999984741211,101.77999877929688,94.42810821533203,2204500
2020-04-21,98.48999786376953,106.55000305175781,96.55000305175781,101.77999877929688,94.42810821533203,3049200
2020-04-22,103.51000213623047,104.41000366210938,100.44000244140625,101.79000091552734,94.43740844726562,2274100
2020-04-23,101.75,102.97000122070312,100.25,100.44999694824219,93.19417572021484,1832100
2020-04-24,100.88999938964844,101.08000183105469,98.63999938964844,100.81999969482422,93.53746032714844,2130000
2020-04-27,101.69999694824219,103.66000366210938,101.43000030517578,102.88999938964844,95.45793914794922,1405200
2020-04-28,104.97000122070312,105.6500015258789,102.88999938964844,104.29000091552734,96.7568130493164,1907100
2020-04-29,105.88999938964844,106.88999938964844,103.91000366210938,106.0,98.34329986572266,1420200
2020-04-30,104.2699966430664,104.58999633789062,100.91000366210938,101.20999908447266,93.8992919921875,1908800
2020-05-01,99.4800033569336,99.81999969482422,95.63999938964844,96.05000305175781,89.11201477050781,2580200
2020-05-04,95.22000122070312,97.05999755859375,93.44999694824219,96.91000366210938,89.90990447998047,1657700
2020-05-05,97.62000274658203,99.62999725341797,96.76000213623047,96.8499984741211,89.8542251586914,1798700
2020-05-06,97.62000274658203,97.81999969482422,93.2300033569336,93.29000091552734,86.55137634277344,1309000
2020-05-07,94.19999694824219,97.9000015258789,94.19999694824219,95.80000305175781,88.88007354736328,1333100
2020-05-08,97.5,97.62000274658203,95.51000213623047,97.33999633789062,90.30882263183594,1125200
2020-05-11,96.62999725341797,96.70999908447266,94.45999908447266,95.51000213623047,88.61102294921875,1016200
2020-05-12,95.70999908447266,96.7300033569336,93.88999938964844,93.95999908447266,87.1729736328125,1913100
2020-05-13,92.87000274658203,93.0999984741211,89.52999877929688,89.86000061035156,83.36913299560547,1964900
2020-05-14,88.19999694824219,90.95999908447266,85.0999984741211,90.22000122070312,83.70314025878906,2651300
2020-05-15,89.2300033569336,90.41999816894531,87.7300033569336,90.30999755859375,83.78663635253906,3352700
2020-05-18,93.98999786376953,96.0999984741211,93.5,95.30000305175781,88.41618347167969,1706100
2020-05-19,94.79000091552734,95.06999969482422,92.93000030517578,93.2699966430664,86.53282165527344,1598500
2020-05-20,94.58000183105469,96.1500015258789,93.7699966430664,95.54000091552734,88.63884735107422,1835600
2020-05-21,95.0,100.80000305175781,94.93000030517578,99.16999816894531,92.00663757324219,2993500
2020-05-22,99.29000091552734,100.22000122070312,98.19999694824219,100.0999984741211,92.86946105957031,1705400
2020-05-26,103.72000122070312,104.56999969482422,102.7300033569336,103.36000061035156,95.89398193359375,2840500
2020-05-27,106.9800033569336,107.36000061035156,105.02999877929688,106.81999969482422,99.10406494140625,1738200
2020-05-28,108.48999786376953,108.76000213623047,106.58000183105469,107.58999633789062,99.81843566894531,2028300
2020-05-29,106.33000183105469,108.7300033569336,105.68000030517578,106.9800033569336,99.25251007080078,2973600
2020-06-01,106.79000091552734,109.30000305175781,105.41999816894531,109.1500015258789,101.26575469970703,1726700
2020-06-02,110.06999969482422,111.45999908447266,108.55000305175781,111.0,102.98213195800781,1795800
2020-06-03,113.02999877929688,115.0,112.5199966430664,114.47000122070312,106.20146942138672,1774200
2020-06-04,113.9800033569336,118.01000213623047,112.94999694824219,118.0,109.47649383544922,1695300
2020-06-05,121.2699966430664,125.27999877929688,120.18000030517578,124.36000061035156,115.3770980834961,3129600
2020-06-08,125.0,128.1300048828125,124.62000274658203,128.0,118.75416564941406,3168200
2020-06-09,124.29000091552734,126.98999786376953,123.91999816894531,125.41999816894531,117.1384048461914,2875400
2020-06-10,123.75,124.66000366210938,120.97000122070312,120.9800033569336,112.9915771484375,3377200
2020-06-11,116.41000366210938,117.38999938964844,110.37000274658203,110.55000305175781,103.25027465820312,3541000
2020-06-12,114.72000122070312,115.55000305175781,110.55999755859375,113.33000183105469,105.84671020507812,1885100
2020-06-15,109.5,115.87000274658203,108.16000366210938,114.8499984741211,107.26634216308594,1942100
2020-06-16,119.44999694824219,119.44999694824219,114.16999816894531,116.1500015258789,108.48049926757812,1545000
2020-06-17,116.80999755859375,116.80999755859375,114.54000091552734,114.81999969482422,107.23832702636719,1328300
2020-06-18,113.87000274658203,116.5999984741211,113.5,116.05000305175781,108.38710021972656,1111100
2020-06-19,117.75,117.75,115.25,116.55999755859375,108.8634262084961,4756900
2020-06-22,115.26000213623047,116.7699966430664,114.27999877929688,116.2300033569336,108.55522155761719,1967800
2020-06-23,117.87000274658203,118.45999908447266,115.98999786376953,116.19000244140625,108.51786041259766,1723900
2020-06-24,114.58999633789062,114.69000244140625,111.4000015258789,112.86000061035156,105.40774536132812,3024400
2020-06-25,112.55000305175781,114.83000183105469,111.52999877929688,114.62000274658203,107.05152893066406,1212800
2020-06-26,113.26000213623047,114.41999816894531,110.55000305175781,111.0,103.67057800292969,2515200
2020-06-29,112.38999938964844,113.41999816894531,110.88999938964844,112.9000015258789,105.44509887695312,1161200
2020-06-30,112.47000122070312,114.48999786376953,112.0999984741211,114.05000305175781,106.5191650390625,1464500
2020-07-01,113.95999908447266,114.79000091552734,112.19999694824219,112.5,105.07152557373047,930500
2020-07-02,115.04000091552734,116.0,112.18000030517578,112.45999908447266,105.0341567993164,1040300
2020-07-06,115.26000213623047,116.37999725341797,113.33000183105469,114.56999969482422,107.00483703613281,1329600
2020-07-07,113.58999633789062,113.81999969482422,111.9800033569336,112.4800033569336,105.05284118652344,1222600
2020-07-08,111.91999816894531,113.77999877929688,111.5,113.18000030517578,105.70662689208984,1591200
2020-07-09,113.37999725341797,113.37999725341797,109.08999633789062,110.04000091552734,102.77395629882812,1506400
2020-07-10,110.23999786376953,114.23999786376953,110.20999908447266,113.83999633789062,106.32304382324219,1073600
2020-07-13,114.61000061035156,116.41999816894531,112.86000061035156,114.23999786376953,106.69660186767578,1239700
2020-07-14,114.2699966430664,118.97000122070312,113.37000274658203,118.55000305175781,110.72203063964844,2289800
2020-07-15,121.37999725341797,121.55999755859375,118.0,119.13999938964844,111.27306365966797,1487400
2020-07-16,119.02999877929688,122.69000244140625,118.80999755859375,120.5,112.54326629638672,1367400
2020-07-17,120.83000183105469,120.83000183105469,118.58999633789062,119.16000366210938,111.29175567626953,1301500
2020-07-20,118.88999938964844,120.4000015258789,118.18000030517578,118.7699966430664,110.92750549316406,1174100
2020-07-21,119.44999694824219,121.69999694824219,119.2300033569336,120.41999816894531,112.46854400634766,1330200
2020-07-22,119.41000366210938,122.55999755859375,119.02999877929688,122.23999786376953,114.16836547851562,1317500
2020-07-23,121.68000030517578,122.30000305175781,117.5,118.61000061035156,110.77806091308594,2127200
2020-07-24,119.41000366210938,120.47000122070312,117.55000305175781,118.27999877929688,110.4698486328125,1542800
2020-07-27,117.58999633789062,117.83999633789062,115.83999633789062,116.62999725341797,108.92880249023438,1249400
2020-07-28,116.38999938964844,117.2300033569336,114.9000015258789,115.02999877929688,107.4344482421875,1350300
2020-07-29,114.88999938964844,117.25,114.30999755859375,116.8499984741211,109.13427734375,1033600
2020-07-30,114.5,116.69999694824219,113.2699966430664,115.93000030517578,108.27503967285156,1133700
2020-07-31,115.2300033569336,115.77999877929688,112.58000183105469,114.41999816894531,106.86473846435547,1377600
2020-08-03,114.36000061035156,115.54000091552734,112.7300033569336,114.4000015258789,106.84606170654297,1266600
2020-08-04,113.45999908447266,114.06999969482422,112.30000305175781,113.0999984741211,105.63188934326172,1451600
2020-08-05,114.36000061035156,115.77999877929688,114.16999816894531,115.08000183105469,107.48114776611328,958700
2020-08-06,114.36000061035156,115.5,113.33999633789062,113.73999786376953,106.22962951660156,1632300
2020-08-07,113.0999984741211,117.58999633789062,113.0199966430664,117.36000061035156,109.61060333251953,2062900
2020-08-10,118.0,119.37999725341797,116.97000122070312,119.12000274658203,111.25439453125,1063600
2020-08-11,121.4000015258789,123.30000305175781,119.62000274658203,119.91999816894531,112.00157165527344,1609400
2020-08-12,121.55999755859375,121.55999755859375,118.2699966430664,118.86000061035156,111.01155853271484,1144600
2020-08-13,118.27999877929688,119.51000213623047,117.54000091552734,119.2699966430664,111.39449310302734,930300
2020-08-14,118.5199966430664,119.93000030517578,118.01000213623047,118.5999984741211,110.76872253417969,625100
2020-08-17,118.08999633789062,118.08999633789062,114.91999816894531,115.91000366210938,108.25635528564453,938000
2020-08-18,116.22000122070312,116.25,114.75,114.93000030517578,107.34105682373047,768500
2020-08-19,115.26000213623047,116.02999877929688,112.77999877929688,113.19999694824219,105.72529602050781,1200700
2020-08-20,112.0,113.44000244140625,111.87000274658203,112.52999877929688,105.09954833984375,895100
2020-08-21,112.04000091552734,112.91999816894531,111.51000213623047,111.83000183105469,104.44576263427734,1082600
2020-08-24,112.16999816894531,114.95999908447266,111.5199966430664,114.9000015258789,107.31303405761719,1361900
2020-08-25,116.2699966430664,116.43000030517578,114.75,115.62000274658203,107.9854965209961,1356500
2020-08-26,114.7300033569336,114.7300033569336,113.41999816894531,113.54000091552734,106.0428466796875,1200100
2020-08-27,113.69000244140625,118.81999969482422,113.66999816894531,117.18000030517578,109.44249725341797,1543900
2020-08-28,118.0999984741211,118.0999984741211,114.7300033569336,115.88999938964844,108.23766326904297,1725800
2020-08-31,116.68000030517578,116.97000122070312,114.8499984741211,116.04000091552734,108.37776947021484,2297900
2020-09-01,115.16000366210938,115.33999633789062,113.58000183105469,114.69000244140625,107.11691284179688,969900
2020-09-02,114.52999877929688,117.72000122070312,114.0199966430664,117.4800033569336,109.7226791381836,1391400
2020-09-03,118.30999755859375,120.87999725341797,114.44000244140625,115.3499984741211,107.73332977294922,1299400
2020-09-04,117.19999694824219,119.0,114.87999725341797,116.56999969482422,108.87277221679688,1460700
2020-09-08,116.30999755859375,116.44000244140625,112.66000366210938,113.73999786376953,106.22962951660156,1686800
2020-09-09,114.20999908447266,115.4000015258789,112.93000030517578,113.62999725341797,106.92597198486328,957600
2020-09-10,113.7300033569336,114.94999694824219,111.7699966430664,111.80000305175781,105.20394134521484,950200
2020-09-11,112.5199966430664,114.06999969482422,111.6500015258789,113.4000015258789,106.70954132080078,1040100
2020-09-14,114.16999816894531,115.2300033569336,113.76000213623047,114.45999908447266,107.7070083618164,977300
2020-09-15,114.47000122070312,114.68000030517578,112.05999755859375,112.1500015258789,105.53328704833984,1042000
2020-09-16,112.3499984741211,114.94999694824219,112.11000061035156,113.16999816894531,106.49312591552734,1048900
2020-09-17,112.41000366210938,113.41999816894531,111.05999755859375,112.5999984741211,105.95674133300781,1196900
2020-09-18,112.0,113.19000244140625,111.33999633789062,111.61000061035156,105.02515411376953,2294700
2020-09-21,109.23999786376953,110.37999725341797,107.19999694824219,109.44999694824219,102.99259185791016,1884100
2020-09-22,109.11000061035156,111.44999694824219,108.26000213623047,109.25,102.80438995361328,1385100
2020-09-23,109.2300033569336,110.37999725341797,107.44999694824219,107.48999786376953,101.14822387695312,2883500
2020-09-24,107.95999908447266,109.43000030517578,105.66999816894531,107.81999969482422,101.45875549316406,1746300
2020-09-25,106.55999755859375,108.31999969482422,105.95999908447266,108.11000061035156,101.73165893554688,1714100
2020-09-28,109.7300033569336,111.9000015258789,109.30000305175781,110.22000122070312,103.7171630859375,1555900
2020-09-29,109.97000122070312,110.25,106.55000305175781,107.44000244140625,101.10118103027344,1306500
2020-09-30,107.80999755859375,109.12999725341797,107.22000122070312,108.19000244140625,101.80693817138672,1595800
2020-10-01,108.18000030517578,109.0,106.26000213623047,107.80999755859375,101.44934844970703,1323600
2020-10-02,106.69000244140625,109.48999786376953,106.45999908447266,108.58000183105469,102.1739273071289,1220300
2020-10-05,110.55000305175781,112.02999877929688,109.55000305175781,111.91000366210938,105.30746459960938,1296300
2020-10-06,112.55000305175781,113.30999755859375,110.79000091552734,111.52999877929688,104.94985961914062,1491800
2020-10-07,112.08000183105469,114.33999633789062,112.08000183105469,113.80000305175781,107.0859603881836,1388000
2020-10-08,114.8499984741211,116.94999694824219,114.3499984741211,115.62000274658203,108.79856872558594,734400
2020-10-09,116.44000244140625,116.9800033569336,115.2300033569336,115.83000183105469,108.99617004394531,903800
2020-10-12,114.3499984741211,116.91999816894531,114.05999755859375,116.54000091552734,109.66429901123047,1370800
2020-10-13,115.51000213623047,116.16999816894531,112.31999969482422,112.88999938964844,106.22962951660156,1230200
2020-10-14,112.76000213623047,114.45999908447266,112.0,112.02999877929688,105.42037963867188,1070100
2020-10-15,110.58000183105469,113.05999755859375,109.62000274658203,112.63999938964844,105.994384765625,1238900
2020-10-16,112.79000091552734,114.26000213623047,111.69000244140625,113.31999969482422,106.63426208496094,1641100
2020-10-19,113.51000213623047,114.37000274658203,111.69000244140625,111.83999633789062,105.2415771484375,1191400
2020-10-20,115.58000183105469,118.44999694824219,114.19999694824219,118.11000061035156,111.14166259765625,2300800
2020-10-21,118.5,125.18000030517578,118.12000274658203,125.0,117.62517547607422,2965200
2020-10-22,123.31999969482422,126.86000061035156,122.87999725341797,126.13999938964844,118.6978988647461,2267000
2020-10-23,127.43000030517578,127.55000305175781,123.81999969482422,125.97000122070312,118.5379409790039,1375900
2020-10-26,123.8499984741211,124.0199966430664,120.51000213623047,121.54000091552734,114.3692855834961,1331800
2020-10-27,121.0199966430664,122.44999694824219,119.02999877929688,119.08999633789062,112.06385040283203,1159000
2020-10-28,117.18000030517578,122.31999969482422,116.70999908447266,121.5,114.33164978027344,2899800
2020-10-29,121.04000091552734,123.73999786376953,118.91999816894531,122.45999908447266,115.23501586914062,2595800
2020-10-30,121.66999816894531,122.79000091552734,118.8499984741211,120.70999908447266,113.5882797241211,2630300
2020-11-02,123.06999969482422,124.30999755859375,120.41999816894531,123.91999816894531,116.60887908935547,1765700
2020-11-03,125.5,127.51000213623047,125.11000061035156,126.33999633789062,118.88609313964844,1546200
2020-11-04,122.69999694824219,127.11000061035156,122.51000213623047,123.4000015258789,116.11956787109375,2424100
2020-11-05,124.02999877929688,128.5500030517578,123.63999938964844,127.51000213623047,119.98706817626953,1363000
2020-11-06,127.83999633789062,129.0800018310547,126.56999969482422,127.0,119.50716400146484,1044200
2020-11-09,138.4499969482422,138.47000122070312,134.1300048828125,134.27999877929688,126.35765838623047,2734300
2020-11-10,135.27999877929688,136.82000732421875,134.10000610351562,136.36000061035156,128.31492614746094,1591100
2020-11-11,136.08999633789062,136.60000610351562,133.85000610351562,134.9600067138672,126.9975357055664,966300
2020-11-12,133.97999572753906,133.97999572753906,131.19000244140625,132.39999389648438,124.58856964111328,1289500
2020-11-13,133.77000427246094,135.08999633789062,132.6300048828125,134.6300048828125,126.68700408935547,1135000
2020-11-16,137.8000030517578,138.97999572753906,134.97999572753906,136.2899932861328,128.24903869628906,1163500
2020-11-17,136.0800018310547,136.17999267578125,134.0800018310547,135.0399932861328,127.07279968261719,1218000
2020-11-18,135.44000244140625,137.27999877929688,134.25999450683594,134.3699951171875,126.44232940673828,1333200
2020-11-19,133.1199951171875,134.17999267578125,131.4600067138672,133.8699951171875,125.9718246459961,1118600
2020-11-20,132.9499969482422,134.8000030517578,132.67999267578125,134.5500030517578,126.61170959472656,1322400
2020-11-23,135.55999755859375,135.55999755859375,133.6300048828125,134.6300048828125,126.68700408935547,918000
2020-11-24,136.8000030517578,136.94000244140625,134.75999450683594,136.38999938964844,128.34317016601562,2098500
2020-11-25,135.55999755859375,136.5,134.02999877929688,136.02000427246094,127.9949951171875,986700
2020-11-27,135.67999267578125,135.67999267578125,133.5500030517578,134.44000244140625,126.50823211669922,538000
2020-11-30,133.16000366210938,134.0,129.57000732421875,129.64999389648438,122.00081634521484,2684100
2020-12-01,132.50999450683594,134.24000549316406,131.99000549316406,133.41000366210938,125.53899383544922,1218300
2020-12-02,132.5800018310547,134.27999877929688,132.4199981689453,134.0399932861328,126.13180541992188,948400
2020-12-03,133.75,135.6199951171875,132.42999267578125,135.08999633789062,127.119873046875,980800
2020-12-04,135.5399932861328,136.19000244140625,134.2100067138672,136.16000366210938,128.12672424316406,934600
2020-12-07,134.6199951171875,135.0500030517578,133.42999267578125,133.89999389648438,126.00006866455078,970900
2020-12-08,133.07000732421875,135.8000030517578,132.75,135.25999450683594,127.27983093261719,1113300
2020-12-09,134.89999389648438,135.80999755859375,134.38999938964844,134.91000366210938,127.75330352783203,1600100
2020-12-10,134.47999572753906,137.5399932861328,134.39999389648438,136.7100067138672,129.45785522460938,1352800
2020-12-11,134.8000030517578,136.64999389648438,133.66000366210938,134.9499969482422,127.79117584228516,1273500
2020-12-14,136.19000244140625,136.77999877929688,133.6699981689453,133.99000549316406,126.8821029663086,1344500
2020-12-15,134.7100067138672,137.32000732421875,134.32000732421875,137.25999450683594,129.9786376953125,975600
2020-12-16,137.72999572753906,137.97000122070312,136.22000122070312,137.44000244140625,130.14907836914062,1253300
2020-12-17,137.75,138.8300018310547,137.75,138.02999877929688,130.70779418945312,1428800
2020-12-18,138.58999633789062,139.77999877929688,137.5,138.86000061035156,131.4937744140625,3347100
2020-12-21,139.14999389648438,139.14999389648438,136.25999450683594,138.14999389648438,130.82142639160156,1373200
2020-12-22,137.5399932861328,137.89999389648438,136.25999450683594,136.47999572753906,129.24002075195312,1186600
2020-12-23,137.2899932861328,138.55999755859375,136.91000366210938,137.9499969482422,130.63204956054688,1901500
2020-12-24,138.05999755859375,138.63999938964844,136.83999633789062,138.49000549316406,131.14340209960938,416800
2020-12-28,138.8300018310547,139.8800048828125,138.47000122070312,139.19000244140625,131.80625915527344,1100300
2020-12-29,139.5800018310547,139.64999389648438,138.02999877929688,138.35000610351562,131.01080322265625,859000
2020-12-30,138.9499969482422,139.89999389648438,138.85000610351562,139.0800018310547,131.7021026611328,1253800
2020-12-31,139.0800018310547,140.5399932861328,138.11000061035156,140.3699951171875,132.9236602783203,970200
2021-01-04,140.6300048828125,140.66000366210938,134.32000732421875,135.64999389648438,128.45404052734375,1559700
2021-01-05,135.72000122070312,136.4499969482422,133.1199951171875,134.52999877929688,127.39347839355469,937700
2021-01-06,136.1300048828125,139.13999938964844,135.4600067138672,139.10000610351562,131.72103881835938,1278900
2021-01-07,139.52000427246094,139.72000122070312,137.72000122070312,139.07000732421875,131.692626953125,1258100
2021-01-08,139.2100067138672,139.77000427246094,137.89999389648438,139.64999389648438,132.24185180664062,995100
2021-01-11,138.67999267578125,139.35000610351562,137.22000122070312,137.42999267578125,130.1396484375,1017200
2021-01-12,137.52999877929688,140.7100067138672,137.3699951171875,140.4199981689453,132.97100830078125,830100
2021-01-13,140.00999450683594,142.74000549316406,139.60000610351562,142.25,134.70391845703125,1409200
2021-01-14,142.42999267578125,143.1300048828125,141.11000061035156,142.32000732421875,134.77024841308594,1621900
2021-01-15,141.83999633789062,144.1199951171875,141.07000732421875,143.24000549316406,135.64144897460938,1915900
2021-01-19,143.6300048828125,144.2899932861328,142.0399932861328,143.50999450683594,135.89707946777344,1616400
2021-01-20,143.27999877929688,145.5500030517578,142.6699981689453,145.02000427246094,137.3270263671875,1929600
2021-01-21,148.1300048828125,152.2899932861328,147.10000610351562,148.72000122070312,140.8307342529297,2835300
2021-01-22,146.83999633789062,147.97000122070312,144.4499969482422,145.83999633789062,138.10348510742188,1237900
2021-01-25,144.5,146.55999755859375,143.25999450683594,146.36000061035156,138.5959014892578,1284800
2021-01-26,146.80999755859375,147.55999755859375,143.69000244140625,143.7100067138672,136.0865020751953,1277300
2021-01-27,141.8699951171875,143.9199981689453,139.3000030517578,139.5,132.0998077392578,1637600
2021-01-28,140.27999877929688,141.3800048828125,139.11000061035156,140.0,132.5733184814453,1680700
2021-01-29,138.97000122070312,138.97000122070312,135.8699951171875,136.3000030517578,129.069580078125,2277100
2021-02-01,137.0800018310547,138.5,135.88999938964844,138.2100067138672,130.8782501220703,1232200
2021-02-02,139.16000366210938,140.69000244140625,138.25,139.8300018310547,132.41232299804688,1403700
2021-02-03,139.41000366210938,140.35000610351562,138.02000427246094,138.66000366210938,131.30438232421875,1083400
2021-02-04,139.24000549316406,144.17999267578125,138.7899932861328,143.92999267578125,136.29481506347656,2701400
2021-02-05,144.66000366210938,146.47999572753906,143.57000732421875,144.83999633789062,137.1565399169922,933600
2021-02-08,144.5800018310547,146.24000549316406,143.85000610351562,146.1999969482422,138.4444122314453,756100
2021-02-09,146.1300048828125,147.1699981689453,145.67999267578125,147.16000366210938,139.3534698486328,795500
2021-02-10,147.2100067138672,147.69000244140625,145.3300018310547,145.92999267578125,138.188720703125,1528600
2021-02-11,146.0,147.17999267578125,145.5800018310547,146.33999633789062,138.57696533203125,887300
2021-02-12,145.83999633789062,147.13999938964844,144.83999633789062,145.9600067138672,138.21714782714844,1313000
2021-02-16,147.00999450683594,147.9199981689453,145.6699981689453,147.4199981689453,139.59967041015625,1122100
2021-02-17,146.91000366210938,148.82000732421875,146.75999450683594,148.4499969482422,140.57501220703125,924300
2021-02-18,148.30999755859375,148.41000366210938,146.36000061035156,147.69000244140625,139.8553466796875,918200
2021-02-19,148.13999938964844,148.1699981689453,145.74000549316406,145.91000366210938,138.16978454589844,1124700
2021-02-22,145.8300018310547,148.0,144.88999938964844,147.8699951171875,140.02581787109375,1243900
2021-02-23,149.3699951171875,149.9600067138672,147.1999969482422,149.3300018310547,141.40838623046875,949200
2021-02-24,148.69000244140625,151.24000549316406,148.69000244140625,150.9600067138672,142.951904296875,1484300
2021-02-25,151.30999755859375,151.47999572753906,147.8699951171875,148.0,140.14892578125,1259900
2021-02-26,148.08999633789062,148.17999267578125,145.17999267578125,145.5,137.78152465820312,1529100
2021-03-01,147.0,151.00999450683594,147.0,150.38999938964844,142.412109375,1183900
2021-03-02,149.83999633789062,150.9199981689453,149.02000427246094,149.1199951171875,141.20948791503906,1221400
2021-03-03,149.11000061035156,152.14999389648438,148.7100067138672,150.7100067138672,142.7151336669922,1226200
2021-03-04,150.6199951171875,152.02000427246094,147.55999755859375,149.02000427246094,141.1147918701172,1107000
2021-03-05,150.4499969482422,153.22000122070312,149.22000122070312,152.36000061035156,144.2776336669922,1458700
2021-03-08,153.0,157.25,152.47000122070312,155.75,147.48779296875,1374800
2021-03-09,154.4199981689453,155.9600067138672,152.77999877929688,153.82000732421875,146.45947265625,1420100
2021-03-10,153.55999755859375,156.42999267578125,153.0500030517578,155.3800048828125,147.94483947753906,1491600
2021-03-11,153.8800048828125,155.3699951171875,152.1699981689453,155.08999633789062,147.66871643066406,2105200
2021-03-12,157.0500030517578,159.0399932861328,155.97000122070312,157.27000427246094,149.74436950683594,1313300
2021-03-15,155.97000122070312,157.5,155.60000610351562,157.33999633789062,149.81103515625,873500
2021-03-16,156.8699951171875,156.8699951171875,154.41000366210938,156.47000122070312,148.98269653320312,1049100
2021-03-17,157.14999389648438,158.17999267578125,155.5399932861328,157.9199981689453,150.36329650878906,1393800
2021-03-18,159.8000030517578,161.19000244140625,156.35000610351562,156.8300018310547,149.325439453125,2301300
2021-03-19,156.25,156.25,148.8800048828125,149.3000030517578,142.15574645996094,4099200
2021-03-22,149.14999389648438,149.52000427246094,146.75999450683594,147.58999633789062,140.52760314941406,1381800
2021-03-23,147.64999389648438,149.41000366210938,146.7899932861328,147.0,139.9658203125,1616400
2021-03-24,147.69000244140625,151.07000732421875,147.4600067138672,149.27999877929688,142.13671875,1995900
2021-03-25,149.8800048828125,153.13999938964844,147.9199981689453,152.77999877929688,145.46925354003906,1402100
2021-03-26,153.6999969482422,153.86000061035156,151.5,153.63999938964844,146.2880859375,1123000
2021-03-29,151.80999755859375,154.5,150.77000427246094,153.85000610351562,146.48802185058594,1393700
2021-03-30,154.57000732421875,155.22999572753906,153.3000030517578,154.02999877929688,146.65939331054688,924000
2021-03-31,154.02999877929688,154.1300048828125,150.25,150.39999389648438,143.203125,1705200
2021-04-01,150.25,151.3000030517578,149.4600067138672,150.6199951171875,143.41258239746094,1680000
2021-04-05,152.25,152.42999267578125,150.60000610351562,152.02999877929688,144.75511169433594,1260700
2021-04-06,152.02999877929688,153.94000244140625,151.4499969482422,151.75,144.48849487304688,1349200
2021-04-07,151.7899932861328,152.4499969482422,151.00999450683594,152.2899932861328,145.00267028808594,1694200
2021-04-08,150.7899932861328,151.1199951171875,149.52999877929688,150.36000061035156,143.1650390625,1740700
2021-04-09,151.52000427246094,152.5500030517578,150.9600067138672,151.64999389648438,144.39329528808594,1377600
2021-04-12,151.88999938964844,152.22000122070312,151.27000427246094,151.83999633789062,144.57420349121094,1232200
2021-04-13,151.2100067138672,152.39999389648438,150.5399932861328,152.2100067138672,144.92649841308594,1911200
2021-04-14,152.4199981689453,156.35000610351562,152.0,155.42999267578125,147.99241638183594,1850700
2021-04-15,155.52999877929688,155.97000122070312,153.77999877929688,154.36000061035156,146.97364807128906,1181300
2021-04-16,154.6699981689453,156.4600067138672,154.6699981689453,155.9499969482422,148.48753356933594,1315500
2021-04-19,156.5800018310547,157.9600067138672,153.57000732421875,154.3800048828125,146.99269104003906,1123100
2021-04-20,154.92999267578125,157.39999389648438,153.83999633789062,155.72999572753906,148.27804565429688,1840900
2021-04-21,156.27999877929688,157.75999450683594,156.02999877929688,157.3800048828125,149.84913635253906,859600
2021-04-22,156.7100067138672,157.32000732421875,154.30999755859375,155.8699951171875,148.41136169433594,1446000
2021-04-23,156.5399932861328,158.33999633789062,156.00999450683594,157.83999633789062,150.287109375,1079600
2021-04-26,157.83999633789062,158.11000061035156,155.42999267578125,155.72999572753906,148.27804565429688,1033200
2021-04-27,155.7100067138672,156.44000244140625,154.55999755859375,155.1999969482422,147.77340698242188,1339400
2021-04-28,155.72999572753906,155.88999938964844,152.85000610351562,153.7899932861328,146.430908203125,1167500
2021-04-29,154.75999450683594,155.82000732421875,154.32000732421875,155.6999969482422,148.24948120117188,877000
2021-04-30,155.52999877929688,156.60000610351562,153.89999389648438,154.66000366210938,147.25927734375,952300
2021-05-03,156.11000061035156,158.0800018310547,155.7100067138672,156.58999633789062,149.09693908691406,1094300
2021-05-04,156.38999938964844,158.69000244140625,155.97000122070312,158.52999877929688,150.94410705566406,1389900
2021-05-05,158.1199951171875,159.67999267578125,156.25,159.2899932861328,151.667724609375,1453200
2021-05-06,160.0,160.85000610351562,159.16000366210938,160.5,152.81982421875,1007600
2021-05-07,158.3000030517578,161.10000610351562,158.13999938964844,160.80999755859375,153.114990234375,1057300
2021-05-10,161.58999633789062,162.7100067138672,161.08999633789062,161.6699981689453,153.93382263183594,1214500
2021-05-11,161.8699951171875,161.91000366210938,156.32000732421875,156.69000244140625,149.19212341308594,1180100
2021-05-12,157.66000366210938,157.6699981689453,153.66000366210938,153.75,146.392822265625,1343300
2021-05-13,152.80999755859375,158.74000549316406,152.75,157.75999450683594,150.21092224121094,1315400
2021-05-14,157.75999450683594,160.86000061035156,157.42999267578125,160.50999450683594,152.82931518554688,1001200
2021-05-17,159.36000061035156,160.69000244140625,158.9600067138672,160.25,152.58180236816406,938000
2021-05-18,159.60000610351562,159.63999938964844,157.1999969482422,157.2899932861328,149.763427734375,1377500
2021-05-19,156.77000427246094,157.36000061035156,154.11000061035156,157.0,149.4873046875,1332700
2021-05-20,157.2100067138672,159.63999938964844,156.50999450683594,158.80999755859375,151.21067810058594,1067100
2021-05-21,159.08999633789062,160.9499969482422,158.3300018310547,159.0800018310547,151.4677734375,907000
2021-05-24,159.39999389648438,160.1999969482422,158.2899932861328,158.72999572753906,151.13450622558594,890800
2021-05-25,158.83999633789062,159.5,156.0800018310547,156.5500030517578,149.058837890625,1238600
2021-05-26,157.0,157.83999633789062,156.5800018310547,157.13999938964844,149.62060546875,1014000
2021-05-27,158.27999877929688,159.47999572753906,157.72999572753906,159.35000610351562,151.724853515625,2438800
2021-05-28,160.39999389648438,160.39999389648438,158.9600067138672,159.6999969482422,152.05810546875,963300
2021-06-01,161.1199951171875,161.99000549316406,160.25999450683594,160.88999938964844,153.191162109375,901300
2021-06-02,161.67999267578125,161.74000549316406,159.88999938964844,160.1999969482422,152.5341796875,976000
2021-06-03,159.91000366210938,162.25,158.9499969482422,161.0,153.2958984375,812500
2021-06-04,160.5800018310547,161.0,159.0500030517578,160.0,152.34375,960000
2021-06-07,160.42999267578125,160.42999267578125,157.63999938964844,157.75999450683594,150.21092224121094,980500
2021-06-08,157.19000244140625,157.92999267578125,155.8300018310547,157.5399932861328,150.00144958496094,988300
2021-06-09,156.07000732421875,156.25999450683594,154.5,154.74000549316406,148.16307067871094,1099900
2021-06-10,155.6300048828125,155.88999938964844,153.92999267578125,154.02000427246094,147.47369384765625,900500
2021-06-11,153.89999389648438,155.82000732421875,153.89999389648438,154.47999572753906,147.91412353515625,933700
2021-06-14,154.25,154.39999389648438,152.5800018310547,153.25,146.73638916015625,880600
2021-06-15,153.8699951171875,155.4199981689453,152.69000244140625,154.6199951171875,148.0481719970703,864500
2021-06-16,153.89999389648438,155.19000244140625,152.67999267578125,152.7899932861328,146.29591369628906,1156200
2021-06-17,153.24000549316406,153.57000732421875,148.60000610351562,148.8699951171875,142.5425567626953,1108900
2021-06-18,146.83999633789062,147.52000427246094,144.44000244140625,144.75999450683594,138.60723876953125,3109200
2021-06-21,146.3699951171875,149.0,145.80999755859375,148.64999389648438,142.33189392089844,931100
2021-06-22,148.52999877929688,149.19000244140625,147.13999938964844,148.3000030517578,141.99681091308594,727500
2021-06-23,148.83999633789062,148.9499969482422,147.8300018310547,147.89999389648438,141.61380004882812,649600
2021-06-24,148.89999389648438,150.5,148.2899932861328,149.97000122070312,143.5958251953125,1026900
2021-06-25,150.7100067138672,151.9600067138672,150.10000610351562,151.72000122070312,145.27142333984375,1239700
2021-06-28,151.2100067138672,151.35000610351562,148.74000549316406,149.4499969482422,143.09788513183594,873300
2021-06-29,150.2899932861328,151.0,148.89999389648438,149.52000427246094,143.16494750976562,701400
2021-06-30,149.13999938964844,150.1699981689453,148.89999389648438,149.7100067138672,143.3468780517578,996900
2021-07-01,150.0,152.17999267578125,149.25,151.8300018310547,145.37677001953125,855900
2021-07-02,150.8000030517578,151.61000061035156,150.4600067138672,151.22999572753906,144.80226135253906,662000
2021-07-06,151.1699981689453,151.63999938964844,148.3699951171875,150.83999633789062,144.4288330078125,1006500
2021-07-07,150.07000732421875,152.5,149.5,152.19000244140625,145.72146606445312,801000
2021-07-08,150.13999938964844,151.0399932861328,147.91000366210938,148.52000427246094,142.2074432373047,1346500
2021-07-09,151.07000732421875,153.3800048828125,150.38999938964844,153.3300018310547,146.81297302246094,988200
2021-07-12,154.14999389648438,154.61000061035156,152.72000122070312,154.08999633789062,147.5406951904297,1076400
2021-07-13,153.57000732421875,154.67999267578125,152.67999267578125,152.99000549316406,146.48745727539062,1066400
2021-07-14,153.35000610351562,154.77999877929688,152.80999755859375,154.52999877929688,147.9619903564453,1436600
2021-07-15,152.7100067138672,155.75,152.4499969482422,155.5800018310547,148.9673614501953,1358700
2021-07-16,156.07000732421875,156.9499969482422,154.77999877929688,156.38999938964844,149.7429656982422,1387700
2021-07-19,153.92999267578125,155.10000610351562,149.72000122070312,151.25999450683594,144.83096313476562,1947800
2021-07-20,151.30999755859375,154.41000366210938,148.0399932861328,151.08999633789062,144.668212890625,2367600
2021-07-21,152.36000061035156,154.5,151.55999755859375,151.83999633789062,145.3863067626953,1307600
2021-07-22,148.0,149.77000427246094,147.1999969482422,147.75999450683594,141.479736328125,1540600
2021-07-23,148.92999267578125,150.1300048828125,146.75999450683594,147.8699951171875,141.58506774902344,1181400
2021-07-26,147.97999572753906,149.8800048828125,147.7899932861328,148.82000732421875,142.4947052001953,1320200
2021-07-27,148.1199951171875,150.1199951171875,147.5500030517578,149.3800048828125,143.03089904785156,861300
2021-07-28,149.83999633789062,150.25,146.07000732421875,146.82000732421875,140.57969665527344,1427800
2021-07-29,147.4499969482422,149.0,145.97999572753906,148.8800048828125,142.55215454101562,1221700
2021-07-30,148.75999450683594,150.5500030517578,148.32000732421875,148.9199981689453,142.5904541015625,984100
2021-08-02,149.82000732421875,151.8000030517578,148.67999267578125,148.9499969482422,142.61917114257812,898600
2021-08-03,149.0800018310547,150.4600067138672,147.5,150.38999938964844,143.99795532226562,890000
2021-08-04,149.97999572753906,150.6300048828125,149.25999450683594,149.52000427246094,143.16494750976562,863500
2021-08-05,150.3800048828125,151.5399932861328,149.42999267578125,150.5800018310547,144.1798858642578,716800
2021-08-06,151.86000061035156,153.3800048828125,151.52999877929688,152.82000732421875,146.32467651367188,634100
2021-08-09,152.88999938964844,153.91000366210938,152.0800018310547,153.3699951171875,146.85130310058594,680000
2021-08-10,153.1199951171875,155.16000366210938,153.02000427246094,154.22000122070312,147.6651611328125,852000
2021-08-11,154.88999938964844,156.27999877929688,154.38999938964844,156.2100067138672,149.5706024169922,757700
2021-08-12,157.0,157.1199951171875,155.30999755859375,156.49000549316406,149.83868408203125,722800
2021-08-13,156.63999938964844,157.10000610351562,155.6699981689453,156.30999755859375,149.66635131835938,594400
2021-08-16,156.30999755859375,157.94000244140625,155.47999572753906,157.74000549316406,151.03558349609375,980300
2021-08-17,157.5800018310547,159.3800048828125,157.3300018310547,158.89999389648438,152.1462860107422,875600
2021-08-18,157.97999572753906,160.47999572753906,157.66000366210938,158.72000122070312,151.97390747070312,1290700
2021-08-19,158.32000732421875,161.0500030517578,158.08999633789062,159.47999572753906,152.70159912109375,1105000
2021-08-20,159.25,162.1999969482422,158.80999755859375,160.83999633789062,154.00381469726562,978500
2021-08-23,161.50999450683594,162.3300018310547,159.8300018310547,159.89999389648438,153.10374450683594,622700
2021-08-24,160.16000366210938,161.0500030517578,159.77000427246094,160.63999938964844,153.8123016357422,791300
2021-08-25,160.77000427246094,163.2899932861328,160.39999389648438,162.5800018310547,155.6698455810547,1034600
2021-08-26,162.5,162.77999877929688,159.94000244140625,159.97000122070312,153.1707763671875,734100
2021-08-27,160.16000366210938,162.27000427246094,160.16000366210938,162.08999633789062,155.20066833496094,608000
2021-08-30,161.74000549316406,161.74000549316406,159.42999267578125,159.44000244140625,152.66331481933594,460700
2021-08-31,158.85000610351562,160.8000030517578,158.7100067138672,159.7100067138672,152.9218292236328,1568700
2021-09-01,159.42999267578125,160.22999572753906,158.2100067138672,159.27999877929688,152.51011657714844,1133800
2021-09-02,159.72000122070312,160.10000610351562,158.25,159.97000122070312,153.1707763671875,912700
2021-09-03,159.22999572753906,159.9499969482422,158.39999389648438,159.1699981689453,152.40480041503906,698900
2021-09-07,158.9499969482422,159.4600067138672,156.64999389648438,157.8000030517578,151.093017578125,1032200
2021-09-08,157.39999389648438,159.8300018310547,156.9600067138672,158.74000549316406,151.99307250976562,1328600
2021-09-09,158.00999450683594,159.6199951171875,157.38999938964844,157.9600067138672,152.08935546875,1161800
2021-09-10,158.72999572753906,158.89999389648438,156.32000732421875,156.36000061035156,150.54881286621094,920500
2021-09-13,156.97999572753906,159.02999877929688,156.07000732421875,158.89999389648438,152.9944305419922,1225300
2021-09-14,159.19000244140625,159.32000732421875,155.88999938964844,156.35000610351562,150.53916931152344,1186700
2021-09-15,156.77999877929688,157.82000732421875,155.7100067138672,157.5800018310547,151.72344970703125,1401300
2021-09-16,157.55999755859375,158.02000427246094,155.5,156.6699981689453,150.8472900390625,1238300
2021-09-17,156.58999633789062,157.83999633789062,155.64999389648438,156.2899932861328,150.4813995361328,2654900
2021-09-20,153.1999969482422,154.07000732421875,150.58999633789062,152.66000366210938,146.98631286621094,1958000
2021-09-21,153.19000244140625,154.22000122070312,151.67999267578125,152.97000122070312,147.28480529785156,1212700
2021-09-22,154.10000610351562,155.5800018310547,153.27999877929688,154.3800048828125,148.64239501953125,1440800
2021-09-23,155.57000732421875,157.3699951171875,155.4600067138672,156.02000427246094,150.22145080566406,821900
2021-09-24,155.97000122070312,156.77999877929688,155.47999572753906,156.4600067138672,150.6450958251953,833600
2021-09-27,157.69000244140625,158.14999389648438,156.1699981689453,156.2899932861328,150.4813995361328,1106300
2021-09-28,156.36000061035156,157.1199951171875,153.17999267578125,153.49000549316406,147.7854766845703,951300
2021-09-29,152.8699951171875,155.6300048828125,152.2899932861328,154.8800048828125,149.1238250732422,856800
2021-09-30,155.52000427246094,156.35000610351562,151.97999572753906,152.00999450683594,146.36045837402344,1095300
2021-10-01,152.41000366210938,153.85000610351562,150.2899932861328,152.4199981689453,146.75523376464844,1145600
2021-10-04,151.30999755859375,153.64999389648438,150.25999450683594,151.3800048828125,145.75390625,1310100
2021-10-05,152.82000732421875,154.17999267578125,150.83999633789062,153.60000610351562,147.89138793945312,1144500
2021-10-06,152.6999969482422,155.14999389648438,150.5,155.08999633789062,149.3260040283203,1200800
2021-10-07,156.6699981689453,158.16000366210938,155.97999572753906,157.24000549316406,151.39610290527344,1359400
2021-10-08,157.35000610351562,158.4499969482422,156.3699951171875,157.3300018310547,151.48277282714844,989900
2021-10-11,157.3000030517578,158.74000549316406,156.17999267578125,156.22999572753906,150.42361450195312,796900
2021-10-12,156.1199951171875,158.08999633789062,155.52000427246094,156.47999572753906,150.66432189941406,1402000
2021-10-13,156.35000610351562,156.74000549316406,153.55999755859375,156.38999938964844,150.5777130126953,1203700
2021-10-14,156.63999938964844,157.8300018310547,156.07000732421875,156.69000244140625,150.86654663085938,1346400
2021-10-15,157.16000366210938,158.4600067138672,155.55999755859375,155.63999938964844,149.85556030273438,1040300
2021-10-18,154.4199981689453,154.6999969482422,152.16000366210938,152.8800048828125,147.1981658935547,1599300
2021-10-19,156.2100067138672,158.27000427246094,154.88999938964844,155.38999938964844,149.6148681640625,2380200
2021-10-20,155.80999755859375,159.5,155.66000366210938,158.69000244140625,152.79220581054688,1548300
2021-10-21,158.1699981689453,160.72000122070312,158.1699981689453,160.19000244140625,154.23648071289062,1464500
2021-10-22,160.88999938964844,163.16000366210938,160.8000030517578,162.3699951171875,156.33541870117188,1362800
2021-10-25,162.0,162.4600067138672,160.8699951171875,161.5800018310547,155.57479858398438,1041200
2021-10-26,161.77000427246094,162.4199981689453,160.36000061035156,160.42999267578125,154.467529296875,847700
2021-10-27,160.74000549316406,162.11000061035156,159.72999572753906,159.77999877929688,153.84169006347656,1217200
2021-10-28,160.22000122070312,162.4499969482422,160.05999755859375,161.57000732421875,155.56520080566406,1260000
2021-10-29,162.1300048828125,162.44000244140625,160.66000366210938,160.8800048828125,154.90081787109375,1314100
2021-11-01,161.25,162.3699951171875,159.07000732421875,160.11000061035156,154.15945434570312,1077500
2021-11-02,161.13999938964844,161.69000244140625,158.75,158.82000732421875,152.91737365722656,994500
2021-11-03,158.22000122070312,161.25,158.22000122070312,160.25,154.2942352294922,1728700
2021-11-04,160.25,160.3699951171875,156.1199951171875,156.5,150.68360900878906,1526200
2021-11-05,157.74000549316406,160.42999267578125,156.92999267578125,159.60000610351562,153.66839599609375,1506200
2021-11-08,160.2100067138672,160.8800048828125,158.61000061035156,158.6999969482422,152.8018341064453,937400
2021-11-09,158.1199951171875,159.0,157.27000427246094,157.39999389648438,151.55015563964844,1000700
2021-11-10,157.67999267578125,160.5800018310547,157.3300018310547,158.22000122070312,152.3396759033203,909800
2021-11-11,157.6999969482422,158.2899932861328,157.24000549316406,157.8300018310547,151.96417236328125,856000
2021-11-12,157.97999572753906,158.4499969482422,156.94000244140625,157.4199981689453,151.5694122314453,985900
2021-11-15,158.00999450683594,159.08999633789062,157.3800048828125,158.05999755859375,152.1856231689453,1170000
2021-11-16,158.63999938964844,160.32000732421875,158.4600067138672,158.99000549316406,153.08106994628906,1452200
2021-11-17,158.5500030517578,158.5500030517578,156.16000366210938,156.4199981689453,150.60659790039062,1594400
2021-11-18,156.8000030517578,157.80999755859375,155.94000244140625,156.02999877929688,150.23106384277344,2103800
2021-11-19,155.2100067138672,155.3699951171875,152.47000122070312,152.52999877929688,146.86117553710938,1619800
2021-11-22,153.11000061035156,158.10000610351562,152.17999267578125,156.8699951171875,151.0398406982422,2021000
2021-11-23,158.5399932861328,161.47000122070312,157.52999877929688,160.25999450683594,154.30384826660156,1441800
2021-11-24,160.1699981689453,160.80999755859375,158.86000061035156,158.97000122070312,153.06178283691406,1139700
2021-11-26,154.39999389648438,155.1300048828125,151.55999755859375,153.66000366210938,147.9491424560547,1262500
2021-11-29,155.3300018310547,155.3300018310547,151.80999755859375,152.39999389648438,146.73597717285156,1468100
2021-11-30,150.52000427246094,150.97999572753906,146.5399932861328,146.9499969482422,141.48854064941406,3522700
2021-12-01,149.77000427246094,151.27000427246094,145.39999389648438,145.47999572753906,140.0731658935547,1624800
2021-12-02,146.6999969482422,150.77000427246094,146.27000427246094,150.16000366210938,144.57925415039062,1413500
2021-12-03,150.02000427246094,150.9499969482422,147.6999969482422,149.16000366210938,143.6164093017578,1380500
2021-12-06,150.42999267578125,153.02000427246094,150.33999633789062,151.82000732421875,146.17755126953125,1717600
2021-12-07,152.33999633789062,153.49000549316406,151.8000030517578,153.08999633789062,147.40032958984375,1175800
2021-12-08,153.3000030517578,154.49000549316406,152.5500030517578,153.67999267578125,147.96839904785156,1144600
2021-12-09,152.67999267578125,154.47999572753906,151.94000244140625,153.49000549316406,148.63658142089844,1064700
2021-12-10,154.52000427246094,154.80999755859375,153.36000061035156,154.25,149.37255859375,940100
2021-12-13,154.38999938964844,154.4600067138672,152.47000122070312,153.17999267578125,148.33639526367188,1106100
2021-12-14,153.47000122070312,158.22000122070312,153.2100067138672,156.72999572753906,151.77413940429688,2033100
2021-12-15,156.83999633789062,159.05999755859375,155.35000610351562,158.3699951171875,153.3622589111328,1648900
2021-12-16,160.02999877929688,163.0,159.08999633789062,162.02000427246094,156.8968963623047,2574800
2021-12-17,161.82000732421875,161.82000732421875,158.02000427246094,158.19000244140625,153.18797302246094,3434600
2021-12-20,156.2899932861328,156.44000244140625,151.97000122070312,153.52999877929688,148.67532348632812,1811800
2021-12-21,154.4600067138672,157.22000122070312,154.4600067138672,155.52000427246094,150.60240173339844,1029800
2021-12-22,155.47999572753906,156.0399932861328,154.4600067138672,154.69000244140625,149.7986602783203,951700
2021-12-23,154.99000549316406,156.17999267578125,154.49000549316406,154.64999389648438,149.75990295410156,1715000
2021-12-27,154.50999450683594,156.10000610351562,153.44000244140625,156.0399932861328,151.10597229003906,655100
2021-12-28,156.02999877929688,157.74000549316406,156.02999877929688,157.1199951171875,152.1518096923828,914500
2021-12-29,157.64999389648438,158.0,157.1199951171875,157.5,152.51980590820312,683400
2021-12-30,157.86000061035156,158.4199981689453,156.7100067138672,156.80999755859375,151.8516082763672,420400
2021-12-31,156.52999877929688,157.11000061035156,156.11000061035156,156.42999267578125,151.48362731933594,682400
2022-01-03,156.9199981689453,157.24000549316406,154.92999267578125,155.75,150.82510375976562,1103400
2022-01-04,157.5500030517578,160.36000061035156,157.2100067138672,159.0,153.9723663330078,1684600
2022-01-05,160.5,161.61000061035156,159.72999572753906,159.77000427246094,154.718017578125,1838400
2022-01-06,163.22999572753906,163.27999877929688,161.72000122070312,162.3300018310547,157.19705200195312,1390200
2022-01-07,162.25999450683594,166.67999267578125,161.49000549316406,166.24000549316406,160.98341369628906,1699600
2022-01-10,167.6199951171875,168.30999755859375,162.92999267578125,164.05999755859375,158.8723602294922,1142100
2022-01-11,164.7100067138672,164.83999633789062,160.44000244140625,163.16000366210938,158.00082397460938,1194300
2022-01-12,163.3300018310547,164.17999267578125,162.02999877929688,162.97000122070312,157.8168182373047,1060600
2022-01-13,163.41000366210938,164.7100067138672,162.5500030517578,163.0500030517578,157.89430236816406,864800
2022-01-14,162.50999450683594,163.50999450683594,161.19000244140625,163.2100067138672,158.0492401123047,1263200
2022-01-18,163.52000427246094,164.39999389648438,161.47999572753906,163.57000732421875,158.39785766601562,1806700
2022-01-19,164.72999572753906,164.72999572753906,160.07000732421875,160.07000732421875,155.008544921875,1467000
2022-01-20,162.44000244140625,169.49000549316406,162.0,165.17999267578125,159.95693969726562,2831900
2022-01-21,165.3300018310547,167.0800018310547,162.25999450683594,162.61000061035156,157.4682159423828,2190000
2022-01-24,162.0,169.25,160.91000366210938,168.8300018310547,163.49154663085938,3233800
2022-01-25,168.58999633789062,169.57000732421875,163.77999877929688,168.60000610351562,163.26881408691406,2210400
2022-01-26,168.33999633789062,169.49000549316406,166.32000732421875,167.86000061035156,162.55218505859375,2194100
2022-01-27,168.80999755859375,171.4600067138672,164.60000610351562,165.66000366210938,160.42176818847656,2161800
2022-01-28,166.08999633789062,166.83999633789062,163.4199981689453,166.82000732421875,161.54510498046875,1233500
2022-01-31,164.8800048828125,166.33999633789062,163.72999572753906,166.17999267578125,160.92532348632812,1404100
2022-02-01,166.47999572753906,168.32000732421875,165.35000610351562,167.99000549316406,162.6781005859375,1290300
2022-02-02,168.05999755859375,173.11000061035156,167.72999572753906,172.72000122070312,167.25851440429688,1827600
2022-02-03,173.1999969482422,173.8300018310547,171.7899932861328,172.07000732421875,166.62908935546875,1280200
2022-02-04,172.36000061035156,173.47000122070312,171.17999267578125,171.89999389648438,166.46446228027344,1615900
2022-02-07,171.69000244140625,172.55999755859375,169.22999572753906,171.3300018310547,165.9124755859375,1635000
2022-02-08,172.67999267578125,173.4499969482422,171.08999633789062,172.5,167.0454864501953,2331500
2022-02-09,173.0500030517578,174.25999450683594,172.25,172.72999572753906,167.26821899414062,1512500
2022-02-10,172.72999572753906,174.5500030517578,171.94000244140625,172.42999267578125,166.97769165039062,1587100
2022-02-11,171.69000244140625,173.9499969482422,170.88999938964844,171.75999450683594,166.32887268066406,1460300
2022-02-14,172.7100067138672,173.38999938964844,168.8000030517578,170.77000427246094,165.37017822265625,1673400
2022-02-15,171.22999572753906,172.57000732421875,170.77000427246094,171.60000610351562,166.17396545410156,1174800
2022-02-16,170.89999389648438,173.17999267578125,170.8300018310547,172.27000427246094,166.82275390625,1224600
2022-02-17,171.30999755859375,171.6699981689453,168.9499969482422,170.58999633789062,165.1958770751953,1126400
2022-02-18,169.4600067138672,172.00999450683594,169.4499969482422,170.6300048828125,165.234619140625,1166400
2022-02-22,170.6199951171875,172.0500030517578,169.52000427246094,171.0800018310547,165.67039489746094,1835900
2022-02-23,171.61000061035156,172.97000122070312,170.02000427246094,170.13999938964844,164.76010131835938,1374100
2022-02-24,166.25,166.7899932861328,162.8000030517578,166.5,161.23519897460938,2460900
2022-02-25,167.44000244140625,173.49000549316406,167.0500030517578,173.44000244140625,167.9557342529297,1508100
2022-02-28,167.5500030517578,172.05999755859375,167.5500030517578,171.8300018310547,166.39666748046875,1866600
2022-03-01,171.99000549316406,172.02999877929688,166.61000061035156,167.82000732421875,162.51348876953125,1677800
2022-03-02,168.80999755859375,174.6199951171875,168.69000244140625,173.67999267578125,168.1881561279297,1441700
2022-03-03,173.75999450683594,174.89999389648438,172.00999450683594,173.60000610351562,168.11070251464844,1170900
2022-03-04,171.2100067138672,173.9600067138672,169.50999450683594,173.39999389648438,167.91702270507812,1156800
2022-03-07,171.80999755859375,172.66000366210938,169.74000549316406,169.7899932861328,164.42117309570312,1394800
2022-03-08,170.57000732421875,172.82000732421875,168.27999877929688,168.4499969482422,163.12355041503906,1510300
2022-03-09,170.8699951171875,172.9499969482422,170.41000366210938,171.3699951171875,166.8227081298828,1358900
2022-03-10,169.3300018310547,172.27000427246094,169.1999969482422,171.88999938964844,167.3289031982422,1445900
2022-03-11,173.58999633789062,175.9499969482422,173.44000244140625,173.72999572753906,169.12008666992188,1391700
2022-03-14,175.5800018310547,178.61000061035156,175.27999877929688,177.17999267578125,172.478515625,1945600
2022-03-15,178.24000549316406,180.66000366210938,177.14999389648438,180.19000244140625,175.40869140625,1730500
2022-03-16,180.66000366210938,181.1699981689453,176.67999267578125,179.2899932861328,174.53253173828125,1923200
2022-03-17,178.8800048828125,181.10000610351562,176.4600067138672,181.02999877929688,176.22637939453125,1641900
2022-03-18,180.47999572753906,180.47999572753906,177.27999877929688,180.30999755859375,175.52549743652344,3953800
2022-03-21,181.4499969482422,183.4600067138672,181.11000061035156,182.5399932861328,177.69631958007812,1383900
2022-03-22,183.8699951171875,184.39999389648438,181.4600067138672,182.6999969482422,177.85206604003906,1423000
2022-03-23,182.52000427246094,183.8300018310547,181.52999877929688,181.6199951171875,176.8007354736328,937500
2022-03-24,182.1300048828125,184.36000061035156,181.25999450683594,184.22000122070312,179.33175659179688,959100
2022-03-25,184.19000244140625,187.77999877929688,184.0399932861328,187.75,182.76806640625,855600
2022-03-28,187.97999572753906,187.97999572753906,185.55999755859375,186.75999450683594,181.80433654785156,593600
2022-03-29,187.60000610351562,187.61000061035156,182.74000549316406,183.80999755859375,178.93260192871094,1369900
2022-03-30,183.75999450683594,185.57000732421875,183.0800018310547,185.5500030517578,180.62644958496094,959100
2022-03-31,185.9600067138672,186.52000427246094,182.7100067138672,182.72999572753906,177.8812713623047,1178100
2022-04-01,184.41000366210938,185.4499969482422,182.58999633789062,185.25,180.33441162109375,1079800
2022-04-04,185.0,185.0,181.50999450683594,181.82000732421875,176.9954376220703,1026200
2022-04-05,182.4499969482422,184.58999633789062,180.9499969482422,181.38999938964844,176.5768585205078,835400
2022-04-06,180.30999755859375,183.9600067138672,180.22000122070312,182.5800018310547,177.73526000976562,1021500
2022-04-07,182.25,182.8000030517578,180.0800018310547,182.08999633789062,177.25827026367188,874800
2022-04-08,183.74000549316406,185.22000122070312,182.16000366210938,184.86000061035156,179.95477294921875,1120600
2022-04-11,185.9199981689453,187.58999633789062,185.27999877929688,185.63999938964844,180.71405029296875,1219500
2022-04-12,184.5500030517578,187.02000427246094,184.41000366210938,184.94000244140625,180.0326385498047,1116700
2022-04-13,184.82000732421875,185.91000366210938,181.7100067138672,183.7100067138672,178.83529663085938,847300
2022-04-14,183.7899932861328,185.00999450683594,183.4499969482422,184.24000549316406,179.35121154785156,992100
2022-04-18,184.64999389648438,186.0800018310547,184.25,185.22000122070312,180.30520629882812,1351500
2022-04-19,182.10000610351562,183.52000427246094,174.50999450683594,176.16000366210938,171.48562622070312,2750300
2022-04-20,176.89999389648438,177.99000549316406,174.1699981689453,177.7100067138672,172.9945068359375,2340300
2022-04-21,179.3800048828125,179.77000427246094,175.9600067138672,176.25999450683594,171.58294677734375,1846800
2022-04-22,175.75,175.75,172.91000366210938,173.11000061035156,168.51654052734375,1541400
2022-04-25,172.4499969482422,174.94000244140625,170.6300048828125,174.44000244140625,169.8112335205078,1502600
2022-04-26,173.8300018310547,175.7899932861328,172.58999633789062,172.66000366210938,168.0784912109375,1807100
2022-04-27,173.83999633789062,174.9600067138672,171.63999938964844,173.5500030517578,168.9448699951172,1827500
2022-04-28,175.0,175.0,172.17999267578125,174.5,169.86965942382812,1020700
2022-04-29,173.94000244140625,174.25,170.66000366210938,171.05999755859375,166.52093505859375,1329700
2022-05-02,171.47000122070312,172.4499969482422,167.63999938964844,170.08999633789062,165.57667541503906,1496600
2022-05-03,170.1699981689453,173.38999938964844,170.02999877929688,171.75999450683594,167.20236206054688,1077600
2022-05-04,171.63999938964844,175.55999755859375,171.44000244140625,175.4499969482422,170.79444885253906,1474100
2022-05-05,175.42999267578125,175.42999267578125,170.9600067138672,172.00999450683594,167.4457244873047,1486400
2022-05-06,172.6300048828125,172.6300048828125,170.19000244140625,171.63999938964844,167.08555603027344,1216700
2022-05-09,170.92999267578125,173.55999755859375,170.44000244140625,171.9199981689453,167.3581085205078,2043500
2022-05-10,173.2100067138672,175.27999877929688,171.44000244140625,172.99000549316406,168.3997344970703,1468300
2022-05-11,173.0500030517578,175.57000732421875,172.3000030517578,172.3800048828125,167.805908203125,1170000
2022-05-12,173.41000366210938,173.66000366210938,171.22999572753906,173.3699951171875,168.76963806152344,1315300
2022-05-13,173.7100067138672,174.22999572753906,171.3699951171875,172.77999877929688,168.19528198242188,1189700
2022-05-16,173.0,175.52999877929688,172.83999633789062,174.5,169.86965942382812,1259000
2022-05-17,175.49000549316406,177.6300048828125,174.27000427246094,177.38999938964844,172.68296813964844,1300800
2022-05-18,176.82000732421875,177.11000061035156,173.9499969482422,174.32000732421875,169.69444274902344,1094300
2022-05-19,172.92999267578125,173.5,167.33999633789062,169.3000030517578,164.80764770507812,1110900
2022-05-20,169.58999633789062,170.33999633789062,166.30999755859375,168.24000549316406,163.77577209472656,1959700
2022-05-23,170.25,172.85000610351562,168.9600067138672,172.10000610351562,167.53334045410156,1453600
2022-05-24,172.22000122070312,174.27000427246094,169.16000366210938,173.91000366210938,169.29531860351562,1008100
2022-05-25,172.38999938964844,174.19000244140625,172.38999938964844,173.58999633789062,168.98382568359375,1192300
2022-05-26,174.32000732421875,175.49000549316406,173.80999755859375,174.8699951171875,170.22982788085938,943100
2022-05-27,174.97999572753906,177.85000610351562,174.05999755859375,177.8300018310547,173.11131286621094,943400
2022-05-31,177.11000061035156,179.9600067138672,175.75,179.0399932861328,174.2891845703125,1948400
2022-06-01,178.02999877929688,178.6999969482422,174.99000549316406,176.2899932861328,171.61215209960938,1084600
2022-06-02,176.94000244140625,178.1999969482422,173.82000732421875,178.05999755859375,173.33518981933594,868900
2022-06-03,175.4600067138672,176.88999938964844,173.69000244140625,174.19000244140625,169.56788635253906,1141200
2022-06-06,175.07000732421875,177.41000366210938,174.27999877929688,176.97999572753906,172.28384399414062,753300
2022-06-07,176.75999450683594,178.72999572753906,175.6699981689453,178.63999938964844,173.89979553222656,944500
2022-06-08,177.5500030517578,178.11000061035156,175.32000732421875,175.97000122070312,171.3006591796875,669700
2022-06-09,175.89999389648438,175.89999389648438,171.4600067138672,171.52999877929688,167.86563110351562,809700
2022-06-10,168.9499969482422,170.80999755859375,168.0800018310547,169.3000030517578,165.6832733154297,1182000
2022-06-13,167.1199951171875,171.1300048828125,166.7899932861328,167.7100067138672,164.12725830078125,1784800
2022-06-14,169.0500030517578,169.32000732421875,165.0500030517578,166.30999755859375,162.75714111328125,1318700
2022-06-15,167.5,168.9600067138672,163.55999755859375,165.5399932861328,162.0035858154297,1374600
2022-06-16,163.25999450683594,163.66000366210938,160.8699951171875,161.3800048828125,157.9324493408203,1451100
2022-06-17,161.0399932861328,162.58999633789062,160.24000549316406,161.8800048828125,158.4217987060547,2366800
2022-06-21,164.72999572753906,164.72999572753906,161.25,162.6300048828125,159.15576171875,1136900
2022-06-22,160.8699951171875,164.3699951171875,160.35000610351562,163.14999389648438,159.66465759277344,997300
2022-06-23,162.75999450683594,163.77999877929688,158.35000610351562,159.77000427246094,156.35687255859375,1278700
2022-06-24,160.25,167.08999633789062,160.25,166.72000122070312,163.15838623046875,1296800
2022-06-27,167.3300018310547,168.22999572753906,166.3800048828125,167.49000549316406,163.9119415283203,762100
2022-06-28,168.42999267578125,170.64999389648438,167.4199981689453,167.47000122070312,163.8923797607422,1061700
2022-06-29,167.97999572753906,168.4499969482422,165.52999877929688,165.8000030517578,162.258056640625,719800
2022-06-30,164.61000061035156,169.5,163.66000366210938,169.1300048828125,165.51690673828125,1336100
2022-07-01,168.82000732421875,171.9600067138672,167.4499969482422,171.17999267578125,167.52310180664062,1033400
2022-07-05,169.02000427246094,169.02000427246094,163.92999267578125,167.1999969482422,163.6281280517578,1028000
2022-07-06,166.77999877929688,171.35000610351562,166.7100067138672,169.89999389648438,166.27044677734375,1366800
2022-07-07,172.0,173.2100067138672,169.4199981689453,169.6300048828125,166.0062255859375,1155100
2022-07-08,170.33999633789062,171.1199951171875,168.9199981689453,169.0,165.3896942138672,689900
2022-07-11,168.1300048828125,170.4199981689453,168.08999633789062,168.52000427246094,164.919921875,883100
2022-07-12,167.17999267578125,169.08999633789062,164.7899932861328,165.27999877929688,161.74913024902344,1032100
2022-07-13,164.41000366210938,165.47999572753906,162.77000427246094,163.32000732421875,159.83102416992188,1022300
2022-07-14,159.38999938964844,160.02999877929688,155.30999755859375,155.67999267578125,152.35423278808594,1654500
2022-07-15,157.1300048828125,158.1199951171875,155.50999450683594,156.17999267578125,152.8435516357422,1562000
2022-07-18,157.24000549316406,157.91000366210938,154.57000732421875,154.99000549316406,151.67897033691406,1098000
2022-07-19,156.36000061035156,158.5800018310547,155.82000732421875,158.35000610351562,154.96719360351562,1288300
2022-07-20,158.42999267578125,158.6300048828125,156.36000061035156,158.1999969482422,154.8203887939453,1271800
2022-07-21,157.17999267578125,159.39999389648438,152.1699981689453,156.8300018310547,153.47967529296875,2080700
2022-07-22,157.13999938964844,158.2100067138672,155.47999572753906,156.4199981689453,153.07843017578125,880900
2022-07-25,158.49000549316406,160.50999450683594,157.57000732421875,159.97999572753906,156.56236267089844,1176300
2022-07-26,159.75999450683594,160.9600067138672,159.3300018310547,160.86000061035156,157.423583984375,1107500
2022-07-27,161.32000732421875,161.66000366210938,157.25999450683594,158.9600067138672,155.5641632080078,1456300
2022-07-28,158.64999389648438,158.88999938964844,152.11000061035156,155.74000549316406,152.4129638671875,1458700
2022-07-29,156.0500030517578,158.8800048828125,156.0500030517578,158.6999969482422,155.30972290039062,1361100
2022-08-01,157.92999267578125,158.19000244140625,155.14999389648438,156.27000427246094,152.931640625,1263300
2022-08-02,156.6199951171875,159.64999389648438,155.99000549316406,156.7100067138672,153.36224365234375,1656900
2022-08-03,157.44000244140625,158.52999877929688,155.4499969482422,158.1199951171875,154.7421112060547,1142600
2022-08-04,157.6199951171875,159.55999755859375,156.88999938964844,157.6999969482422,154.33108520507812,968200
2022-08-05,158.27000427246094,159.5399932861328,157.97000122070312,158.9600067138672,155.5641632080078,882300
2022-08-08,160.0,161.9199981689453,159.6999969482422,159.97999572753906,156.56236267089844,915600
2022-08-09,161.35000610351562,163.57000732421875,160.47999572753906,162.9199981689453,159.43955993652344,1022300
2022-08-10,164.38999938964844,165.38999938964844,163.91000366210938,165.00999450683594,161.4849090576172,1128800
2022-08-11,166.0,169.5500030517578,166.0,168.80999755859375,165.2037353515625,1301900
2022-08-12,169.3300018310547,171.6300048828125,169.30999755859375,171.55999755859375,167.89498901367188,867400
2022-08-15,170.08999633789062,172.3800048828125,169.2899932861328,172.16000366210938,168.482177734375,793300
2022-08-16,172.57000732421875,174.1699981689453,172.27999877929688,173.52000427246094,169.81314086914062,1101500
2022-08-17,172.69000244140625,174.60000610351562,172.69000244140625,173.9600067138672,170.2437286376953,1564700
2022-08-18,174.25,174.77000427246094,172.8000030517578,174.11000061035156,170.3905029296875,890500
2022-08-19,174.05999755859375,174.6199951171875,172.30999755859375,172.63999938964844,168.95193481445312,1022200
2022-08-22,171.36000061035156,171.36000061035156,168.77000427246094,169.13999938964844,165.5266876220703,949600
2022-08-23,169.7100067138672,169.9499969482422,168.02999877929688,168.2899932861328,164.69483947753906,847000
2022-08-24,167.94000244140625,168.7899932861328,167.24000549316406,168.49000549316406,164.8905792236328,723200
2022-08-25,168.72999572753906,170.05999755859375,168.0,168.97999572753906,165.37010192871094,1231300
2022-08-26,169.8699951171875,169.8699951171875,166.82000732421875,166.83999633789062,163.2758331298828,1161500
2022-08-29,165.22000122070312,166.55999755859375,163.4600067138672,165.36000061035156,161.8274383544922,819600
2022-08-30,165.1699981689453,165.3000030517578,163.25999450683594,163.4600067138672,159.96803283691406,953900
2022-08-31,163.6300048828125,164.1300048828125,161.6199951171875,161.63999938964844,158.18690490722656,1514300
2022-09-01,161.22000122070312,164.3000030517578,160.41000366210938,163.3000030517578,159.8114471435547,1041300
2022-09-02,164.82000732421875,166.1300048828125,161.77999877929688,162.6999969482422,159.22425842285156,1244400
2022-09-06,163.72000122070312,164.3000030517578,161.60000610351562,161.8800048828125,158.4217987060547,963500
2022-09-07,161.77000427246094,164.77000427246094,161.60000610351562,164.02000427246094,160.51608276367188,1569900
2022-09-08,162.64999389648438,165.0399932861328,161.83999633789062,164.50999450683594,161.9136505126953,1404200
2022-09-09,164.88999938964844,165.24000549316406,163.8300018310547,164.14999389648438,161.559326171875,1572700
2022-09-12,164.82000732421875,166.22999572753906,164.25999450683594,165.3300018310547,162.72071838378906,1444500
2022-09-13,164.16000366210938,164.8800048828125,161.75999450683594,162.22000122070312,159.65980529785156,1247200
2022-09-14,162.58999633789062,163.4199981689453,161.58999633789062,163.24000549316406,160.6636962890625,1508900
2022-09-15,164.05999755859375,165.4600067138672,162.27999877929688,164.16000366210938,161.56918334960938,1275800
2022-09-16,162.0399932861328,163.32000732421875,161.2100067138672,162.3300018310547,159.76805114746094,2493400
2022-09-19,161.3000030517578,164.36000061035156,160.60000610351562,164.2899932861328,161.69711303710938,1040100
2022-09-20,163.0,163.3000030517578,158.77000427246094,160.9499969482422,158.4098358154297,1367200
2022-09-21,161.17999267578125,161.7899932861328,157.0399932861328,157.05999755859375,154.5812225341797,1047100
2022-09-22,157.8300018310547,158.13999938964844,155.5399932861328,157.0,154.52218627929688,1132500
2022-09-23,155.86000061035156,156.6199951171875,153.94000244140625,155.47999572753906,153.02615356445312,952800
2022-09-26,155.55999755859375,155.82000732421875,149.64999389648438,150.60000610351562,148.2231903076172,1435200
2022-09-27,151.1699981689453,152.02000427246094,149.69000244140625,151.24000549316406,148.8531036376953,1407900
2022-09-28,151.9199981689453,153.91000366210938,151.1699981689453,152.9199981689453,150.50656127929688,1672800
2022-09-29,152.41000366210938,155.27000427246094,150.77999877929688,154.67999267578125,152.23878479003906,1456400
2022-09-30,155.0399932861328,156.4499969482422,152.94000244140625,153.1999969482422,150.7821502685547,1400200
2022-10-03,154.24000549316406,157.5399932861328,152.00999450683594,157.07000732421875,154.59107971191406,1086500
2022-10-04,157.72000122070312,161.63999938964844,157.22999572753906,161.47000122070312,158.92164611816406,1063800
2022-10-05,160.1300048828125,161.5399932861328,159.83999633789062,160.5399932861328,158.0063018798828,807300
2022-10-06,160.17999267578125,160.24000549316406,158.25999450683594,159.19000244140625,156.6776123046875,949200
2022-10-07,158.67999267578125,158.82000732421875,156.33999633789062,156.8800048828125,154.40406799316406,1058900
2022-10-10,157.6699981689453,159.13999938964844,157.27999877929688,157.47999572753906,154.99459838867188,785400
2022-10-11,156.99000549316406,161.17999267578125,156.58999633789062,159.4600067138672,156.943359375,1333300
2022-10-12,159.10000610351562,161.67999267578125,158.19000244140625,159.16000366210938,156.64810180664062,1222000
2022-10-13,157.25,166.55999755859375,155.72000122070312,165.50999450683594,162.8978729248047,1950700
2022-10-14,166.1300048828125,166.77000427246094,162.6999969482422,163.3000030517578,160.72274780273438,1218800
2022-10-17,164.75999450683594,166.22000122070312,163.2100067138672,164.8000030517578,162.19908142089844,1460700
2022-10-18,167.69000244140625,167.69000244140625,165.6300048828125,166.77000427246094,164.1379852294922,1670000
2022-10-19,167.75,174.41000366210938,167.00999450683594,174.1699981689453,171.42120361328125,2176500
2022-10-20,173.5,173.8699951171875,170.02999877929688,170.8699951171875,168.17327880859375,1702100
2022-10-21,171.6999969482422,176.3800048828125,171.10000610351562,176.22999572753906,173.44866943359375,1471700
2022-10-24,177.4199981689453,180.11000061035156,177.4199981689453,179.7899932861328,176.95249938964844,1649700
2022-10-25,177.72999572753906,178.63999938964844,175.63999938964844,176.08999633789062,173.31089782714844,2059800
2022-10-26,176.75,177.24000549316406,174.10000610351562,176.39999389648438,173.61599731445312,1926000
2022-10-27,177.6699981689453,179.77999877929688,177.30999755859375,177.60000610351562,174.7970733642578,1143500
2022-10-28,178.83999633789062,182.13999938964844,177.94000244140625,181.9600067138672,179.0882568359375,1750700
2022-10-31,181.9199981689453,185.11000061035156,181.27999877929688,184.4600067138672,181.54879760742188,1544800
2022-11-01,184.7899932861328,185.2899932861328,182.55999755859375,182.77999877929688,179.8953094482422,2154400
2022-11-02,182.11000061035156,185.3300018310547,181.83999633789062,182.30999755859375,179.4327392578125,1837900
2022-11-03,182.3000030517578,182.9199981689453,180.4199981689453,181.82000732421875,178.95046997070312,1186300
2022-11-04,183.8699951171875,184.5500030517578,181.19000244140625,183.05999755859375,180.1708984375,1019200
2022-11-07,183.75,184.5399932861328,182.9199981689453,184.1300048828125,181.22401428222656,1273000
2022-11-08,183.42999267578125,185.64999389648438,183.27999877929688,184.89999389648438,181.98184204101562,1184400
2022-11-09,185.22000122070312,185.6699981689453,181.9199981689453,182.14999389648438,179.27523803710938,999200
2022-11-10,184.88999938964844,185.1199951171875,181.3800048828125,183.3000030517578,180.4071044921875,1618000
2022-11-11,184.67999267578125,185.5800018310547,180.2100067138672,181.72999572753906,178.8618927001953,1403300
2022-11-14,182.11000061035156,185.1199951171875,181.69000244140625,182.6999969482422,179.8165740966797,1427300
2022-11-15,183.82000732421875,183.82000732421875,177.8800048828125,179.5,176.66708374023438,1445900
2022-11-16,179.41000366210938,181.77999877929688,178.9600067138672,181.13999938964844,178.28118896484375,1073700
2022-11-17,180.27999877929688,183.8699951171875,180.0399932861328,182.92999267578125,180.04293823242188,1315200
2022-11-18,184.47000122070312,185.8699951171875,183.24000549316406,184.55999755859375,181.64720153808594,1470500
2022-11-21,185.22999572753906,186.5,184.50999450683594,185.5500030517578,182.62161254882812,1208100
2022-11-22,187.0,188.4600067138672,185.61000061035156,187.1300048828125,184.17665100097656,1137900
2022-11-23,186.72000122070312,188.3300018310547,186.5800018310547,188.00999450683594,185.04275512695312,1120300
2022-11-25,188.89999389648438,189.52999877929688,187.67999267578125,188.91000366210938,185.92855834960938,514700
2022-11-28,188.4199981689453,189.11000061035156,186.0500030517578,186.32000732421875,183.37945556640625,1467600
2022-11-29,185.8000030517578,187.77000427246094,185.27999877929688,187.2100067138672,184.25538635253906,1095400
2022-11-30,185.8800048828125,190.2100067138672,184.55999755859375,189.80999755859375,186.81436157226562,4132400
2022-12-01,190.97000122070312,191.02000427246094,187.85000610351562,189.13999938964844,186.15493774414062,1077900
2022-12-02,188.02000427246094,189.94000244140625,187.7899932861328,189.5399932861328,186.54861450195312,1294900
2022-12-05,188.33999633789062,188.67999267578125,186.2899932861328,187.2100067138672,184.25538635253906,1104500
2022-12-06,187.5500030517578,189.00999450683594,187.3000030517578,188.5,185.5250244140625,1199100
2022-12-07,188.66000366210938,191.16000366210938,187.69000244140625,188.0500030517578,185.08213806152344,1217900
2022-12-08,187.8699951171875,189.2100067138672,186.97000122070312,187.72000122070312,185.6756134033203,848700
2022-12-09,187.63999938964844,188.2899932861328,185.5500030517578,185.64999389648438,183.62815856933594,843800
2022-12-12,185.6300048828125,187.39999389648438,185.0399932861328,187.11000061035156,185.07225036621094,1249600
2022-12-13,189.47000122070312,189.47000122070312,186.0,187.0500030517578,185.01290893554688,1455200
2022-12-14,187.16000366210938,189.2899932861328,185.74000549316406,186.63999938964844,184.60736083984375,963600
2022-12-15,185.52000427246094,185.91000366210938,182.94000244140625,183.57000732421875,181.57081604003906,1241700
2022-12-16,181.49000549316406,183.8000030517578,181.14999389648438,182.8000030517578,180.8092041015625,3364300
2022-12-19,183.0800018310547,185.8800048828125,182.5,183.50999450683594,181.51144409179688,927700
2022-12-20,184.74000549316406,186.72000122070312,183.7899932861328,185.7899932861328,183.76663208007812,1049700
2022-12-21,187.50999450683594,189.50999450683594,187.00999450683594,189.4199981689453,187.35708618164062,1242200
2022-12-22,189.07000732421875,189.19000244140625,185.24000549316406,187.1999969482422,185.16127014160156,967200
2022-12-23,187.63999938964844,189.91000366210938,186.8699951171875,189.47999572753906,187.4164276123047,660800
2022-12-27,189.94000244140625,191.14999389648438,188.97000122070312,190.47999572753906,188.40554809570312,518700
2022-12-28,190.9600067138672,191.22000122070312,188.11000061035156,188.1300048828125,186.08114624023438,733400
2022-12-29,188.47000122070312,190.0399932861328,187.9600067138672,189.44000244140625,187.3768768310547,676500
2022-12-30,189.0,189.3800048828125,186.4499969482422,187.49000549316406,185.4481201171875,608200
2023-01-03,186.7100067138672,187.38999938964844,185.24000549316406,187.1199951171875,185.08213806152344,983400
2023-01-04,187.6699981689453,189.02000427246094,186.67999267578125,187.22999572753906,185.19094848632812,1015300
2023-01-05,187.0500030517578,188.3000030517578,185.4499969482422,187.5500030517578,185.50746154785156,973500
2023-01-06,189.6300048828125,194.4499969482422,189.55999755859375,193.8699951171875,191.7586212158203,1282200
2023-01-09,193.02999877929688,193.58999633789062,188.69000244140625,189.1199951171875,187.06036376953125,1111600
2023-01-10,190.4600067138672,191.47000122070312,188.52999877929688,191.22000122070312,189.1374969482422,959100
2023-01-11,191.9499969482422,192.44000244140625,190.47000122070312,191.6300048828125,189.54302978515625,956400
2023-01-12,192.11000061035156,192.75,189.69000244140625,191.99000549316406,189.89910888671875,761100
2023-01-13,191.3800048828125,194.27000427246094,190.38999938964844,193.9199981689453,191.80807495117188,1005300
2023-01-17,192.7899932861328,193.02999877929688,181.36000061035156,185.0,182.9852294921875,3883700
2023-01-18,184.72000122070312,187.33999633789062,183.5399932861328,183.6300048828125,181.63015747070312,1750300
2023-01-19,183.3699951171875,184.4199981689453,182.22999572753906,184.0399932861328,182.0356903076172,1461600
2023-01-20,184.3699951171875,185.4499969482422,182.02999877929688,185.3300018310547,183.31163024902344,1625500
2023-01-23,185.7899932861328,187.33999633789062,184.97000122070312,186.36000061035156,184.33041381835938,1569100
2023-01-24,186.02000427246094,193.83999633789062,185.02000427246094,193.25,191.1453857421875,2637600
2023-01-25,194.0,194.50999450683594,189.35000610351562,190.74000549316406,188.6627197265625,2175200
2023-01-26,191.0,192.4499969482422,190.25999450683594,192.11000061035156,190.01780700683594,1652000
2023-01-27,191.5800018310547,191.5800018310547,187.77000427246094,188.75999450683594,186.7042694091797,1357400
2023-01-30,188.49000549316406,189.75,187.10000610351562,187.91000366210938,185.86354064941406,1659400
2023-01-31,188.4199981689453,191.1699981689453,187.1300048828125,191.1199951171875,189.03857421875,1020700
2023-02-01,188.99000549316406,189.85000610351562,182.8699951171875,185.22999572753906,183.2127227783203,2406000
2023-02-02,183.72000122070312,184.1199951171875,176.6699981689453,181.75,179.7706298828125,2380900
2023-02-03,182.5800018310547,183.4499969482422,180.69000244140625,182.75999450683594,180.7696075439453,1341900
2023-02-06,181.69000244140625,186.41000366210938,181.69000244140625,185.99000549316406,183.96444702148438,1452700
2023-02-07,185.42999267578125,189.47000122070312,184.80999755859375,189.00999450683594,186.95155334472656,1351700
2023-02-08,188.30999755859375,189.89999389648438,187.0,187.38999938964844,185.3491973876953,1258600
2023-02-09,187.8800048828125,189.2899932861328,184.5399932861328,185.36000061035156,183.34130859375,1472200
2023-02-10,185.86000061035156,187.24000549316406,185.6300048828125,186.75,184.71617126464844,1066400
2023-02-13,186.75999450683594,188.10000610351562,186.4199981689453,187.60000610351562,185.55691528320312,1061300
2023-02-14,187.82000732421875,187.97999572753906,183.14999389648438,184.1300048828125,182.1247100830078,999700
2023-02-15,184.2100067138672,185.2899932861328,183.39999389648438,185.22000122070312,183.2028350830078,716000
2023-02-16,184.36000061035156,185.11000061035156,182.75999450683594,183.05999755859375,181.0663604736328,883600
2023-02-17,182.97000122070312,186.44000244140625,182.50999450683594,185.75,183.72705078125,1155400
2023-02-21,185.4199981689453,186.36000061035156,184.13999938964844,185.25,183.23251342773438,1402400
2023-02-22,184.7899932861328,187.36000061035156,183.85000610351562,186.1199951171875,184.093017578125,1401500
2023-02-23,186.4600067138672,187.82000732421875,183.0800018310547,185.47000122070312,183.45010375976562,1024100
2023-02-24,184.5399932861328,185.86000061035156,183.3699951171875,185.3300018310547,183.31163024902344,1290800
2023-02-27,185.75999450683594,187.1300048828125,184.44000244140625,185.3300018310547,183.31163024902344,1195200
2023-02-28,185.64999389648438,186.10000610351562,184.69000244140625,185.1199951171875,183.10391235351562,1606000
2023-03-01,183.99000549316406,184.92999267578125,182.7100067138672,184.0500030517578,182.0455780029297,1111600
2023-03-02,183.66000366210938,183.97999572753906,181.50999450683594,183.19000244140625,181.1949462890625,927800
2023-03-03,182.75999450683594,183.75,180.47000122070312,183.58999633789062,181.59059143066406,1230800
2023-03-06,183.42999267578125,184.80999755859375,183.05999755859375,183.35000610351562,181.35321044921875,1053600
2023-03-07,183.52999877929688,183.7100067138672,179.6300048828125,180.3699951171875,178.40565490722656,980900
2023-03-08,180.8000030517578,181.1699981689453,177.00999450683594,177.77000427246094,175.83396911621094,971800
2023-03-09,177.2100067138672,177.2100067138672,173.33999633789062,173.9199981689453,172.9305877685547,1405500
2023-03-10,173.13999938964844,178.14999389648438,172.5800018310547,175.67999267578125,174.68057250976562,2428900
2023-03-13,173.25,176.64999389648438,171.47000122070312,172.22000122070312,171.24026489257812,2612700
2023-03-14,174.4199981689453,174.4199981689453,169.9600067138672,171.75999450683594,170.78286743164062,2320400
2023-03-15,166.89999389648438,167.83999633789062,163.72000122070312,166.49000549316406,165.54286193847656,2459000
2023-03-16,167.2100067138672,172.91000366210938,165.85000610351562,172.2100067138672,171.23031616210938,2264000
2023-03-17,170.14999389648438,170.72999572753906,164.07000732421875,165.02999877929688,164.09115600585938,4491900
2023-03-20,166.25,169.25,165.75,168.7100067138672,167.75022888183594,2037600
2023-03-21,171.6300048828125,172.57000732421875,170.3800048828125,171.75,170.77293395996094,1983300
2023-03-22,171.6999969482422,172.3800048828125,166.5399932861328,166.6300048828125,165.68206787109375,1284900
2023-03-23,165.52999877929688,166.72999572753906,163.22999572753906,163.86000061035156,162.9278106689453,1596200
2023-03-24,162.5,165.36000061035156,161.3300018310547,164.91000366210938,163.9718475341797,1200300
2023-03-27,167.27999877929688,167.82000732421875,165.44000244140625,166.35000610351562,165.40365600585938,1466600
2023-03-28,165.61000061035156,166.9600067138672,164.8699951171875,165.8800048828125,164.9363250732422,1221300
2023-03-29,168.0800018310547,169.94000244140625,167.08999633789062,169.86000061035156,168.8936767578125,1582500
2023-03-30,170.7100067138672,171.0800018310547,168.86000061035156,170.82000732421875,169.8482208251953,1767500
2023-03-31,171.74000549316406,172.3300018310547,169.99000549316406,171.41000366210938,170.43487548828125,1865700
2023-04-03,171.02000427246094,172.69000244140625,170.89999389648438,172.2899932861328,171.30984497070312,1280800
2023-04-04,172.58999633789062,173.39999389648438,167.27999877929688,168.6300048828125,167.67068481445312,1369900
2023-04-05,167.66000366210938,170.5500030517578,167.1300048828125,170.30999755859375,169.34112548828125,1228200
2023-04-06,170.75,171.8000030517578,170.3300018310547,171.27000427246094,170.29566955566406,787200
2023-04-10,171.44000244140625,172.85000610351562,171.16000366210938,172.64999389648438,171.6678009033203,827100
2023-04-11,172.8800048828125,174.2100067138672,171.63999938964844,173.5500030517578,172.5626983642578,1074200
2023-04-12,173.86000061035156,174.77000427246094,172.3000030517578,173.83999633789062,172.85104370117188,1005800
2023-04-13,171.82000732421875,173.35000610351562,169.91000366210938,173.1999969482422,172.2146759033203,1332300
2023-04-14,173.0500030517578,173.0500030517578,167.0,168.3699951171875,167.4121551513672,1506800
2023-04-17,168.5,171.27999877929688,167.61000061035156,171.27999877929688,170.30560302734375,1651500
2023-04-18,171.82000732421875,172.4499969482422,170.4499969482422,172.0,171.02151489257812,2298900
2023-04-19,182.41000366210938,185.32000732421875,179.52000427246094,182.57000732421875,181.53138732910156,3065000
2023-04-20,183.2899932861328,184.11000061035156,178.42999267578125,179.25999450683594,178.24020385742188,1486800
2023-04-21,178.3300018310547,180.47000122070312,176.58999633789062,179.5,178.4788360595703,1771200
2023-04-24,179.50999450683594,180.36000061035156,178.33999633789062,179.1300048828125,178.11094665527344,1015700
2023-04-25,177.88999938964844,180.1199951171875,177.00999450683594,177.32000732421875,176.31124877929688,1208700
2023-04-26,175.82000732421875,178.3699951171875,175.82000732421875,176.61000061035156,175.60528564453125,1168200
2023-04-27,176.8699951171875,180.69000244140625,176.27000427246094,180.25,179.22457885742188,1573700
2023-04-28,179.19000244140625,182.1199951171875,179.19000244140625,181.13999938964844,180.10951232910156,1052700
2023-05-01,180.27000427246094,183.1199951171875,180.27000427246094,181.75999450683594,180.72598266601562,761700
2023-05-02,181.0399932861328,181.41000366210938,177.35000610351562,180.52999877929688,179.5029754638672,1236500
2023-05-03,181.77000427246094,181.77000427246094,178.97999572753906,179.14999389648438,178.13082885742188,1001700
2023-05-04,178.6300048828125,180.11000061035156,176.5500030517578,179.13999938964844,178.1208953857422,1497000
2023-05-05,180.60000610351562,183.0500030517578,180.3300018310547,182.3000030517578,181.26290893554688,1016100
2023-05-08,182.99000549316406,183.75,181.9199981689453,182.57000732421875,181.53138732910156,945800
2023-05-09,182.97999572753906,185.50999450683594,182.3800048828125,183.75,182.7046661376953,1076600
2023-05-10,183.8800048828125,184.4199981689453,181.19000244140625,183.16000366210938,182.11802673339844,830500
2023-05-11,182.1999969482422,182.8699951171875,181.3300018310547,182.80999755859375,181.77000427246094,727700
2023-05-12,184.07000732421875,184.49000549316406,181.11000061035156,182.08999633789062,181.05410766601562,652400
2023-05-15,182.75999450683594,182.82000732421875,181.13999938964844,182.80999755859375,181.77000427246094,672100
2023-05-16,182.6999969482422,182.92999267578125,180.7899932861328,181.50999450683594,180.47740173339844,621200
2023-05-17,182.2899932861328,183.5500030517578,181.30999755859375,181.67999267578125,180.6464385986328,992400
2023-05-18,181.75999450683594,183.52000427246094,180.47000122070312,183.33999633789062,182.2969970703125,1129500
2023-05-19,184.61000061035156,185.77000427246094,183.00999450683594,183.72000122070312,182.67483520507812,1255800
2023-05-22,183.16000366210938,184.35000610351562,180.83999633789062,181.10000610351562,180.0697479248047,945400
2023-05-23,180.9600067138672,182.22000122070312,179.2100067138672,179.30999755859375,178.2899169921875,1288900
2023-05-24,178.7899932861328,178.86000061035156,175.88999938964844,175.99000549316406,174.9888153076172,1403300
2023-05-25,174.44000244140625,174.99000549316406,172.80999755859375,173.6699981689453,172.6820068359375,1112100
2023-05-26,172.42999267578125,173.72999572753906,171.25999450683594,172.2899932861328,171.30984497070312,1172400
2023-05-30,172.41000366210938,173.44000244140625,170.38999938964844,173.2899932861328,172.30416870117188,1229600
2023-05-31,172.3300018310547,172.8699951171875,169.0,169.24000549316406,168.2772216796875,2497900
2023-06-01,169.99000549316406,171.9199981689453,168.24000549316406,171.3000030517578,170.32550048828125,1115700
2023-06-02,172.13999938964844,175.3699951171875,171.3300018310547,175.1300048828125,174.1337127685547,1680100
2023-06-05,175.72999572753906,175.72999572753906,174.32000732421875,174.3699951171875,173.37802124023438,1079700
2023-06-06,174.05999755859375,175.38999938964844,173.77000427246094,174.9499969482422,173.95472717285156,728000
2023-06-07,174.82000732421875,176.19000244140625,173.27999877929688,175.77999877929688,174.77999877929688,1192700
2023-06-08,174.75999450683594,175.36000061035156,173.89999389648438,174.91000366210938,174.91000366210938,897300
2023-06-09,174.47000122070312,175.9199981689453,173.44000244140625,175.60000610351562,175.60000610351562,998300
2023-06-12,175.05999755859375,175.75,173.77000427246094,174.77000427246094,174.77000427246094,744800
2023-06-13,174.75999450683594,177.72999572753906,174.61000061035156,176.1199951171875,176.1199951171875,1004300
2023-06-14,177.08999633789062,177.32000732421875,173.10000610351562,173.5500030517578,173.5500030517578,1414700
2023-06-15,173.75,176.24000549316406,173.75,175.97000122070312,175.97000122070312,1385700
2023-06-16,177.97000122070312,177.97000122070312,175.97000122070312,176.75,176.75,2319000
2023-06-20,176.25999450683594,176.67999267578125,174.0500030517578,175.55999755859375,175.55999755859375,970500
2023-06-21,175.75,176.1699981689453,173.8699951171875,175.2899932861328,175.2899932861328,1183600
2023-06-22,176.1699981689453,176.1699981689453,173.5800018310547,175.00999450683594,175.00999450683594,703400
2023-06-23,174.0500030517578,175.10000610351562,173.30999755859375,173.72000122070312,173.72000122070312,1657500
2023-06-26,174.80999755859375,174.80999755859375,171.30999755859375,172.38999938964844,172.38999938964844,956800
2023-06-27,172.58999633789062,173.9499969482422,172.10000610351562,172.58999633789062,172.58999633789062,1057500
2023-06-28,172.38999938964844,172.38999938964844,167.6699981689453,168.3699951171875,168.3699951171875,1710800
2023-06-29,167.92999267578125,171.42999267578125,167.24000549316406,170.99000549316406,170.99000549316406,1305200
2023-06-30,171.83999633789062,174.0399932861328,171.4600067138672,173.66000366210938,173.66000366210938,1250200
2023-07-03,172.33999633789062,174.4199981689453,171.83999633789062,173.08999633789062,173.08999633789062,536000
2023-07-05,171.5,172.88999938964844,170.25999450683594,172.58999633789062,172.58999633789062,1258500
2023-07-06,171.67999267578125,171.67999267578125,168.6199951171875,170.91000366210938,170.91000366210938,1536500
2023-07-07,170.4600067138672,173.3800048828125,170.41000366210938,171.64999389648438,171.64999389648438,1258100
2023-07-10,171.55999755859375,172.3699951171875,168.97000122070312,169.07000732421875,169.07000732421875,1229900
2023-07-11,168.7899932861328,172.4600067138672,168.7899932861328,172.36000061035156,172.36000061035156,1327800
2023-07-12,173.38999938964844,174.39999389648438,170.25,171.1199951171875,171.1199951171875,2412500
2023-07-13,168.94000244140625,170.1300048828125,168.14999389648438,168.22000122070312,168.22000122070312,1440100
2023-07-14,168.35000610351562,168.42999267578125,164.75,165.9499969482422,165.9499969482422,1517200
2023-07-17,165.32000732421875,169.0,165.32000732421875,168.58999633789062,168.58999633789062,1497300
2023-07-18,167.97000122070312,171.72000122070312,167.97000122070312,171.02000427246094,171.02000427246094,1381600
2023-07-19,171.0,172.14999389648438,170.13999938964844,170.55999755859375,170.55999755859375,1600100
2023-07-20,173.8000030517578,176.2100067138672,172.0399932861328,173.6300048828125,173.6300048828125,2398500
2023-07-21,174.4199981689453,174.52999877929688,171.64999389648438,172.82000732421875,172.82000732421875,1129300
2023-07-24,172.91000366210938,175.5399932861328,172.66000366210938,174.83999633789062,174.83999633789062,1254100
2023-07-25,173.9600067138672,174.2100067138672,171.99000549316406,172.1199951171875,172.1199951171875,1211800
2023-07-26,172.52999877929688,175.0,172.4600067138672,174.16000366210938,174.16000366210938,1782300
2023-07-27,175.00999450683594,175.97000122070312,173.61000061035156,174.8699951171875,174.8699951171875,1546400
2023-07-28,176.11000061035156,176.52000427246094,173.07000732421875,173.25999450683594,173.25999450683594,1352900
