Date,Open,High,Low,Close,Adj Close,Volume
2019-08-05,332.4599914550781,333.3699951171875,326.9599914550781,331.05999755859375,325.1634521484375,5876100
2019-08-06,333.989990234375,335.70001220703125,329.1400146484375,332.45001220703125,326.52874755859375,3653300
2019-08-07,328.6000061035156,333.6499938964844,324.57000732421875,331.3800048828125,325.477783203125,4187600
2019-08-08,331.29998779296875,336.42999267578125,328.8599853515625,336.3500061035156,332.42071533203125,3673000
2019-08-09,334.05999755859375,339.0799865722656,333.1700134277344,337.54998779296875,333.606689453125,3102900
2019-08-12,333.67999267578125,336.010009765625,331.3699951171875,332.94000244140625,329.050537109375,2683400
2019-08-13,331.82000732421875,337.3999938964844,330.5,332.8599853515625,328.9714660644531,3689700
2019-08-14,328.3500061035156,329.5400085449219,320.4100036621094,320.4200134277344,316.6767883300781,5110400
2019-08-15,323.0,328.07000732421875,319.54998779296875,328.0,324.1682434082031,4721800
2019-08-16,330.2200012207031,331.1600036621094,326.4800109863281,330.45001220703125,326.58966064453125,3866600
2019-08-19,334.17999267578125,335.9100036621094,331.3999938964844,333.7799987792969,329.8807067871094,2335600
2019-08-20,332.4700012207031,333.5,328.8800048828125,331.75,327.87445068359375,2039000
2019-08-21,335.4800109863281,342.5799865722656,333.2099914550781,339.989990234375,336.0181884765625,3265600
2019-08-22,342.42999267578125,356.44000244140625,341.010009765625,354.4100036621094,350.26971435546875,8320900
2019-08-23,355.3500061035156,369.69000244140625,354.3500061035156,356.010009765625,351.8510437011719,11518700
2019-08-26,365.0400085449219,367.3399963378906,356.8900146484375,359.0400085449219,354.84564208984375,4661100
2019-08-27,359.4200134277344,361.30999755859375,353.6199951171875,354.7300109863281,350.58599853515625,3740300
2019-08-28,353.30999755859375,360.19000244140625,351.17999267578125,359.9700012207031,355.7647705078125,2402000
2019-08-29,363.8500061035156,366.0400085449219,360.1700134277344,362.739990234375,358.5024108886719,2717500
2019-08-30,364.3699951171875,366.3699951171875,362.3999938964844,364.0899963378906,359.8366394042969,3147000
2019-09-03,354.1099853515625,355.32000732421875,350.6099853515625,354.4200134277344,350.2796325683594,4272200
2019-09-04,357.67999267578125,358.0299987792969,354.42999267578125,356.5299987792969,352.3649597167969,2737100
2019-09-05,360.1400146484375,364.7099914550781,359.1300048828125,360.29998779296875,356.09088134765625,3643300
2019-09-06,361.6099853515625,364.9100036621094,359.1199951171875,363.0,358.7593688964844,3022600
2019-09-09,357.9800109863281,360.92999267578125,354.7300109863281,358.7799987792969,354.5886535644531,4183300
2019-09-10,359.0,369.489990234375,358.54998779296875,369.489990234375,365.17352294921875,4547200
2019-09-11,368.739990234375,383.5,368.0,382.94000244140625,378.4664306640625,8437000
2019-09-12,383.7099914550781,384.0,374.30999755859375,375.6300048828125,371.2418212890625,4495300
2019-09-13,377.3900146484375,381.75,377.04998779296875,379.760009765625,375.3235778808594,3628900
2019-09-16,378.1400146484375,381.6300048828125,375.0,378.8500061035156,374.4241943359375,3055500
2019-09-17,378.4100036621094,385.30999755859375,377.79998779296875,384.20001220703125,379.7117004394531,3269500
2019-09-18,383.25,386.739990234375,379.79998779296875,386.4100036621094,381.8959045410156,4186400
2019-09-19,386.1400146484375,388.5199890136719,382.8999938964844,384.44000244140625,379.94891357421875,2928800
2019-09-20,384.1099853515625,384.7300109863281,377.9200134277344,379.3900146484375,374.9579162597656,6643000
2019-09-23,376.6099853515625,380.1000061035156,374.4200134277344,377.0299987792969,372.6254577636719,2674900
2019-09-24,379.5400085449219,381.8900146484375,375.30999755859375,381.6499938964844,377.1914978027344,3533300
2019-09-25,384.9100036621094,391.0,383.1000061035156,386.20001220703125,381.6883544921875,4705500
2019-09-26,387.1000061035156,388.2300109863281,383.3299865722656,386.8900146484375,382.37030029296875,2520400
2019-09-27,388.19000244140625,389.69000244140625,381.30999755859375,382.8599853515625,378.3873596191406,2730800
2019-09-30,383.0,383.7699890136719,376.69000244140625,380.4700012207031,376.0252685546875,3183300
2019-10-01,381.70001220703125,382.8500061035156,374.6300048828125,374.94000244140625,370.55987548828125,2943800
2019-10-02,371.8500061035156,372.989990234375,363.7699890136719,367.3599853515625,363.06842041015625,3698300
2019-10-03,366.2099914550781,372.25,363.2300109863281,372.07000732421875,367.7234191894531,2623900
2019-10-04,372.25,376.1300048828125,371.7200012207031,375.70001220703125,371.31103515625,2008400
2019-10-07,374.05999755859375,378.1499938964844,373.05999755859375,376.5400085449219,372.1412048339844,1931800
2019-10-08,371.04998779296875,377.3399963378906,368.6400146484375,374.1000061035156,369.7297058105469,4030200
2019-10-09,376.0,377.8599853515625,373.5,374.9599914550781,370.57965087890625,2774100
2019-10-10,373.70001220703125,374.5400085449219,370.3299865722656,371.0,366.6659240722656,2723700
2019-10-11,373.0,376.94000244140625,370.0799865722656,374.9200134277344,370.5401306152344,3935400
2019-10-14,374.25,378.70001220703125,372.67999267578125,373.17999267578125,368.8204345703125,2124500
2019-10-15,372.5799865722656,373.5299987792969,370.5299987792969,370.9599914550781,366.6263732910156,2836600
2019-10-16,370.2200012207031,377.4200134277344,369.239990234375,372.42999267578125,368.0792236328125,3657100
2019-10-17,372.4200134277344,373.79998779296875,369.05999755859375,369.05999755859375,364.74859619140625,2397100
2019-10-18,369.0,369.3500061035156,344.0,344.0,339.9813537597656,13544300
2019-10-21,332.8900146484375,334.239990234375,324.3999938964844,331.05999755859375,327.1924743652344,15493100
2019-10-22,336.07000732421875,341.4800109863281,334.4599914550781,337.0,333.0631103515625,7949700
2019-10-23,345.0,350.79998779296875,336.5,340.5,336.522216796875,10960800
2019-10-24,341.70001220703125,345.739990234375,337.7699890136719,344.54998779296875,340.52490234375,5382700
2019-10-25,342.9200134277344,343.3699951171875,338.8999938964844,339.8299865722656,335.86004638671875,4058000
2019-10-28,341.5,344.9800109863281,339.489990234375,340.8800048828125,336.89776611328125,3234500
2019-10-29,340.19000244140625,349.7200012207031,339.2200012207031,348.92999267578125,344.8537292480469,6113600
2019-10-30,346.6300048828125,350.0,343.2699890136719,346.05999755859375,342.01727294921875,3997600
2019-10-31,344.70001220703125,346.05999755859375,339.45001220703125,339.9100036621094,335.9391174316406,3868400
2019-11-01,340.5899963378906,345.19000244140625,339.5,345.19000244140625,341.1574401855469,3538200
2019-11-04,346.4599914550781,351.45001220703125,346.04998779296875,351.0899963378906,346.9884948730469,3703000
2019-11-05,355.2300109863281,361.6099853515625,353.19000244140625,358.2900085449219,354.1044006347656,5468900
2019-11-06,358.8599853515625,359.3999938964844,353.1300048828125,354.19000244140625,350.05230712890625,3815700
2019-11-07,356.1199951171875,359.3999938964844,355.04998779296875,357.30999755859375,355.1966857910156,2834500
2019-11-08,356.3999938964844,357.0,350.54998779296875,351.0,348.92401123046875,3218200
2019-11-11,349.0400085449219,369.75,345.55999755859375,366.9599914550781,364.78961181640625,11483400
2019-11-12,366.489990234375,367.1099853515625,360.010009765625,362.8800048828125,360.7337341308594,5769700
2019-11-13,361.8699951171875,366.6199951171875,361.1199951171875,362.5,360.3559875488281,3453700
2019-11-14,363.1000061035156,368.4800109863281,361.4800109863281,367.44000244140625,365.26678466796875,5339600
2019-11-15,370.0,373.4800109863281,369.29998779296875,371.67999267578125,369.481689453125,5493100
2019-11-18,371.6700134277344,375.6000061035156,367.8999938964844,369.4599914550781,367.2748107910156,3823800
2019-11-19,373.510009765625,374.8299865722656,361.6099853515625,367.0,364.8293762207031,6670200
2019-11-20,366.0,370.989990234375,365.75,370.9100036621094,368.71624755859375,3774800
2019-11-21,369.75,370.760009765625,366.260009765625,366.44000244140625,364.2726745605469,2703800
2019-11-22,368.2699890136719,373.54998779296875,366.6099853515625,371.3399963378906,369.1437072753906,3915700
2019-11-25,372.5199890136719,374.29998779296875,369.20001220703125,373.1300048828125,370.9231262207031,3324400
2019-11-26,373.6600036621094,374.7699890136719,371.3599853515625,373.510009765625,371.3008728027344,2859000
2019-11-27,369.9599914550781,371.8299865722656,366.79998779296875,368.0,365.8234558105469,4145000
2019-11-29,367.5,368.29998779296875,366.17999267578125,366.17999267578125,364.01422119140625,1390900
2019-12-02,367.0799865722656,367.3800048828125,355.1600036621094,355.17999267578125,353.07928466796875,4794500
2019-12-03,352.0899963378906,355.55999755859375,347.6099853515625,352.0799865722656,349.99761962890625,4683500
2019-12-04,354.70001220703125,355.2900085449219,348.82000732421875,348.8399963378906,346.7767639160156,3014200
2019-12-05,350.2200012207031,350.4200134277344,345.5899963378906,345.67999267578125,343.6354675292969,4719600
2019-12-06,347.739990234375,354.3999938964844,347.1099853515625,354.0899963378906,351.9957275390625,2856100
2019-12-09,352.6700134277344,353.6000061035156,349.57000732421875,351.2099914550781,349.13275146484375,2844600
2019-12-10,350.1499938964844,351.3999938964844,347.45001220703125,347.8999938964844,345.84234619140625,2920900
2019-12-11,342.1000061035156,350.0299987792969,338.5,350.0,347.929931640625,7369100
2019-12-12,348.25,351.07000732421875,341.0,346.2900085449219,344.24188232421875,5970000
2019-12-13,346.29998779296875,349.30999755859375,341.1000061035156,341.6700134277344,339.6492004394531,4526300
2019-12-16,328.5299987792969,336.2300109863281,326.42999267578125,327.0,325.0659484863281,16488200
2019-12-17,322.05999755859375,330.95001220703125,320.6099853515625,327.0,325.0659484863281,13526400
2019-12-18,328.7200012207031,335.25,328.1400146484375,330.67999267578125,328.72418212890625,7029300
2019-12-19,332.8999938964844,334.80999755859375,330.9800109863281,333.5,331.5274963378906,5492600
2019-12-20,334.6199951171875,335.5,328.0,328.0,326.0600280761719,9489400
2019-12-23,336.75,340.5899963378906,334.20001220703125,337.54998779296875,335.5535583496094,9534800
2019-12-24,339.510009765625,339.75,332.6199951171875,333.0,331.03045654296875,4120100
2019-12-26,332.70001220703125,333.3599853515625,329.29998779296875,329.9200134277344,327.96868896484375,4593400
2019-12-27,330.20001220703125,333.6499938964844,329.1700134277344,330.1400146484375,328.1874084472656,4124000
2019-12-30,330.5,330.6300048828125,325.7099914550781,326.3999938964844,324.4695129394531,4525500
2019-12-31,325.4100036621094,326.57000732421875,323.32000732421875,325.760009765625,323.83331298828125,4958800
2020-01-02,328.54998779296875,333.3500061035156,327.70001220703125,333.32000732421875,331.34857177734375,4544400
2020-01-03,330.6300048828125,334.8900146484375,330.29998779296875,332.760009765625,330.7919006347656,3875900
2020-01-06,329.29998779296875,334.8599853515625,327.8800048828125,333.739990234375,331.7660827636719,5355000
2020-01-07,334.260009765625,344.19000244140625,330.7099914550781,337.2799987792969,335.28515625,9898600
2020-01-08,332.3999938964844,334.0299987792969,329.6000061035156,331.3699951171875,329.41009521484375,8239200
2020-01-09,334.95001220703125,341.7300109863281,332.04998779296875,336.3399963378906,334.3507080078125,8175600
2020-01-10,335.55999755859375,337.70001220703125,329.45001220703125,329.9200134277344,327.96868896484375,7161700
2020-01-13,332.3999938964844,334.1000061035156,330.0799865722656,330.2200012207031,328.26690673828125,5648500
2020-01-14,330.760009765625,335.3500061035156,328.2799987792969,332.3500061035156,330.3843078613281,6945300
2020-01-15,332.3500061035156,333.1099853515625,329.69000244140625,329.79998779296875,327.8493957519531,4578300
2020-01-16,331.04998779296875,332.8699951171875,329.30999755859375,332.0,330.036376953125,4024100
2020-01-17,332.3900146484375,332.5,323.0,324.1499938964844,322.2328186035156,11061700
2020-01-21,322.6000061035156,326.6000061035156,305.75,313.3699951171875,311.5165710449219,19318000
2020-01-22,309.82000732421875,312.8399963378906,302.7200012207031,309.0,307.17242431640625,18792600
2020-01-23,308.5,318.1700134277344,307.70001220703125,317.7900085449219,315.9104309082031,9702100
2020-01-24,322.0,326.20001220703125,312.510009765625,323.04998779296875,321.1393127441406,17798200
2020-01-27,316.2099914550781,321.260009765625,314.5799865722656,316.6000061035156,314.72747802734375,7468100
2020-01-28,318.04998779296875,319.3599853515625,314.0,316.55999755859375,314.6877136230469,5502200
2020-01-29,324.3500061035156,327.17999267578125,319.1400146484375,322.0199890136719,320.1153869628906,12454700
2020-01-30,320.5,325.3500061035156,317.6400146484375,323.29998779296875,321.3878173828125,6022000
2020-01-31,321.75,321.92999267578125,316.989990234375,318.2699890136719,316.3875732421875,4999600
2020-02-03,318.75,320.739990234375,314.8800048828125,316.0,314.1310119628906,4841800
2020-02-04,318.2799987792969,319.4800109863281,315.0299987792969,317.94000244140625,316.0595397949219,3779800
2020-02-05,320.5,329.67999267578125,319.2300109863281,329.54998779296875,327.6008605957031,6071800
2020-02-06,330.9100036621094,343.44000244140625,325.6600036621094,341.42999267578125,339.4106140136719,12845500
2020-02-07,340.3699951171875,340.739990234375,335.69000244140625,336.75,334.75830078125,5337800
2020-02-10,337.2200012207031,345.94000244140625,336.32000732421875,344.6700134277344,342.6314697265625,5876400
2020-02-11,347.6400146484375,348.07000732421875,342.1000061035156,344.4200134277344,342.3829345703125,5311500
2020-02-12,346.4200134277344,349.95001220703125,345.8500061035156,347.45001220703125,345.39501953125,4421500
2020-02-13,344.32000732421875,347.8900146484375,342.6300048828125,342.82000732421875,342.82000732421875,3783100
2020-02-14,342.29998779296875,344.5,338.0,340.489990234375,340.489990234375,4199800
2020-02-18,338.7699890136719,339.989990234375,336.1000061035156,338.8800048828125,338.8800048828125,2904600
2020-02-19,338.1199951171875,341.4700012207031,335.8599853515625,338.29998779296875,338.29998779296875,4935700
2020-02-20,338.2900085449219,341.239990234375,335.3900146484375,336.2799987792969,336.2799987792969,2807500
2020-02-21,334.04998779296875,334.6600036621094,330.2300109863281,330.3800048828125,330.3800048828125,3709900
2020-02-24,320.0,321.739990234375,316.3299865722656,317.8999938964844,317.8999938964844,6073200
2020-02-25,318.260009765625,320.6400146484375,303.6300048828125,304.1400146484375,304.1400146484375,8052500
2020-02-26,307.0,315.2200012207031,304.05999755859375,305.5899963378906,305.5899963378906,6987300
2020-02-27,300.3699951171875,301.0,284.2900085449219,287.760009765625,287.760009765625,10982400
2020-02-28,278.07000732421875,282.8599853515625,269.6000061035156,275.1099853515625,275.1099853515625,15364300
2020-03-02,279.5400085449219,291.7099914550781,274.2900085449219,289.2699890136719,289.2699890136719,11012300
2020-03-03,292.0,297.44000244140625,278.0799865722656,280.6199951171875,280.6199951171875,7499300
2020-03-04,284.54998779296875,285.9100036621094,277.010009765625,283.1199951171875,283.1199951171875,6986100
2020-03-05,275.7900085449219,276.30999755859375,259.6499938964844,260.3699951171875,260.3699951171875,14669100
2020-03-06,253.6999969482422,264.2900085449219,249.8000030517578,262.3299865722656,262.3299865722656,12861800
2020-03-09,238.0,241.47999572753906,224.3699951171875,227.1699981689453,227.1699981689453,11585500
2020-03-10,237.0,237.8300018310547,215.0,231.00999450683594,231.00999450683594,13059600
2020-03-11,222.99000549316406,226.99000549316406,187.0,189.0800018310547,189.0800018310547,28503500
2020-03-12,160.52999877929688,189.85000610351562,154.80999755859375,154.83999633789062,154.83999633789062,31734400
2020-03-13,174.97000122070312,178.27999877929688,161.3800048828125,170.1999969482422,170.1999969482422,21168500
2020-03-16,149.4199981689453,151.0,128.75999450683594,129.61000061035156,129.61000061035156,26844400
2020-03-17,132.50999450683594,134.9600067138672,101.25,124.13999938964844,124.13999938964844,54492200
2020-03-18,99.86000061035156,107.8499984741211,89.0,101.88999938964844,101.88999938964844,61943200
2020-03-19,98.80000305175781,103.56999969482422,90.3499984741211,97.70999908447266,97.70999908447266,40210600
2020-03-20,99.8499984741211,107.0,94.27999877929688,95.01000213623047,95.01000213623047,41370700
2020-03-23,98.75,114.48999786376953,93.55999755859375,105.62000274658203,105.62000274658203,46140100
2020-03-24,123.68000030517578,127.95999908447266,116.12999725341797,127.68000030517578,127.68000030517578,43683100
2020-03-25,154.89999389648438,174.77000427246094,141.0,158.72999572753906,158.72999572753906,77826000
2020-03-26,172.2899932861328,186.47999572753906,167.17999267578125,180.5500030517578,180.5500030517578,63267300
2020-03-27,172.0,172.9199981689453,155.5399932861328,162.0,162.0,47880200
2020-03-30,153.80999755859375,153.80999755859375,140.67999267578125,152.27999877929688,152.27999877929688,51052500
2020-03-31,155.0,160.63999938964844,149.0,149.13999938964844,149.13999938964844,29954000
2020-04-01,138.91000366210938,144.3800048828125,130.0,130.6999969482422,130.6999969482422,41899700
2020-04-02,128.50999450683594,136.67999267578125,120.0199966430664,123.2699966430664,123.2699966430664,42372400
2020-04-03,125.0,131.2899932861328,122.5,124.5199966430664,124.5199966430664,37347400
2020-04-06,133.6999969482422,149.69000244140625,129.2100067138672,148.77000427246094,148.77000427246094,51085500
2020-04-07,162.0,164.8000030517578,140.25999450683594,141.5800018310547,141.5800018310547,56699100
2020-04-08,147.50999450683594,154.0,144.5500030517578,146.8699951171875,146.8699951171875,41351000
2020-04-09,154.7100067138672,157.97999572753906,150.08999633789062,151.83999633789062,151.83999633789062,37874200
2020-04-13,155.5,156.0,146.25999450683594,147.3300018310547,147.3300018310547,26034100
2020-04-14,150.50999450683594,152.39999389648438,140.0,141.0,141.0,33970500
2020-04-15,139.0,148.69000244140625,132.89999389648438,145.97999572753906,145.97999572753906,39297600
2020-04-16,141.4600067138672,143.24000549316406,134.0,134.24000549316406,134.24000549316406,41364800
2020-04-17,149.41000366210938,154.0,145.0,154.0,154.0,52389400
2020-04-20,147.2100067138672,151.6300048828125,142.5,143.61000061035156,143.61000061035156,34983800
2020-04-21,139.00999450683594,141.89999389648438,135.4499969482422,136.3300018310547,136.3300018310547,27043800
2020-04-22,140.4199981689453,140.82000732421875,134.52000427246094,134.97000122070312,134.97000122070312,22734500
2020-04-23,136.5,142.3800048828125,136.0500030517578,137.74000549316406,137.74000549316406,25936400
2020-04-24,137.0,137.57000732421875,128.3300018310547,128.97999572753906,128.97999572753906,35884700
2020-04-27,129.97000122070312,131.1999969482422,123.83000183105469,128.67999267578125,128.67999267578125,34563000
2020-04-28,133.8800048828125,137.1999969482422,127.73999786376953,131.3000030517578,131.3000030517578,37806900
2020-04-29,138.0800018310547,147.17999267578125,135.25,139.0,139.0,60454400
2020-04-30,137.6699981689453,144.64999389648438,132.30999755859375,141.02000427246094,141.02000427246094,37876600
2020-05-01,143.22999572753906,143.7100067138672,132.83999633789062,133.3699951171875,133.3699951171875,36613100
2020-05-04,127.12000274658203,131.5,124.3499984741211,131.4600067138672,131.4600067138672,30708900
2020-05-05,132.8800048828125,133.8000030517578,125.0,125.4000015258789,125.4000015258789,30621000
2020-05-06,125.80000305175781,126.86000061035156,121.37000274658203,121.86000061035156,121.86000061035156,29627700
2020-05-07,122.80999755859375,130.7100067138672,122.36000061035156,128.64999389648438,128.64999389648438,29525000
2020-05-08,132.57000732421875,135.5500030517578,131.55999755859375,133.44000244140625,133.44000244140625,22695700
2020-05-11,130.9199981689453,131.0,127.94999694824219,128.91000366210938,128.91000366210938,20055400
2020-05-12,129.72000122070312,133.1199951171875,125.19999694824219,125.22000122070312,125.22000122070312,22579000
2020-05-13,125.0,125.06999969482422,119.33000183105469,121.5,121.5,26002000
2020-05-14,118.9800033569336,122.61000061035156,113.88999938964844,122.5199966430664,122.5199966430664,37499200
2020-05-15,118.33000183105469,121.88999938964844,117.77999877929688,120.0,120.0,26756800
2020-05-18,126.18000030517578,136.1999969482422,125.80000305175781,135.44000244140625,135.44000244140625,43781800
2020-05-19,137.0,137.0399932861328,130.27999877929688,130.44000244140625,130.44000244140625,32373000
2020-05-20,133.27000427246094,135.4499969482422,131.30999755859375,133.32000732421875,133.32000732421875,21835500
2020-05-21,137.0,144.24000549316406,136.14999389648438,139.0,139.0,48263900
2020-05-22,141.00999450683594,141.0800018310547,135.77999877929688,137.52999877929688,137.52999877929688,21098800
2020-05-26,145.2100067138672,145.91000366210938,142.61000061035156,144.72999572753906,144.72999572753906,30338300
2020-05-27,149.13999938964844,149.64999389648438,141.24000549316406,149.52000427246094,149.52000427246094,32799900
2020-05-28,156.10000610351562,156.6999969482422,149.0500030517578,149.82000732421875,149.82000732421875,34734300
2020-05-29,145.3000030517578,152.0,142.94000244140625,145.85000610351562,145.85000610351562,33853900
2020-06-01,145.4499969482422,153.5500030517578,144.5500030517578,151.38999938964844,151.38999938964844,27127300
2020-06-02,154.0,155.85000610351562,151.80999755859375,153.30999755859375,153.30999755859375,24780500
2020-06-03,157.10000610351562,173.77999877929688,155.49000549316406,173.16000366210938,173.16000366210938,66486400
2020-06-04,181.27999877929688,188.60000610351562,177.39999389648438,184.3000030517578,184.3000030517578,67155600
2020-06-05,205.0,218.7899932861328,197.36000061035156,205.42999267578125,205.42999267578125,99846000
2020-06-08,222.94000244140625,234.1999969482422,218.92999267578125,230.5,230.5,80902800
2020-06-09,222.13999938964844,227.0,213.0800018310547,216.74000549316406,216.74000549316406,66688700
2020-06-10,211.1699981689453,213.02999877929688,197.39999389648438,203.41000366210938,203.41000366210938,90384900
2020-06-11,179.35000610351562,192.17999267578125,166.00999450683594,170.0,170.0,103212800
2020-06-12,187.14999389648438,191.3000030517578,176.25999450683594,189.50999450683594,189.50999450683594,89550100
2020-06-15,177.17999267578125,193.22999572753906,175.88999938964844,190.94000244140625,190.94000244140625,78612900
2020-06-16,207.14999389648438,208.3000030517578,192.60000610351562,197.77000427246094,197.77000427246094,76496900
2020-06-17,194.52000427246094,196.42999267578125,191.25,192.5399932861328,192.5399932861328,53085400
2020-06-18,188.24000549316406,198.02999877929688,187.1999969482422,192.2899932861328,192.2899932861328,60849900
2020-06-19,197.89999389648438,197.9600067138672,184.57000732421875,187.02000427246094,187.02000427246094,67262100
2020-06-22,184.55999755859375,188.6999969482422,181.89999389648438,188.52000427246094,188.52000427246094,53901500
2020-06-23,189.3000030517578,190.1199951171875,183.5500030517578,187.8800048828125,187.8800048828125,50281300
2020-06-24,183.61000061035156,185.1999969482422,176.07000732421875,176.69000244140625,176.69000244140625,56534800
2020-06-25,169.8699951171875,177.5,169.58999633789062,174.8800048828125,174.8800048828125,57335700
2020-06-26,173.4199981689453,173.85000610351562,167.60000610351562,170.00999450683594,170.00999450683594,50644400
2020-06-29,181.0,194.5,176.27000427246094,194.49000549316406,194.49000549316406,78499900
2020-06-30,188.02000427246094,188.49000549316406,180.3800048828125,183.3000030517578,183.3000030517578,65493100
2020-07-01,185.8800048828125,190.61000061035156,180.0399932861328,180.32000732421875,180.32000732421875,49036700
2020-07-02,185.5800018310547,187.7899932861328,180.42999267578125,180.80999755859375,180.80999755859375,41792300
2020-07-06,184.52000427246094,189.36000061035156,181.60000610351562,187.91000366210938,187.91000366210938,49471700
2020-07-07,185.07000732421875,185.07000732421875,178.64999389648438,178.8800048828125,178.8800048828125,37105300
2020-07-08,179.0500030517578,181.5800018310547,175.50999450683594,180.0800018310547,180.0800018310547,38116200
2020-07-09,179.6699981689453,180.75,172.80999755859375,173.27999877929688,173.27999877929688,33514500
2020-07-10,171.6999969482422,179.3300018310547,169.75,178.44000244140625,178.44000244140625,40955600
2020-07-13,180.1999969482422,183.25,174.36000061035156,175.64999389648438,175.64999389648438,43364700
2020-07-14,177.0,181.3000030517578,173.41000366210938,179.9600067138672,179.9600067138672,39256200
2020-07-15,185.5399932861328,189.52999877929688,181.25,187.94000244140625,187.94000244140625,48044800
2020-07-16,184.32000732421875,184.58999633789062,177.33999633789062,178.6999969482422,178.6999969482422,35050000
2020-07-17,178.41000366210938,181.10000610351562,175.5500030517578,175.66000366210938,175.66000366210938,26170500
2020-07-20,175.1300048828125,176.57000732421875,171.6199951171875,174.4199981689453,174.4199981689453,25294300
2020-07-21,178.42999267578125,182.64999389648438,176.75,178.6300048828125,178.6300048828125,40740500
2020-07-22,176.42999267578125,182.9499969482422,175.38999938964844,179.7899932861328,179.7899932861328,29790300
2020-07-23,178.0,182.5,175.4199981689453,176.4499969482422,176.4499969482422,29587200
2020-07-24,175.67999267578125,181.10000610351562,173.60000610351562,173.75999450683594,173.75999450683594,28548000
2020-07-27,173.19000244140625,174.13999938964844,169.0,170.2100067138672,170.2100067138672,30243800
2020-07-28,168.5,173.74000549316406,168.22999572753906,170.83999633789062,170.83999633789062,25349100
2020-07-29,172.89999389648438,173.00999450683594,162.25,166.00999450683594,166.00999450683594,51709600
2020-07-30,162.8800048828125,164.5500030517578,160.63999938964844,161.9499969482422,161.9499969482422,29140000
2020-07-31,161.5500030517578,163.39999389648438,156.25999450683594,158.0,158.0,30263100
2020-08-03,156.50999450683594,163.5800018310547,153.41000366210938,162.27000427246094,162.27000427246094,38520500
2020-08-04,164.6300048828125,167.39999389648438,163.00999450683594,165.07000732421875,165.07000732421875,30853500
2020-08-05,167.60000610351562,174.97999572753906,166.39999389648438,174.27999877929688,174.27999877929688,46189200
2020-08-06,172.8000030517578,175.57000732421875,170.60000610351562,172.1999969482422,172.1999969482422,32921600
2020-08-07,171.5,171.86000061035156,168.6999969482422,170.02000427246094,170.02000427246094,19318000
2020-08-10,171.36000061035156,179.7899932861328,171.3300018310547,179.41000366210938,179.41000366210938,35857700
2020-08-11,184.50999450683594,189.97000122070312,179.52999877929688,180.1300048828125,180.1300048828125,61036600
2020-08-12,184.00999450683594,184.14999389648438,173.19000244140625,175.44000244140625,175.44000244140625,40674400
2020-08-13,173.6199951171875,179.47000122070312,172.42999267578125,174.72999572753906,174.72999572753906,22958800
2020-08-14,173.08999633789062,179.47000122070312,172.35000610351562,178.0800018310547,178.0800018310547,32414100
2020-08-17,178.24000549316406,178.2899932861328,171.41000366210938,172.00999450683594,172.00999450683594,23352100
2020-08-18,172.00999450683594,173.24000549316406,169.00999450683594,170.22999572753906,170.22999572753906,21488500
2020-08-19,170.44000244140625,174.10000610351562,169.08999633789062,169.27000427246094,169.27000427246094,25601500
2020-08-20,168.5399932861328,170.83999633789062,165.86000061035156,169.5800018310547,169.5800018310547,23213400
2020-08-21,168.35000610351562,170.0800018310547,167.27000427246094,167.5,167.5,16945900
2020-08-24,168.77999877929688,178.27000427246094,167.92999267578125,178.27000427246094,178.27000427246094,39317100
2020-08-25,180.4600067138672,180.6300048828125,172.44000244140625,174.72999572753906,174.72999572753906,31318500
2020-08-26,173.8000030517578,174.42999267578125,171.35000610351562,171.89999389648438,171.89999389648438,16189800
2020-08-27,174.7100067138672,181.30999755859375,173.55999755859375,174.1999969482422,174.1999969482422,29548100
2020-08-28,175.11000061035156,177.27999877929688,172.57000732421875,175.8000030517578,175.8000030517578,20383900
2020-08-31,174.64999389648438,175.27000427246094,171.6999969482422,171.82000732421875,171.82000732421875,16264300
2020-09-01,170.7100067138672,175.49000549316406,169.25,172.10000610351562,172.10000610351562,18977300
2020-09-02,172.74000549316406,175.0,171.4499969482422,174.77999877929688,174.77999877929688,16552100
2020-09-03,175.0,180.85000610351562,168.1199951171875,168.77000427246094,168.77000427246094,27799400
2020-09-04,171.30999755859375,172.8300018310547,164.0,171.0500030517578,171.0500030517578,18867300
2020-09-08,165.8000030517578,166.89999389648438,160.5,161.0800018310547,161.0800018310547,22622700
2020-09-09,161.61000061035156,163.05999755859375,157.0,160.77999877929688,160.77999877929688,21951400
2020-09-10,160.9600067138672,163.77999877929688,157.57000732421875,157.69000244140625,157.69000244140625,14532600
2020-09-11,158.0,161.36000061035156,156.32000732421875,160.22999572753906,160.22999572753906,14722400
2020-09-14,161.75,165.94000244140625,158.89999389648438,165.35000610351562,165.35000610351562,17228400
2020-09-15,166.64999389648438,168.83999633789062,163.3300018310547,163.49000549316406,163.49000549316406,14881700
2020-09-16,161.9499969482422,170.57000732421875,160.30999755859375,167.4600067138672,167.4600067138672,21851400
2020-09-17,164.6300048828125,168.4600067138672,161.0500030517578,167.52999877929688,167.52999877929688,19717800
2020-09-18,165.66000366210938,169.72000122070312,161.02000427246094,161.13999938964844,161.13999938964844,22057100
2020-09-21,157.8300018310547,158.8300018310547,154.1999969482422,156.35000610351562,156.35000610351562,23125300
2020-09-22,156.80999755859375,160.07000732421875,154.9499969482422,156.8000030517578,156.8000030517578,17768900
2020-09-23,157.3300018310547,160.4199981689453,150.88999938964844,151.17999267578125,151.17999267578125,18247500
2020-09-24,150.2899932861328,150.30999755859375,145.02000427246094,146.0500030517578,146.0500030517578,27098100
2020-09-25,146.85000610351562,156.30999755859375,146.4199981689453,156.02999877929688,156.02999877929688,29123000
2020-09-28,160.3300018310547,168.0,159.1999969482422,166.0800018310547,166.0800018310547,38868200
2020-09-29,164.77000427246094,165.5,162.00999450683594,163.60000610351562,163.60000610351562,19874700
2020-09-30,164.5,170.97999572753906,164.11000061035156,165.25999450683594,165.25999450683594,38436700
2020-10-01,170.14999389648438,172.75999450683594,165.57000732421875,167.86000061035156,167.86000061035156,30677100
2020-10-02,161.86000061035156,169.77999877929688,161.8000030517578,168.0800018310547,168.0800018310547,31773800
2020-10-05,169.49000549316406,172.0800018310547,167.50999450683594,171.1999969482422,171.1999969482422,19082100
2020-10-06,173.0399932861328,175.55999755859375,159.3300018310547,159.5399932861328,159.5399932861328,47132500
2020-10-07,163.7100067138672,166.33999633789062,162.3800048828125,164.61000061035156,164.61000061035156,26019100
2020-10-08,166.22000122070312,168.08999633789062,163.5399932861328,168.0,168.0,20598600
2020-10-09,169.92999267578125,170.0,166.82000732421875,167.3300018310547,167.3300018310547,17406000
2020-10-12,167.75,169.1999969482422,165.9499969482422,167.35000610351562,167.35000610351562,12176600
2020-10-13,165.36000061035156,165.52999877929688,162.08999633789062,162.13999938964844,162.13999938964844,15182600
2020-10-14,162.6999969482422,165.1699981689453,162.49000549316406,163.24000549316406,163.24000549316406,10505500
2020-10-15,161.00999450683594,164.5399932861328,158.72999572753906,164.24000549316406,164.24000549316406,13226800
2020-10-16,171.22000122070312,173.4199981689453,167.27000427246094,167.35000610351562,167.35000610351562,31780600
2020-10-19,169.08999633789062,170.83999633789062,166.11000061035156,167.11000061035156,167.11000061035156,16519600
2020-10-20,168.2899932861328,169.2899932861328,166.17999267578125,167.24000549316406,167.24000549316406,12319900
2020-10-21,166.44000244140625,167.6300048828125,163.82000732421875,163.86000061035156,163.86000061035156,11450600
2020-10-22,164.6999969482422,169.6300048828125,164.10000610351562,169.07000732421875,169.07000732421875,14238200
2020-10-23,169.99000549316406,170.25999450683594,166.0500030517578,167.36000061035156,167.36000061035156,10024200
2020-10-26,164.9499969482422,165.5,159.0500030517578,160.8300018310547,160.8300018310547,16151100
2020-10-27,159.16000366210938,160.25,155.0,155.24000549316406,155.24000549316406,15491900
2020-10-28,153.0,153.9499969482422,148.0,148.13999938964844,148.13999938964844,20279800
2020-10-29,148.02999877929688,150.10000610351562,146.60000610351562,148.2899932861328,148.2899932861328,14554300
2020-10-30,147.1999969482422,149.1699981689453,141.5800018310547,144.38999938964844,144.38999938964844,15374700
2020-11-02,145.75,149.58999633789062,143.3800048828125,148.60000610351562,148.60000610351562,13854600
2020-11-03,151.8300018310547,154.82000732421875,150.63999938964844,153.64999389648438,153.64999389648438,12249800
2020-11-04,153.1699981689453,155.39999389648438,151.1699981689453,151.6300048828125,151.6300048828125,11344700
2020-11-05,152.47999572753906,157.6300048828125,152.10000610351562,157.08999633789062,157.08999633789062,12328300
2020-11-06,156.3300018310547,158.47000122070312,154.52000427246094,157.74000549316406,157.74000549316406,8995600
2020-11-09,179.0,184.4600067138672,172.16000366210938,179.36000061035156,179.36000061035156,49014400
2020-11-10,182.8000030517578,193.9499969482422,180.3800048828125,188.69000244140625,188.69000244140625,46404300
2020-11-11,189.88999938964844,190.0,180.41000366210938,182.14999389648438,182.14999389648438,29907800
2020-11-12,178.9499969482422,184.58999633789062,176.25,176.72000122070312,176.72000122070312,20288400
2020-11-13,179.0,187.27000427246094,178.7100067138672,187.11000061035156,187.11000061035156,19724500
2020-11-16,194.55999755859375,202.94000244140625,191.35000610351562,202.39999389648438,202.39999389648438,40562800
2020-11-17,200.25,211.1999969482422,196.0500030517578,210.0500030517578,210.0500030517578,38299300
2020-11-18,223.02000427246094,223.02000427246094,203.0,203.3000030517578,203.3000030517578,65990700
2020-11-19,200.4499969482422,209.44000244140625,199.89999389648438,205.6699981689453,205.6699981689453,34236100
2020-11-20,204.58999633789062,206.5800018310547,199.1699981689453,199.6199951171875,199.6199951171875,18230900
2020-11-23,203.24000549316406,214.2100067138672,201.8699951171875,211.52999877929688,211.52999877929688,28372400
2020-11-24,219.42999267578125,222.9499969482422,215.75999450683594,218.49000549316406,218.49000549316406,31132000
2020-11-25,217.7100067138672,221.0,213.08999633789062,217.61000061035156,217.61000061035156,19254100
2020-11-27,218.25,219.92999267578125,216.0399932861328,216.5,216.5,9970200
2020-11-30,215.6999969482422,217.77999877929688,208.52000427246094,210.7100067138672,210.7100067138672,16501900
2020-12-01,214.30999755859375,218.08999633789062,213.0,213.00999450683594,213.00999450683594,15754200
2020-12-02,213.00999450683594,224.99000549316406,210.3000030517578,223.85000610351562,223.85000610351562,25912300
2020-12-03,228.3000030517578,242.0,226.52999877929688,237.1999969482422,237.1999969482422,45945100
2020-12-04,236.36000061035156,238.17999267578125,230.25,232.7100067138672,232.7100067138672,29378400
2020-12-07,238.5,244.0800018310547,237.11000061035156,238.1699981689453,238.1699981689453,33246700
2020-12-08,238.6999969482422,241.6999969482422,234.4600067138672,236.57000732421875,236.57000732421875,19682000
2020-12-09,238.63999938964844,240.83999633789062,228.27999877929688,232.05999755859375,232.05999755859375,19043600
2020-12-10,228.10000610351562,237.00999450683594,228.02000427246094,234.42999267578125,234.42999267578125,16185000
2020-12-11,232.82000732421875,236.22000122070312,228.3300018310547,230.3300018310547,230.3300018310547,17311800
2020-12-14,235.0,237.6300048828125,228.3699951171875,228.6199951171875,228.6199951171875,19231200
2020-12-15,230.0,232.5,224.36000061035156,229.5,229.5,18993700
2020-12-16,229.3300018310547,232.3699951171875,225.3000030517578,225.8699951171875,225.8699951171875,17858400
2020-12-17,227.24000549316406,228.49000549316406,220.52999877929688,221.24000549316406,221.24000549316406,17465600
2020-12-18,222.0500030517578,223.4600067138672,218.61000061035156,219.75,219.75,19092800
2020-12-21,212.33999633789062,219.42999267578125,211.10000610351562,219.30999755859375,219.30999755859375,18726500
2020-12-22,223.27999877929688,223.88999938964844,217.6999969482422,218.77999877929688,218.77999877929688,13280000
2020-12-23,219.5500030517578,224.39999389648438,219.32000732421875,219.69000244140625,219.69000244140625,10869000
2020-12-24,219.6199951171875,219.8800048828125,216.0500030517578,217.14999389648438,217.14999389648438,6398500
2020-12-28,218.19000244140625,219.1999969482422,215.16000366210938,216.08999633789062,216.08999633789062,9090600
2020-12-29,218.3000030517578,221.67999267578125,215.39999389648438,216.25,216.25,14593800
2020-12-30,216.36000061035156,218.5500030517578,214.3699951171875,216.6699981689453,216.6699981689453,10812600
2020-12-31,216.24000549316406,216.89999389648438,212.6999969482422,214.05999755859375,214.05999755859375,10487600
2021-01-04,210.0,210.1999969482422,202.49000549316406,202.72000122070312,202.72000122070312,21225600
2021-01-05,204.74000549316406,213.35000610351562,204.60000610351562,211.6300048828125,211.6300048828125,19338300
2021-01-06,210.22000122070312,215.61000061035156,209.33999633789062,211.02999877929688,211.02999877929688,16202200
2021-01-07,213.38999938964844,216.60000610351562,211.77999877929688,212.7100067138672,212.7100067138672,14474100
2021-01-08,213.61000061035156,214.10000610351562,208.16000366210938,209.89999389648438,209.89999389648438,14144000
2021-01-11,203.02999877929688,207.77999877929688,201.00999450683594,206.7899932861328,206.7899932861328,16770300
2021-01-12,206.64999389648438,209.05999755859375,204.80999755859375,208.41000366210938,208.41000366210938,12836200
2021-01-13,207.14999389648438,208.7899932861328,204.85000610351562,207.2100067138672,207.2100067138672,8570500
2021-01-14,208.7899932861328,214.19000244140625,208.2100067138672,209.91000366210938,209.91000366210938,12446800
2021-01-15,208.9600067138672,209.25,204.1999969482422,204.32000732421875,204.32000732421875,11103300
2021-01-19,206.99000549316406,211.52000427246094,206.52000427246094,210.7100067138672,210.7100067138672,11947200
2021-01-20,213.24000549316406,215.58999633789062,211.2100067138672,211.4499969482422,211.4499969482422,9727000
2021-01-21,211.72000122070312,211.92999267578125,206.33999633789062,207.41000366210938,207.41000366210938,11091300
2021-01-22,205.5500030517578,206.6999969482422,204.27000427246094,205.83999633789062,205.83999633789062,7514600
2021-01-25,203.27000427246094,203.8000030517578,199.3000030517578,203.36000061035156,203.36000061035156,14276200
2021-01-26,205.33999633789062,208.35000610351562,201.7899932861328,202.05999755859375,202.05999755859375,11011800
2021-01-27,196.89999389648438,199.47000122070312,191.85000610351562,194.02999877929688,194.02999877929688,20948500
2021-01-28,198.0500030517578,200.4199981689453,196.0,197.22999572753906,197.22999572753906,10403200
2021-01-29,198.3000030517578,201.57000732421875,193.1199951171875,194.19000244140625,194.19000244140625,13683700
2021-02-01,196.0,197.3800048828125,192.86000061035156,195.83999633789062,195.83999633789062,9061900
2021-02-02,198.97999572753906,203.02999877929688,198.08999633789062,200.94000244140625,200.94000244140625,11130600
2021-02-03,202.0,208.16000366210938,201.25999450683594,207.38999938964844,207.38999938964844,11836900
2021-02-04,209.8699951171875,212.47999572753906,208.02000427246094,210.63999938964844,210.63999938964844,11869900
2021-02-05,212.25,213.1999969482422,206.66000366210938,207.92999267578125,207.92999267578125,9546100
2021-02-08,209.5500030517578,211.99000549316406,208.3000030517578,211.9499969482422,211.9499969482422,11182100
2021-02-09,210.60000610351562,216.72999572753906,208.89999389648438,215.1199951171875,215.1199951171875,13615700
2021-02-10,215.64999389648438,217.49000549316406,211.1199951171875,211.9199981689453,211.9199981689453,11510700
2021-02-11,212.24000549316406,213.99000549316406,208.57000732421875,210.66000366210938,210.66000366210938,7140200
2021-02-12,210.36000061035156,213.16000366210938,209.6699981689453,210.97999572753906,210.97999572753906,6010800
2021-02-16,213.0800018310547,217.39999389648438,212.3300018310547,217.17999267578125,217.17999267578125,10171100
2021-02-17,215.52000427246094,218.7100067138672,212.67999267578125,215.52000427246094,215.52000427246094,9276000
2021-02-18,213.4499969482422,214.33999633789062,208.0800018310547,208.47999572753906,208.47999572753906,9121300
2021-02-19,209.97000122070312,217.63999938964844,209.14999389648438,217.47000122070312,217.47000122070312,12415300
2021-02-22,211.88999938964844,220.38999938964844,210.8000030517578,212.8800048828125,212.8800048828125,21413700
2021-02-23,214.14999389648438,214.75,206.60000610351562,212.1199951171875,212.1199951171875,15996700
2021-02-24,212.10000610351562,229.61000061035156,211.60000610351562,229.33999633789062,229.33999633789062,30709300
2021-02-25,227.8000030517578,228.5,214.7100067138672,216.4499969482422,216.4499969482422,19283000
2021-02-26,218.50999450683594,220.66000366210938,211.2899932861328,212.00999450683594,212.00999450683594,12838400
2021-03-01,219.60000610351562,226.97999572753906,219.02000427246094,224.38999938964844,224.38999938964844,18735400
2021-03-02,224.7899932861328,227.19000244140625,222.14999389648438,223.13999938964844,223.13999938964844,11114400
2021-03-03,226.36000061035156,235.39999389648438,225.0399932861328,228.55999755859375,228.55999755859375,30426000
2021-03-04,232.72999572753906,237.10000610351562,218.6999969482422,224.7100067138672,224.7100067138672,26645100
2021-03-05,229.00999450683594,229.9199981689453,213.8000030517578,223.22000122070312,223.22000122070312,20026600
2021-03-08,226.6699981689453,229.88999938964844,223.7100067138672,224.02999877929688,224.02999877929688,13836800
2021-03-09,226.80999755859375,234.05999755859375,222.5800018310547,230.61000061035156,230.61000061035156,21001200
2021-03-10,233.80999755859375,246.8000030517578,232.8800048828125,245.33999633789062,245.33999633789062,27753400
2021-03-11,248.77000427246094,256.6499938964844,246.5500030517578,252.0,252.0,30139200
2021-03-12,253.86000061035156,269.7200012207031,253.5,269.19000244140625,269.19000244140625,35264300
2021-03-15,274.1499938964844,278.57000732421875,264.3299865722656,265.6300048828125,265.6300048828125,34816700
2021-03-16,263.2300109863281,264.1700134277344,254.02000427246094,255.2100067138672,255.2100067138672,28785800
2021-03-17,254.6999969482422,263.6099853515625,253.67999267578125,263.5899963378906,263.5899963378906,23785500
2021-03-18,261.32000732421875,267.3699951171875,254.72999572753906,256.05999755859375,256.05999755859375,24595500
2021-03-19,257.75,258.8800048828125,251.30999755859375,255.82000732421875,255.82000732421875,17330800
2021-03-22,255.82000732421875,257.6700134277344,250.16000366210938,251.22999572753906,251.22999572753906,15230000
2021-03-23,249.25999450683594,251.3000030517578,239.42999267578125,241.25,241.25,21358200
2021-03-24,243.75,248.8000030517578,239.05999755859375,239.24000549316406,239.24000549316406,24055100
2021-03-25,234.33999633789062,247.5800018310547,231.6999969482422,247.19000244140625,247.19000244140625,27553600
2021-03-26,249.6199951171875,250.89999389648438,240.3000030517578,244.8699951171875,244.8699951171875,17157100
2021-03-29,251.3000030517578,254.7100067138672,248.02999877929688,250.52000427246094,250.52000427246094,22198800
2021-03-30,251.24000549316406,253.5,248.91000366210938,252.00999450683594,252.00999450683594,12577300
2021-03-31,254.6999969482422,257.8800048828125,253.36000061035156,254.72000122070312,254.72000122070312,14138500
2021-04-01,256.6700134277344,257.8800048828125,251.30999755859375,252.9600067138672,252.9600067138672,10934500
2021-04-05,256.55999755859375,260.4800109863281,256.25,259.3599853515625,259.3599853515625,13750300
2021-04-06,257.2099914550781,259.3500061035156,254.66000366210938,255.1699981689453,255.1699981689453,11180300
2021-04-07,255.30999755859375,255.89999389648438,250.8300018310547,252.5800018310547,252.5800018310547,9925700
2021-04-08,251.6999969482422,254.9499969482422,249.30999755859375,254.9499969482422,254.9499969482422,9899900
2021-04-09,250.50999450683594,252.83999633789062,249.44000244140625,252.36000061035156,252.36000061035156,12255900
2021-04-12,250.57000732421875,251.5500030517578,246.2899932861328,249.52000427246094,249.52000427246094,10383600
2021-04-13,248.3300018310547,254.49000549316406,246.10000610351562,253.27000427246094,253.27000427246094,15901400
2021-04-14,255.32000732421875,258.3699951171875,251.27999877929688,252.42999267578125,252.42999267578125,12661800
2021-04-15,253.55999755859375,254.1199951171875,249.42999267578125,251.11000061035156,251.11000061035156,9479000
2021-04-16,252.0,253.0500030517578,246.22999572753906,248.17999267578125,248.17999267578125,14606000
2021-04-19,247.0,247.0,242.22000122070312,244.14999389648438,244.14999389648438,9249300
2021-04-20,241.02999877929688,241.08999633789062,232.33999633789062,234.05999755859375,234.05999755859375,19483600
2021-04-21,232.22000122070312,236.75999450683594,230.22000122070312,235.9199981689453,235.9199981689453,12847000
2021-04-22,235.9600067138672,239.64999389648438,233.3800048828125,234.3300018310547,234.3300018310547,13854400
2021-04-23,233.88999938964844,238.5800018310547,233.11000061035156,238.3800048828125,238.3800048828125,11533100
2021-04-26,240.24000549316406,244.64999389648438,240.10000610351562,241.44000244140625,241.44000244140625,10599600
2021-04-27,241.8800048828125,243.49000549316406,239.41000366210938,242.47000122070312,242.47000122070312,10583300
2021-04-28,239.0,239.64999389648438,232.85000610351562,235.4600067138672,235.4600067138672,19054100
2021-04-29,237.0,237.67999267578125,231.8000030517578,235.94000244140625,235.94000244140625,12296100
2021-04-30,233.67999267578125,236.77000427246094,232.6999969482422,234.30999755859375,234.30999755859375,10380400
2021-05-03,234.11000061035156,237.10000610351562,233.80999755859375,235.19000244140625,235.19000244140625,9887800
2021-05-04,235.75,236.64999389648438,225.64999389648438,233.6300048828125,233.6300048828125,17807200
2021-05-05,232.4499969482422,233.49000549316406,227.55999755859375,228.17999267578125,228.17999267578125,14913500
2021-05-06,229.3000030517578,231.1699981689453,226.5500030517578,229.80999755859375,229.80999755859375,11857100
2021-05-07,229.8000030517578,235.91000366210938,227.99000549316406,235.47000122070312,235.47000122070312,12823000
2021-05-10,236.83999633789062,241.10000610351562,232.5,232.92999267578125,232.92999267578125,14813900
2021-05-11,226.55999755859375,230.1300048828125,223.85000610351562,228.8800048828125,228.8800048828125,16273200
2021-05-12,227.25,229.74000549316406,220.6300048828125,220.77999877929688,220.77999877929688,14931200
2021-05-13,223.0,229.27000427246094,219.07000732421875,222.63999938964844,222.63999938964844,16503400
2021-05-14,225.99000549316406,228.80999755859375,224.35000610351562,228.47000122070312,228.47000122070312,10162400
2021-05-17,226.24000549316406,228.25999450683594,223.5800018310547,227.97999572753906,227.97999572753906,9559300
2021-05-18,227.25,232.27000427246094,226.42999267578125,227.5500030517578,227.5500030517578,10081100
2021-05-19,223.17999267578125,225.1199951171875,220.27999877929688,224.4199981689453,224.4199981689453,13162700
2021-05-20,225.1300048828125,228.44000244140625,223.77000427246094,227.64999389648438,227.64999389648438,9218900
2021-05-21,232.89999389648438,236.3000030517578,231.38999938964844,234.82000732421875,234.82000732421875,16579000
2021-05-24,235.13999938964844,238.5,232.60000610351562,237.44000244140625,237.44000244140625,10106000
2021-05-25,240.0,243.77999877929688,239.22999572753906,240.74000549316406,240.74000549316406,12908000
2021-05-26,241.6999969482422,242.49000549316406,239.8699951171875,241.3699951171875,241.3699951171875,7240200
2021-05-27,248.11000061035156,252.60000610351562,247.19000244140625,250.6999969482422,250.6999969482422,18404400
2021-05-28,247.47999572753906,248.97999572753906,245.3699951171875,247.02000427246094,247.02000427246094,11197400
2021-06-01,253.0,255.63999938964844,251.52000427246094,254.72999572753906,254.72999572753906,13562800
2021-06-02,255.60000610351562,258.3999938964844,254.6199951171875,255.6199951171875,255.6199951171875,10820400
2021-06-03,252.97999572753906,254.8000030517578,249.69000244140625,250.32000732421875,250.32000732421875,10402000
2021-06-04,251.50999450683594,251.8000030517578,248.49000549316406,249.9199981689453,249.9199981689453,8799000
2021-06-07,251.5,253.1999969482422,248.80999755859375,252.66000366210938,252.66000366210938,10606000
2021-06-08,256.260009765625,256.30999755859375,250.0,252.75999450683594,252.75999450683594,15113900
2021-06-09,251.1999969482422,253.1699981689453,247.91000366210938,248.05999755859375,248.05999755859375,10693200
2021-06-10,251.72000122070312,255.13999938964844,248.10000610351562,248.33999633789062,248.33999633789062,14519200
2021-06-11,250.35000610351562,251.1199951171875,245.77999877929688,247.27999877929688,247.27999877929688,9934200
2021-06-14,246.44000244140625,249.1999969482422,244.39999389648438,245.13999938964844,245.13999938964844,9344400
2021-06-15,245.36000061035156,248.50999450683594,244.94000244140625,246.5399932861328,246.5399932861328,10630900
2021-06-16,245.25,246.05999755859375,241.5500030517578,242.27000427246094,242.27000427246094,10529200
2021-06-17,241.9600067138672,243.5,237.3300018310547,239.22000122070312,239.22000122070312,10774400
2021-06-18,237.7899932861328,239.30999755859375,235.8000030517578,237.35000610351562,237.35000610351562,11965000
2021-06-21,238.66000366210938,245.6199951171875,237.25,245.27999877929688,245.27999877929688,15301800
2021-06-22,244.5,244.6300048828125,241.0800018310547,243.77999877929688,243.77999877929688,10042500
2021-06-23,244.8000030517578,246.8699951171875,243.1699981689453,243.57000732421875,243.57000732421875,9874700
2021-06-24,245.1999969482422,250.74000549316406,243.6999969482422,250.57000732421875,250.57000732421875,13755600
2021-06-25,250.75,252.3000030517578,248.25,248.3800048828125,248.3800048828125,9625800
2021-06-28,244.72999572753906,245.0800018310547,238.8800048828125,239.9600067138672,239.9600067138672,18152000
2021-06-29,243.74000549316406,244.3699951171875,235.66000366210938,235.75999450683594,235.75999450683594,16743900
2021-06-30,236.24000549316406,241.1699981689453,236.0,239.55999755859375,239.55999755859375,12089100
2021-07-01,240.36000061035156,241.8000030517578,238.61000061035156,239.72999572753906,239.72999572753906,9516200
2021-07-02,239.5500030517578,240.11000061035156,233.47000122070312,236.67999267578125,236.67999267578125,15706600
2021-07-06,236.85000610351562,237.1699981689453,233.47000122070312,236.13999938964844,236.13999938964844,11045800
2021-07-07,235.1699981689453,238.00999450683594,230.52000427246094,231.77999877929688,231.77999877929688,11497000
2021-07-08,227.47999572753906,237.47000122070312,226.16000366210938,236.77000427246094,236.77000427246094,17964300
2021-07-09,237.77000427246094,240.3800048828125,236.22000122070312,239.58999633789062,239.58999633789062,12385400
2021-07-12,237.99000549316406,240.77000427246094,236.4600067138672,238.2899932861328,238.2899932861328,9071500
2021-07-13,232.27000427246094,234.49000549316406,228.16000366210938,228.1999969482422,228.1999969482422,21029500
2021-07-14,229.02000427246094,230.52000427246094,224.3000030517578,224.4499969482422,224.4499969482422,12137000
2021-07-15,222.8800048828125,226.6699981689453,220.8000030517578,222.75999450683594,222.75999450683594,12228600
2021-07-16,223.11000061035156,224.0,217.02999877929688,217.74000549316406,217.74000549316406,12413400
2021-07-19,211.17999267578125,211.5500030517578,204.8000030517578,206.99000549316406,206.99000549316406,24123600
2021-07-20,208.10000610351562,217.3699951171875,206.6199951171875,217.14999389648438,217.14999389648438,17027300
2021-07-21,219.5,224.08999633789062,218.89999389648438,222.5399932861328,222.5399932861328,11437600
2021-07-22,221.52000427246094,222.25,218.30999755859375,220.8699951171875,220.8699951171875,9768900
2021-07-23,222.97000122070312,224.6300048828125,220.94000244140625,221.52000427246094,221.52000427246094,9379500
2021-07-26,220.0,226.1199951171875,219.88999938964844,225.85000610351562,225.85000610351562,8933200
2021-07-27,223.1699981689453,225.6999969482422,220.4199981689453,222.27000427246094,222.27000427246094,8784200
2021-07-28,234.0500030517578,237.49000549316406,231.3300018310547,231.57000732421875,231.57000732421875,19330500
2021-07-29,233.69000244140625,234.82000732421875,231.1199951171875,231.6300048828125,231.6300048828125,8667900
2021-07-30,229.38999938964844,231.17999267578125,225.39999389648438,226.47999572753906,226.47999572753906,9940100
2021-08-02,227.19000244140625,230.47000122070312,224.8699951171875,225.33999633789062,225.33999633789062,8889100
2021-08-03,225.89999389648438,229.10000610351562,221.3000030517578,229.08999633789062,229.08999633789062,7326400
2021-08-04,226.4199981689453,232.35000610351562,225.3300018310547,226.6300048828125,226.6300048828125,9756300
2021-08-05,226.67999267578125,231.5399932861328,226.49000549316406,229.94000244140625,229.94000244140625,8362600
2021-08-06,231.5500030517578,233.57000732421875,230.4199981689453,231.3300018310547,231.3300018310547,6061900
2021-08-09,229.0,233.57000732421875,226.88999938964844,232.27000427246094,232.27000427246094,8358600
2021-08-10,231.97000122070312,236.85000610351562,231.6199951171875,235.77999877929688,235.77999877929688,9603500
2021-08-11,236.61000061035156,239.58999633789062,234.5800018310547,239.49000549316406,239.49000549316406,9664000
2021-08-12,240.0,241.14999389648438,236.50999450683594,238.17999267578125,238.17999267578125,6810000
2021-08-13,238.00999450683594,239.69000244140625,234.27999877929688,234.4600067138672,234.4600067138672,6390300
2021-08-16,231.89999389648438,232.02999877929688,227.13999938964844,229.05999755859375,229.05999755859375,7622000
2021-08-17,226.1999969482422,226.24000549316406,219.8000030517578,222.22000122070312,222.22000122070312,13124000
2021-08-18,221.72999572753906,223.64999389648438,218.89999389648438,219.0,219.0,9000900
2021-08-19,216.3000030517578,218.3000030517578,211.72999572753906,212.16000366210938,212.16000366210938,11404400
2021-08-20,212.30999755859375,214.74000549316406,210.94000244140625,212.6699981689453,212.6699981689453,9335700
2021-08-23,215.8300018310547,220.17999267578125,215.3800048828125,219.39999389648438,219.39999389648438,10392100
2021-08-24,220.11000061035156,223.10000610351562,219.8000030517578,221.42999267578125,221.42999267578125,8942600
2021-08-25,221.5,222.3000030517578,219.10000610351562,221.02999877929688,221.02999877929688,6528900
2021-08-26,221.41000366210938,222.89999389648438,215.91000366210938,216.5,216.5,8341400
2021-08-27,217.47000122070312,222.42999267578125,216.86000061035156,221.75,221.75,7684900
2021-08-30,222.35000610351562,222.3699951171875,217.52999877929688,217.66000366210938,217.66000366210938,7587800
2021-08-31,217.3300018310547,221.3300018310547,217.08999633789062,219.5,219.5,6764500
2021-09-01,220.0,221.75999450683594,217.6199951171875,218.1199951171875,218.1199951171875,7157400
2021-09-02,218.9499969482422,223.83999633789062,218.0800018310547,220.8300018310547,220.8300018310547,8899500
2021-09-03,219.4499969482422,221.17999267578125,217.4600067138672,218.1699981689453,218.1699981689453,6393500
2021-09-07,215.91000366210938,216.7100067138672,212.1699981689453,214.24000549316406,214.24000549316406,13196100
2021-09-08,213.60000610351562,216.0800018310547,210.50999450683594,211.3800048828125,211.3800048828125,8877600
2021-09-09,211.14999389648438,216.61000061035156,210.72000122070312,213.94000244140625,213.94000244140625,9242800
2021-09-10,215.16000366210938,215.88999938964844,210.1199951171875,210.3000030517578,210.3000030517578,6959700
2021-09-13,211.35000610351562,215.63999938964844,209.8800048828125,214.47999572753906,214.47999572753906,10175900
2021-09-14,215.83999633789062,216.11000061035156,210.7100067138672,211.57000732421875,211.57000732421875,9947000
2021-09-15,211.7899932861328,214.35000610351562,210.32000732421875,214.22000122070312,214.22000122070312,7916300
2021-09-16,213.9600067138672,216.30999755859375,213.30999755859375,213.36000061035156,213.36000061035156,6370900
2021-09-17,213.1199951171875,215.3699951171875,211.91000366210938,213.36000061035156,213.36000061035156,7932700
2021-09-20,210.80999755859375,212.42999267578125,206.52999877929688,209.5,209.5,10567400
2021-09-21,210.25,211.75999450683594,207.72000122070312,208.50999450683594,208.50999450683594,7139000
2021-09-22,210.0,217.99000549316406,209.64999389648438,216.97999572753906,216.97999572753906,10953000
2021-09-23,217.80999755859375,222.6199951171875,217.14999389648438,221.10000610351562,221.10000610351562,9344600
2021-09-24,219.1300048828125,222.41000366210938,218.66000366210938,221.38999938964844,221.38999938964844,6498200
2021-09-27,224.0,228.60000610351562,223.8800048828125,224.16000366210938,224.16000366210938,9749200
2021-09-28,222.89999389648438,224.5800018310547,216.4199981689453,218.41000366210938,218.41000366210938,9639800
2021-09-29,227.8000030517578,229.94000244140625,224.86000061035156,225.36000061035156,225.36000061035156,16808000
2021-09-30,226.0800018310547,226.14999389648438,219.4600067138672,219.94000244140625,219.94000244140625,10366900
2021-10-01,222.85000610351562,226.72000122070312,220.60000610351562,226.0,226.0,9113600
2021-10-04,225.67999267578125,227.97000122070312,222.0,223.7899932861328,223.7899932861328,6946100
2021-10-05,224.27000427246094,226.4499969482422,222.4199981689453,224.4199981689453,224.4199981689453,5687300
2021-10-06,221.0800018310547,225.07000732421875,219.1999969482422,224.99000549316406,224.99000549316406,7157600
2021-10-07,227.33999633789062,229.0,225.89999389648438,226.47999572753906,226.47999572753906,7748500
2021-10-08,226.75,228.7100067138672,225.39999389648438,226.38999938964844,226.38999938964844,4515000
2021-10-11,226.5,232.10000610351562,225.32000732421875,226.4499969482422,226.4499969482422,7287000
2021-10-12,226.0,228.66000366210938,223.1199951171875,223.57000732421875,223.57000732421875,8486800
2021-10-13,224.0,224.3000030517578,219.36000061035156,221.77999877929688,221.77999877929688,8240200
2021-10-14,221.07000732421875,222.17999267578125,217.0399932861328,217.44000244140625,217.44000244140625,10427300
2021-10-15,218.1699981689453,219.61000061035156,216.27999877929688,217.0399932861328,217.0399932861328,8773400
2021-10-18,216.0,217.27999877929688,214.0500030517578,216.97999572753906,216.97999572753906,6553500
2021-10-19,217.47000122070312,217.66000366210938,215.27999877929688,215.97000122070312,215.97000122070312,5963400
2021-10-20,215.49000549316406,218.66000366210938,214.35000610351562,216.1699981689453,216.1699981689453,8485200
2021-10-21,216.5399932861328,218.11000061035156,213.80999755859375,214.33999633789062,214.33999633789062,8691500
2021-10-22,214.60000610351562,216.72000122070312,212.5800018310547,212.97000122070312,212.97000122070312,7077600
2021-10-25,213.25,213.97999572753906,211.6999969482422,212.8699951171875,212.8699951171875,7239100
2021-10-26,213.19000244140625,214.85000610351562,208.17999267578125,209.80999755859375,209.80999755859375,11014500
2021-10-27,212.85000610351562,212.89999389648438,205.63999938964844,206.61000061035156,206.61000061035156,14761700
2021-10-28,206.0,208.74000549316406,204.60000610351562,207.85000610351562,207.85000610351562,8825500
2021-10-29,206.83999633789062,208.24000549316406,205.2899932861328,207.02999877929688,207.02999877929688,8559500
2021-11-01,207.0,214.69000244140625,206.80999755859375,214.5800018310547,214.5800018310547,9284900
2021-11-02,213.8300018310547,215.72000122070312,210.6999969482422,212.77000427246094,212.77000427246094,6160200
2021-11-03,211.47000122070312,213.75999450683594,210.8699951171875,213.3800048828125,213.3800048828125,4636100
2021-11-04,213.8000030517578,214.82000732421875,211.8699951171875,213.02999877929688,213.02999877929688,5849600
2021-11-05,217.6999969482422,224.5800018310547,217.6999969482422,224.4600067138672,224.4600067138672,16936300
2021-11-08,225.24000549316406,226.99000549316406,222.11000061035156,222.67999267578125,222.67999267578125,9456100
2021-11-09,222.49000549316406,222.85000610351562,217.5399932861328,220.7899932861328,220.7899932861328,6863700
2021-11-10,219.36000061035156,225.67999267578125,217.27000427246094,218.5,218.5,8197600
2021-11-11,220.5,222.64999389648438,218.89999389648438,219.3800048828125,219.3800048828125,6567300
2021-11-12,219.72000122070312,223.75,218.89999389648438,220.9600067138672,220.9600067138672,6419900
2021-11-15,227.3699951171875,233.94000244140625,226.9199981689453,233.08999633789062,233.08999633789062,21921900
2021-11-16,232.94000244140625,232.9499969482422,225.50999450683594,225.8000030517578,225.8000030517578,10120200
2021-11-17,229.5399932861328,231.32000732421875,224.1999969482422,226.6199951171875,226.6199951171875,10750900
2021-11-18,230.3000030517578,231.5,224.9499969482422,227.25,227.25,10983700
2021-11-19,225.07000732421875,225.3300018310547,213.22999572753906,214.1300048828125,214.1300048828125,20844100
2021-11-22,215.0,215.02000427246094,208.9499969482422,209.89999389648438,209.89999389648438,10764300
2021-11-23,211.5,212.99000549316406,207.77000427246094,209.1300048828125,209.1300048828125,8882800
2021-11-24,207.52000427246094,211.22000122070312,206.8699951171875,210.60000610351562,210.60000610351562,5437600
2021-11-26,197.57000732421875,199.4199981689453,194.0,199.2100067138672,199.2100067138672,17636600
2021-11-29,201.8699951171875,204.27999877929688,195.3300018310547,198.5,198.5,12276200
2021-11-30,196.02000427246094,198.82000732421875,193.85000610351562,197.85000610351562,197.85000610351562,12638900
2021-12-01,200.80999755859375,201.6199951171875,188.0,188.19000244140625,188.19000244140625,13268700
2021-12-02,196.8000030517578,202.5399932861328,192.41000366210938,202.3800048828125,202.3800048828125,20435400
2021-12-03,198.6999969482422,199.89999389648438,195.4199981689453,198.49000549316406,198.49000549316406,10742700
2021-12-06,199.77000427246094,206.4199981689453,199.1999969482422,205.8800048828125,205.8800048828125,11587900
2021-12-07,207.05999755859375,211.64999389648438,206.3800048828125,208.8300018310547,208.8300018310547,10387900
2021-12-08,209.17999267578125,212.67999267578125,207.7100067138672,211.02999877929688,211.02999877929688,6986800
2021-12-09,207.52999877929688,208.5500030517578,205.1999969482422,207.55999755859375,207.55999755859375,7011000
2021-12-10,208.80999755859375,209.0,203.47999572753906,205.05999755859375,205.05999755859375,6040000
2021-12-13,202.5,202.80999755859375,195.5500030517578,197.39999389648438,197.39999389648438,10619600
2021-12-14,195.60000610351562,200.5,195.17999267578125,195.5,195.5,8445100
2021-12-15,195.27999877929688,196.5800018310547,190.32000732421875,195.42999267578125,195.42999267578125,10535900
2021-12-16,197.0,198.32000732421875,190.44000244140625,190.7899932861328,190.7899932861328,8216800
2021-12-17,190.27000427246094,194.77000427246094,187.8800048828125,192.6300048828125,192.6300048828125,12618300
2021-12-20,188.11000061035156,190.36000061035156,185.25999450683594,188.47999572753906,188.47999572753906,10256400
2021-12-21,190.27999877929688,199.69000244140625,190.0399932861328,199.52000427246094,199.52000427246094,12082300
2021-12-22,199.4600067138672,202.92999267578125,197.94000244140625,201.69000244140625,201.69000244140625,8145300
2021-12-23,202.1300048828125,205.1300048828125,201.32000732421875,204.22000122070312,204.22000122070312,7415200
2021-12-27,201.99000549316406,203.42999267578125,199.10000610351562,203.1699981689453,203.1699981689453,7818900
2021-12-28,202.22999572753906,208.94000244140625,201.64999389648438,206.1300048828125,206.1300048828125,8879700
2021-12-29,205.36000061035156,205.41000366210938,202.60000610351562,203.66000366210938,203.66000366210938,6119000
2021-12-30,203.0,206.0,202.60000610351562,202.7100067138672,202.7100067138672,7012600
2021-12-31,202.1999969482422,203.69000244140625,200.02999877929688,201.32000732421875,201.32000732421875,8053000
2022-01-03,204.0,210.5500030517578,203.33999633789062,207.86000061035156,207.86000061035156,9060200
2022-01-04,211.3000030517578,214.55999755859375,209.77999877929688,213.6300048828125,213.6300048828125,11414600
2022-01-05,216.63999938964844,218.92999267578125,211.80999755859375,213.07000732421875,213.07000732421875,11564700
2022-01-06,214.63999938964844,216.0,207.86000061035156,211.33999633789062,211.33999633789062,7142200
2022-01-07,212.97999572753906,218.32000732421875,212.3800048828125,215.5,215.5,9526400
2022-01-10,214.25999450683594,215.27999877929688,207.1300048828125,209.30999755859375,209.30999755859375,8229000
2022-01-11,209.0,217.02999877929688,208.41000366210938,216.02000427246094,216.02000427246094,8098400
2022-01-12,217.08999633789062,221.24000549316406,216.3000030517578,217.4499969482422,217.4499969482422,9134500
2022-01-13,222.25,226.88999938964844,220.0500030517578,223.89999389648438,223.89999389648438,17628000
2022-01-14,222.16000366210938,226.1999969482422,220.25,225.9600067138672,225.9600067138672,8053500
2022-01-18,224.5,229.6699981689453,224.25999450683594,225.00999450683594,225.00999450683594,8930700
2022-01-19,225.10000610351562,225.4199981689453,216.94000244140625,217.0800018310547,217.0800018310547,9382800
2022-01-20,217.3800048828125,221.9499969482422,213.4199981689453,214.19000244140625,214.19000244140625,7636800
2022-01-21,213.7899932861328,213.7899932861328,204.57000732421875,205.44000244140625,205.44000244140625,11548500
2022-01-24,199.85000610351562,204.8000030517578,192.50999450683594,204.1999969482422,204.1999969482422,13796500
2022-01-25,200.10000610351562,205.6300048828125,197.5500030517578,204.10000610351562,204.10000610351562,8824500
2022-01-26,206.2100067138672,206.2100067138672,191.9199981689453,194.27000427246094,194.27000427246094,19974400
2022-01-27,196.3800048828125,199.7100067138672,188.63999938964844,189.75,189.75,12670100
2022-01-28,188.77999877929688,190.72000122070312,183.77000427246094,190.57000732421875,190.57000732421875,10966700
2022-01-31,190.72999572753906,200.33999633789062,190.0,200.24000549316406,200.24000549316406,15504600
2022-02-01,202.47999572753906,208.88999938964844,200.5,208.33999633789062,208.33999633789062,12265100
2022-02-02,205.42999267578125,208.38999938964844,203.2100067138672,207.52000427246094,207.52000427246094,7843700
2022-02-03,206.05999755859375,209.10000610351562,204.25999450683594,206.38999938964844,206.38999938964844,7054700
2022-02-04,205.0,208.25,203.10000610351562,206.4499969482422,206.4499969482422,5952600
2022-02-07,205.7899932861328,214.3699951171875,205.4199981689453,211.9199981689453,211.9199981689453,11816900
2022-02-08,212.67999267578125,213.8699951171875,209.69000244140625,213.27000427246094,213.27000427246094,7356200
2022-02-09,214.91000366210938,217.0399932861328,213.3000030517578,215.86000061035156,215.86000061035156,7587700
2022-02-10,213.7100067138672,223.22999572753906,213.6999969482422,218.75,218.75,11695900
2022-02-11,217.8699951171875,221.4199981689453,210.27000427246094,212.3000030517578,212.3000030517578,11443700
2022-02-14,213.0,215.6300048828125,208.75999450683594,210.0399932861328,210.0399932861328,6481400
2022-02-15,214.83999633789062,219.5399932861328,213.69000244140625,217.72999572753906,217.72999572753906,10448500
2022-02-16,216.10000610351562,219.67999267578125,215.27999877929688,218.92999267578125,218.92999267578125,5698900
2022-02-17,218.47000122070312,218.5800018310547,212.6699981689453,213.5800018310547,213.5800018310547,6176600
2022-02-18,212.55999755859375,214.72999572753906,208.60000610351562,209.02999877929688,209.02999877929688,6973600
2022-02-22,205.0,206.89999389648438,197.82000732421875,198.74000549316406,198.74000549316406,10382100
2022-02-23,201.1300048828125,203.25,195.91000366210938,196.4199981689453,196.4199981689453,7326300
2022-02-24,189.2899932861328,198.86000061035156,186.8800048828125,198.42999267578125,198.42999267578125,12207600
2022-02-25,201.08999633789062,204.07000732421875,199.10000610351562,201.47999572753906,201.47999572753906,8730300
2022-02-28,198.5800018310547,207.30999755859375,196.75,205.33999633789062,205.33999633789062,9859300
2022-03-01,203.11000061035156,203.5,192.92999267578125,194.91000366210938,194.91000366210938,11799500
2022-03-02,196.27000427246094,199.85000610351562,194.63999938964844,197.80999755859375,197.80999755859375,7463400
2022-03-03,197.94000244140625,198.5,188.7100067138672,188.85000610351562,188.85000610351562,12424500
2022-03-04,187.3699951171875,188.32000732421875,178.97000122070312,180.83999633789062,180.83999633789062,13084000
2022-03-07,181.02999877929688,182.72000122070312,169.05999755859375,169.1699981689453,169.1699981689453,12847500
2022-03-08,169.72999572753906,180.82000732421875,167.5800018310547,173.8000030517578,173.8000030517578,13715500
2022-03-09,179.8000030517578,182.8699951171875,177.41000366210938,178.55999755859375,178.55999755859375,10062100
2022-03-10,175.75999450683594,182.02000427246094,175.38999938964844,178.38999938964844,178.38999938964844,8364100
2022-03-11,183.58999633789062,184.86000061035156,175.9499969482422,176.22999572753906,176.22999572753906,9373600
2022-03-14,175.8800048828125,178.22999572753906,172.57000732421875,175.52000427246094,175.52000427246094,8138900
2022-03-15,176.3000030517578,180.5,175.60000610351562,179.88999938964844,179.88999938964844,8051500
2022-03-16,183.38999938964844,189.60000610351562,182.3000030517578,188.99000549316406,188.99000549316406,12077500
2022-03-17,186.36000061035156,190.24000549316406,185.27000427246094,190.19000244140625,190.19000244140625,8126600
2022-03-18,192.07000732421875,193.3800048828125,190.10000610351562,192.8300018310547,192.8300018310547,12849600
2022-03-21,184.39999389648438,187.27000427246094,180.61000061035156,185.89999389648438,185.89999389648438,27369600
2022-03-22,185.24000549316406,192.86000061035156,184.52000427246094,191.0399932861328,191.0399932861328,14378500
2022-03-23,189.6699981689453,190.16000366210938,185.02999877929688,186.0399932861328,186.0399932861328,8297800
2022-03-24,186.35000610351562,189.19000244140625,184.72000122070312,189.0500030517578,189.0500030517578,7094400
2022-03-25,187.75999450683594,191.6999969482422,186.92999267578125,188.9499969482422,188.9499969482422,6365600
2022-03-28,188.42999267578125,189.25999450683594,184.47000122070312,188.16000366210938,188.16000366210938,6904100
2022-03-29,191.6199951171875,196.36000061035156,191.1999969482422,193.8000030517578,193.8000030517578,8438700
2022-03-30,192.32000732421875,197.4499969482422,191.36000061035156,194.91000366210938,194.91000366210938,9959300
2022-03-31,195.0,197.5800018310547,191.4499969482422,191.5,191.5,6447900
2022-04-01,192.5800018310547,192.6199951171875,188.77999877929688,190.75999450683594,190.75999450683594,4862100
2022-04-04,190.02000427246094,191.83999633789062,186.91000366210938,191.17999267578125,191.17999267578125,7792100
2022-04-05,189.6999969482422,192.35000610351562,182.52000427246094,182.64999389648438,182.64999389648438,9371600
2022-04-06,180.39999389648438,180.57000732421875,176.5800018310547,178.72000122070312,178.72000122070312,8173900
2022-04-07,178.1300048828125,178.66000366210938,173.8699951171875,177.97000122070312,177.97000122070312,7517800
2022-04-08,176.5399932861328,178.1300048828125,174.24000549316406,175.1999969482422,175.1999969482422,6524100
2022-04-11,173.83999633789062,179.6699981689453,173.39999389648438,175.02999877929688,175.02999877929688,6001100
2022-04-12,175.5,178.5,174.52999877929688,176.27999877929688,176.27999877929688,6125100
2022-04-13,176.9600067138672,183.4600067138672,176.9600067138672,182.8699951171875,182.8699951171875,7399900
2022-04-14,182.75,185.5399932861328,181.63999938964844,181.94000244140625,181.94000244140625,5144600
2022-04-18,181.4499969482422,182.4600067138672,178.5500030517578,179.85000610351562,179.85000610351562,5042600
2022-04-19,180.36000061035156,187.61000061035156,180.27999877929688,185.97999572753906,185.97999572753906,7485600
2022-04-20,187.24000549316406,187.33999633789062,182.86000061035156,183.5500030517578,183.5500030517578,6824300
2022-04-21,188.72999572753906,189.85000610351562,180.5500030517578,181.02000427246094,181.02000427246094,7446100
2022-04-22,180.77999877929688,182.6699981689453,176.5,176.9199981689453,176.9199981689453,6372400
2022-04-25,174.50999450683594,176.0800018310547,172.4499969482422,175.91000366210938,175.91000366210938,6293100
2022-04-26,174.75999450683594,174.8699951171875,166.85000610351562,167.0399932861328,167.0399932861328,9277300
2022-04-27,161.25,161.25,146.0,154.4600067138672,154.4600067138672,40371700
2022-04-28,156.61000061035156,156.7899932861328,149.0,154.22000122070312,154.22000122070312,13518800
2022-04-29,153.44000244140625,157.02999877929688,148.52000427246094,148.83999633789062,148.83999633789062,10880300
2022-05-02,148.02000427246094,149.4499969482422,143.3800048828125,148.61000061035156,148.61000061035156,12399200
2022-05-03,149.08999633789062,154.4499969482422,147.91000366210938,153.5800018310547,153.5800018310547,10149500
2022-05-04,152.91000366210938,157.13999938964844,150.77000427246094,156.97000122070312,156.97000122070312,9550600
2022-05-05,155.69000244140625,157.99000549316406,149.0500030517578,150.47000122070312,150.47000122070312,7950800
2022-05-06,149.9600067138672,150.89999389648438,145.85000610351562,148.89999389648438,148.89999389648438,7697900
2022-05-09,146.0,146.9499969482422,132.64999389648438,133.30999755859375,133.30999755859375,12593800
2022-05-10,136.75999450683594,137.83999633789062,130.3300018310547,132.9499969482422,132.9499969482422,11781400
2022-05-11,132.9499969482422,138.9600067138672,129.11000061035156,129.38999938964844,129.38999938964844,11388400
2022-05-12,126.88999938964844,128.52999877929688,120.27999877929688,123.13999938964844,123.13999938964844,15891300
2022-05-13,124.9800033569336,130.8000030517578,122.37999725341797,127.19999694824219,127.19999694824219,20891500
2022-05-16,127.05000305175781,131.1199951171875,122.3499984741211,124.05000305175781,124.05000305175781,10631600
2022-05-17,126.91000366210938,132.8300018310547,125.79000091552734,132.0500030517578,132.0500030517578,12154200
2022-05-18,130.33999633789062,132.10000610351562,124.36000061035156,125.5199966430664,125.5199966430664,9567600
2022-05-19,124.4000015258789,128.39999389648438,123.69999694824219,127.13999938964844,127.13999938964844,8075800
2022-05-20,128.77000427246094,128.85000610351562,117.08000183105469,120.69999694824219,120.69999694824219,18822200
2022-05-23,121.69999694824219,124.4800033569336,120.33999633789062,124.06999969482422,124.06999969482422,9341500
2022-05-24,122.44000244140625,122.69999694824219,117.29000091552734,119.4000015258789,119.4000015258789,9092400
2022-05-25,119.16999816894531,122.5999984741211,118.76000213623047,122.05999755859375,122.05999755859375,7707900
2022-05-26,123.0999984741211,128.83999633789062,122.73999786376953,127.7300033569336,127.7300033569336,8333900
2022-05-27,128.77000427246094,132.22999572753906,128.32000732421875,132.22999572753906,132.22999572753906,7261500
2022-05-31,131.02999877929688,132.99000549316406,128.86000061035156,131.39999389648438,131.39999389648438,7953700
2022-06-01,133.0,134.3300018310547,127.01000213623047,130.64999389648438,130.64999389648438,9991600
2022-06-02,132.13999938964844,140.5500030517578,131.8699951171875,140.5,140.5,12777000
2022-06-03,138.52000427246094,140.6999969482422,137.58999633789062,139.25,139.25,10091800
2022-06-06,139.99000549316406,141.13999938964844,136.8300018310547,139.24000549316406,139.24000549316406,6354800
2022-06-07,137.49000549316406,141.24000549316406,135.91000366210938,140.82000732421875,140.82000732421875,5436100
2022-06-08,139.1300048828125,142.2100067138672,138.44000244140625,139.6300048828125,139.6300048828125,5833700
2022-06-09,139.35000610351562,139.66000366210938,133.6999969482422,133.72999572753906,133.72999572753906,6010100
2022-06-10,130.27000427246094,132.19000244140625,126.8499984741211,127.0,127.0,7770700
2022-06-13,123.0,123.25,114.13999938964844,115.86000061035156,115.86000061035156,16778500
2022-06-14,116.6500015258789,122.19000244140625,113.0199966430664,122.16000366210938,122.16000366210938,17549800
2022-06-15,124.3499984741211,134.99000549316406,123.83000183105469,133.72000122070312,133.72000122070312,25997800
2022-06-16,131.6999969482422,135.33999633789062,131.25999450683594,133.36000061035156,133.36000061035156,19543600
2022-06-17,132.25,138.97999572753906,131.5,136.8000030517578,136.8000030517578,16042500
2022-06-21,139.1699981689453,140.94000244140625,135.83999633789062,136.75,136.75,10519900
2022-06-22,134.02999877929688,138.7899932861328,133.27999877929688,137.16000366210938,137.16000366210938,7713300
2022-06-23,136.4199981689453,137.4199981689453,130.08999633789062,133.97000122070312,133.97000122070312,10746900
2022-06-24,135.00999450683594,141.8699951171875,134.9499969482422,141.52999877929688,141.52999877929688,13626200
2022-06-27,140.27999877929688,140.57000732421875,136.22000122070312,138.72000122070312,138.72000122070312,8457400
2022-06-28,140.88999938964844,147.17999267578125,138.5399932861328,138.6999969482422,138.6999969482422,12125400
2022-06-29,138.61000061035156,138.9199981689453,134.83999633789062,138.4499969482422,138.4499969482422,7489200
2022-06-30,134.3000030517578,137.49000549316406,131.60000610351562,136.72000122070312,136.72000122070312,8455100
2022-07-01,135.8800048828125,141.7899932861328,135.39999389648438,139.83999633789062,139.83999633789062,7627100
2022-07-05,136.25,138.07000732421875,131.2899932861328,137.6999969482422,137.6999969482422,10065900
2022-07-06,137.5399932861328,138.7100067138672,134.4600067138672,136.30999755859375,136.30999755859375,6608000
2022-07-07,137.92999267578125,142.27999877929688,137.89999389648438,139.97000122070312,139.97000122070312,7674400
2022-07-08,139.6999969482422,140.74000549316406,137.3699951171875,139.07000732421875,139.07000732421875,5655500
2022-07-11,137.77000427246094,139.24000549316406,134.88999938964844,136.99000549316406,136.99000549316406,6176500
2022-07-12,136.86000061035156,149.32000732421875,136.80999755859375,147.14999389648438,147.14999389648438,18598200
2022-07-13,142.7899932861328,146.41000366210938,142.17999267578125,143.9499969482422,143.9499969482422,9038700
2022-07-14,141.11000061035156,147.49000549316406,140.61000061035156,147.14999389648438,147.14999389648438,9456100
2022-07-15,149.1699981689453,149.74000549316406,144.64999389648438,147.74000549316406,147.74000549316406,7910400
2022-07-18,153.30999755859375,155.94000244140625,147.1999969482422,147.72000122070312,147.72000122070312,13948500
2022-07-19,149.61000061035156,156.27999877929688,148.97000122070312,156.1300048828125,156.1300048828125,14183000
2022-07-20,156.0,159.39999389648438,154.25999450683594,158.3800048828125,158.3800048828125,8668600
2022-07-21,158.88999938964844,161.66000366210938,156.19000244140625,161.41000366210938,161.41000366210938,8044100
2022-07-22,161.8000030517578,163.33999633789062,157.77000427246094,158.16000366210938,158.16000366210938,7594900
2022-07-25,156.94000244140625,157.30999755859375,152.83999633789062,156.63999938964844,156.63999938964844,5764700
2022-07-26,155.24000549316406,158.17999267578125,154.5,155.9199981689453,155.9199981689453,6053100
2022-07-27,161.1199951171875,162.74000549316406,152.8000030517578,156.08999633789062,156.08999633789062,16356600
2022-07-28,154.02000427246094,160.10000610351562,153.02999877929688,159.08999633789062,159.08999633789062,8729100
2022-07-29,157.9499969482422,159.83999633789062,155.5399932861328,159.30999755859375,159.30999755859375,5743500
2022-08-01,165.9499969482422,171.75999450683594,164.25,169.07000732421875,169.07000732421875,18321600
2022-08-02,167.0,167.3300018310547,163.13999938964844,163.27999877929688,163.27999877929688,10874300
2022-08-03,164.50999450683594,167.52000427246094,162.3300018310547,166.63999938964844,166.63999938964844,6709100
2022-08-04,165.77000427246094,168.1199951171875,164.41000366210938,166.5,166.5,5039600
2022-08-05,164.39999389648438,167.07000732421875,163.92999267578125,165.0399932861328,165.0399932861328,4709100
2022-08-08,166.41000366210938,171.08999633789062,164.7100067138672,165.88999938964844,165.88999938964844,11293200
2022-08-09,166.50999450683594,166.50999450683594,163.4499969482422,164.85000610351562,164.85000610351562,6064800
2022-08-10,168.35000610351562,171.13999938964844,167.25,169.02000427246094,169.02000427246094,7181700
2022-08-11,170.5,171.75999450683594,167.0500030517578,167.8800048828125,167.8800048828125,4996800
2022-08-12,168.38999938964844,170.11000061035156,167.57000732421875,169.99000549316406,169.99000549316406,4345200
2022-08-15,169.2899932861328,172.5500030517578,168.32000732421875,170.47000122070312,170.47000122070312,4734700
2022-08-16,170.0,173.85000610351562,169.14999389648438,172.0800018310547,172.0800018310547,5259600
2022-08-17,169.61000061035156,169.85000610351562,166.08999633789062,167.1999969482422,167.1999969482422,6533500
2022-08-18,167.1999969482422,169.17999267578125,165.77000427246094,168.69000244140625,168.69000244140625,4404600
2022-08-19,166.3300018310547,166.83999633789062,162.5800018310547,162.9199981689453,162.9199981689453,5736100
2022-08-22,159.39999389648438,160.27000427246094,157.91000366210938,158.97999572753906,158.97999572753906,5312300
2022-08-23,159.13999938964844,161.69000244140625,159.0800018310547,160.07000732421875,160.07000732421875,3425200
2022-08-24,162.27000427246094,164.13999938964844,161.3800048828125,163.60000610351562,163.60000610351562,4211300
2022-08-25,164.55999755859375,169.64999389648438,163.6999969482422,169.3800048828125,169.3800048828125,4949400
2022-08-26,170.0,171.3699951171875,164.27000427246094,164.52999877929688,164.52999877929688,4957400
2022-08-29,162.27999877929688,166.89999389648438,162.1999969482422,165.4199981689453,165.4199981689453,4727600
2022-08-30,167.27000427246094,169.9199981689453,160.72000122070312,162.2100067138672,162.2100067138672,6248600
2022-08-31,163.0,163.5500030517578,160.13999938964844,160.25,160.25,4123500
2022-09-01,158.0,158.89999389648438,150.82000732421875,153.66000366210938,153.66000366210938,7652000
2022-09-02,155.19000244140625,156.99000549316406,151.47999572753906,151.82000732421875,151.82000732421875,5262800
2022-09-06,152.38999938964844,154.47999572753906,150.4600067138672,152.38999938964844,152.38999938964844,5210500
2022-09-07,151.25999450683594,156.35000610351562,150.8699951171875,155.9499969482422,155.9499969482422,5298600
2022-09-08,155.0,158.3000030517578,153.83999633789062,157.7899932861328,157.7899932861328,4949100
2022-09-09,158.0,159.75,156.9499969482422,157.52000427246094,157.52000427246094,5775800
2022-09-12,158.4600067138672,160.97000122070312,157.4499969482422,158.72000122070312,158.72000122070312,5363100
2022-09-13,153.60000610351562,155.19000244140625,147.1300048828125,147.30999755859375,147.30999755859375,8724900
2022-09-14,146.89999389648438,149.6999969482422,144.3000030517578,149.25999450683594,149.25999450683594,8478000
2022-09-15,147.8800048828125,153.4499969482422,147.27999877929688,149.77999877929688,149.77999877929688,9792800
2022-09-16,145.22999572753906,145.6300048828125,141.35000610351562,144.2899932861328,144.2899932861328,10310700
2022-09-19,142.6199951171875,146.99000549316406,142.35000610351562,144.8800048828125,144.8800048828125,5150700
2022-09-20,145.25999450683594,147.6699981689453,143.89999389648438,145.94000244140625,145.94000244140625,6737600
2022-09-21,146.77000427246094,149.8699951171875,143.2100067138672,143.2899932861328,143.2899932861328,6244300
2022-09-22,143.1300048828125,143.6999969482422,138.2899932861328,138.7100067138672,138.7100067138672,6311800
2022-09-23,135.64999389648438,136.19000244140625,129.5,131.25999450683594,131.25999450683594,8927900
2022-09-26,129.77000427246094,132.4499969482422,126.87999725341797,127.33999633789062,127.33999633789062,7095100
2022-09-27,129.32000732421875,130.4499969482422,125.5999984741211,127.51000213623047,127.51000213623047,6682300
2022-09-28,128.0399932861328,133.88999938964844,127.4000015258789,133.44000244140625,133.44000244140625,10257200
2022-09-29,131.1999969482422,131.61000061035156,123.80000305175781,125.33000183105469,125.33000183105469,8905400
2022-09-30,123.13999938964844,125.4800033569336,120.98999786376953,121.08000183105469,121.08000183105469,8383000
2022-10-03,122.0,127.1500015258789,121.0199966430664,126.05000305175781,126.05000305175781,7962400
2022-10-04,129.39999389648438,133.57000732421875,129.3300018310547,133.50999450683594,133.50999450683594,7235700
2022-10-05,130.27999877929688,133.5500030517578,128.25999450683594,132.11000061035156,132.11000061035156,6268300
2022-10-06,131.1300048828125,133.30999755859375,129.74000549316406,132.1999969482422,132.1999969482422,4454700
2022-10-07,130.36000061035156,130.61000061035156,128.02000427246094,129.7899932861328,129.7899932861328,5097400
2022-10-10,131.4199981689453,135.74000549316406,130.1999969482422,131.89999389648438,131.89999389648438,6829900
2022-10-11,132.9600067138672,135.36000061035156,129.50999450683594,131.57000732421875,131.57000732421875,8508400
2022-10-12,128.42999267578125,131.33999633789062,127.86000061035156,130.4199981689453,130.4199981689453,6393000
2022-10-13,126.5,134.6999969482422,124.16999816894531,132.39999389648438,132.39999389648438,7842300
2022-10-14,135.58999633789062,136.41000366210938,131.3699951171875,133.14999389648438,133.14999389648438,6093900
2022-10-17,136.97999572753906,137.27999877929688,133.25999450683594,136.08999633789062,136.08999633789062,9073500
2022-10-18,139.0,139.4199981689453,135.22000122070312,137.33999633789062,137.33999633789062,6146300
2022-10-19,137.1699981689453,141.1999969482422,136.6300048828125,138.38999938964844,138.38999938964844,6321900
2022-10-20,138.36000061035156,141.8800048828125,138.36000061035156,139.1300048828125,139.1300048828125,4331700
2022-10-21,138.47999572753906,141.3300018310547,136.6199951171875,141.32000732421875,141.32000732421875,5451300
2022-10-24,142.85000610351562,142.8800048828125,139.27999877929688,142.0500030517578,142.0500030517578,5177800
2022-10-25,142.08999633789062,146.8800048828125,141.8800048828125,146.64999389648438,146.64999389648438,6515600
2022-10-26,147.0500030517578,150.13999938964844,132.2100067138672,133.7899932861328,133.7899932861328,29406500
2022-10-27,137.10000610351562,143.10000610351562,136.6199951171875,139.75999450683594,139.75999450683594,13754900
2022-10-28,141.16000366210938,144.72999572753906,139.92999267578125,143.83999633789062,143.83999633789062,7941100
2022-10-31,141.8800048828125,144.4499969482422,139.52000427246094,142.50999450683594,142.50999450683594,6212200
2022-11-01,143.99000549316406,145.25,141.83999633789062,143.3800048828125,143.3800048828125,5758600
2022-11-02,142.1199951171875,153.58999633789062,141.5399932861328,147.41000366210938,147.41000366210938,20236100
2022-11-03,148.7899932861328,158.69000244140625,147.5,156.75,156.75,16212600
2022-11-04,156.66000366210938,160.97999572753906,154.5,160.00999450683594,160.00999450683594,9396200
2022-11-07,161.39999389648438,166.6999969482422,160.6300048828125,164.91000366210938,164.91000366210938,10220300
2022-11-08,166.0,170.5500030517578,164.91000366210938,169.6199951171875,169.6199951171875,11274500
2022-11-09,169.2899932861328,171.6199951171875,166.86000061035156,168.74000549316406,168.74000549316406,8893800
2022-11-10,172.13999938964844,179.32000732421875,171.75,177.5800018310547,177.5800018310547,12375000
2022-11-11,176.39999389648438,178.02999877929688,172.99000549316406,177.49000549316406,177.49000549316406,8894300
2022-11-14,176.5,178.19000244140625,173.5,173.5500030517578,173.5500030517578,5598300
2022-11-15,175.49000549316406,176.69000244140625,172.75,175.35000610351562,175.35000610351562,7207900
2022-11-16,174.11000061035156,174.7899932861328,171.85000610351562,172.69000244140625,172.69000244140625,4438600
2022-11-17,169.3000030517578,173.14999389648438,168.52000427246094,172.77999877929688,172.77999877929688,4878600
2022-11-18,173.97999572753906,175.19000244140625,171.52999877929688,173.88999938964844,173.88999938964844,4693200
2022-11-21,172.52999877929688,174.72000122070312,171.1199951171875,172.94000244140625,172.94000244140625,3501800
2022-11-22,173.64999389648438,174.99000549316406,171.0,172.5,172.5,4370600
2022-11-23,172.08999633789062,175.0,171.77000427246094,174.85000610351562,174.85000610351562,3523500
2022-11-25,174.35000610351562,178.4600067138672,174.02999877929688,178.36000061035156,178.36000061035156,3476900
2022-11-28,176.1699981689453,177.13999938964844,171.6999969482422,171.8300018310547,171.8300018310547,5355500
2022-11-29,172.8800048828125,175.9499969482422,172.55999755859375,175.32000732421875,175.32000732421875,5077800
2022-11-30,178.0,179.97999572753906,174.1999969482422,178.8800048828125,178.8800048828125,6778700
2022-12-01,178.8800048828125,179.6999969482422,174.69000244140625,175.77999877929688,175.77999877929688,4517500
2022-12-02,173.1199951171875,183.4499969482422,172.85000610351562,182.8699951171875,182.8699951171875,10563800
2022-12-05,182.0,188.4499969482422,180.8000030517578,185.10000610351562,185.10000610351562,10456300
2022-12-06,184.00999450683594,184.7899932861328,177.00999450683594,178.42999267578125,178.42999267578125,8236900
2022-12-07,176.27999877929688,178.42999267578125,174.6199951171875,176.5,176.5,5871200
2022-12-08,179.32000732421875,184.8800048828125,178.61000061035156,179.0800018310547,179.0800018310547,6707700
2022-12-09,180.75,183.88999938964844,179.25,179.5399932861328,179.5399932861328,6359000
2022-12-12,180.8000030517578,186.69000244140625,180.5,186.27000427246094,186.27000427246094,8098400
2022-12-13,191.11000061035156,191.11000061035156,184.85000610351562,187.1300048828125,187.1300048828125,10975300
2022-12-14,187.3300018310547,189.6699981689453,185.41000366210938,188.25,188.25,5814900
2022-12-15,186.25,187.97999572753906,181.27999877929688,183.72000122070312,183.72000122070312,5343200
2022-12-16,182.7899932861328,186.61000061035156,181.3000030517578,184.6999969482422,184.6999969482422,7906800
2022-12-19,184.9199981689453,188.0399932861328,184.7100067138672,185.67999267578125,185.67999267578125,6605400
2022-12-20,186.17999267578125,189.91000366210938,185.74000549316406,188.2899932861328,188.2899932861328,6156800
2022-12-21,190.0399932861328,196.39999389648438,189.72000122070312,196.0,196.0,9175400
2022-12-22,193.82000732421875,194.1699981689453,185.6699981689453,188.25,188.25,6924800
2022-12-23,188.25,189.42999267578125,184.72000122070312,189.05999755859375,189.05999755859375,3983600
2022-12-27,189.5800018310547,192.44000244140625,187.6199951171875,189.39999389648438,189.39999389648438,5014800
2022-12-28,189.32000732421875,191.32000732421875,187.42999267578125,188.3800048828125,188.3800048828125,4426300
2022-12-29,189.0,190.25,186.19000244140625,188.91000366210938,188.91000366210938,4518900
2022-12-30,187.5,190.64999389648438,187.0399932861328,190.49000549316406,190.49000549316406,4007400
2023-01-03,192.9499969482422,197.17999267578125,192.39999389648438,195.38999938964844,195.38999938964844,8624600
2023-01-04,195.17999267578125,203.75999450683594,195.17999267578125,203.63999938964844,203.63999938964844,9746900
2023-01-05,201.72000122070312,204.99000549316406,200.77999877929688,204.99000549316406,204.99000549316406,6913300
2023-01-06,205.3000030517578,213.0399932861328,203.5500030517578,213.0,213.0,11256400
2023-01-09,212.36000061035156,213.8800048828125,207.91000366210938,208.57000732421875,208.57000732421875,9005600
2023-01-10,203.89999389648438,209.60000610351562,203.4600067138672,206.69000244140625,206.69000244140625,8183200
2023-01-11,209.8699951171875,210.47000122070312,206.69000244140625,208.02999877929688,208.02999877929688,7190700
2023-01-12,209.5800018310547,214.9199981689453,207.3699951171875,214.32000732421875,214.32000732421875,8208100
2023-01-13,212.0,216.63999938964844,211.5800018310547,214.1300048828125,214.1300048828125,6213200
2023-01-17,212.7100067138672,213.33999633789062,209.07000732421875,211.41000366210938,211.41000366210938,6150700
2023-01-18,212.89999389648438,213.4199981689453,209.1999969482422,209.41000366210938,209.41000366210938,5403100
2023-01-19,206.77000427246094,209.6699981689453,204.82000732421875,207.08999633789062,207.08999633789062,5813500
2023-01-20,207.47000122070312,207.99000549316406,204.77999877929688,206.75999450683594,206.75999450683594,5475400
2023-01-23,208.36000061035156,211.08999633789062,206.99000549316406,209.97000122070312,209.97000122070312,5481900
2023-01-24,205.0,212.14999389648438,205.0,211.97999572753906,211.97999572753906,4753700
2023-01-25,205.8000030517578,214.75,203.11000061035156,212.67999267578125,212.67999267578125,16106500
2023-01-26,213.47999572753906,213.7899932861328,207.1999969482422,212.72999572753906,212.72999572753906,7288100
2023-01-27,211.32000732421875,212.8800048828125,209.4199981689453,211.1699981689453,211.1699981689453,5237900
2023-01-30,209.19000244140625,211.36000061035156,207.7100067138672,209.6699981689453,209.6699981689453,6066800
2023-01-31,210.14999389648438,213.11000061035156,208.24000549316406,213.0,213.0,5163000
2023-02-01,212.11000061035156,218.97000122070312,211.89999389648438,214.75,214.75,8462100
2023-02-02,215.14999389648438,215.2899932861328,208.3000030517578,209.33999633789062,209.33999633789062,6513400
2023-02-03,207.7100067138672,210.75,205.6199951171875,206.00999450683594,206.00999450683594,5400300
2023-02-06,205.19000244140625,208.2100067138672,203.69000244140625,206.80999755859375,206.80999755859375,3903000
2023-02-07,208.0399932861328,215.14999389648438,206.9199981689453,214.75999450683594,214.75999450683594,7311200
2023-02-08,213.07000732421875,215.77000427246094,211.77999877929688,213.5,213.5,4229800
2023-02-09,214.4600067138672,215.4499969482422,210.05999755859375,211.99000549316406,211.99000549316406,5018900
2023-02-10,212.00999450683594,214.5,210.5,212.88999938964844,212.88999938964844,4862900
2023-02-13,213.60000610351562,216.36000061035156,211.5,215.64999389648438,215.64999389648438,5193300
2023-02-14,214.02000427246094,221.3300018310547,213.14999389648438,218.4499969482422,218.4499969482422,10033100
2023-02-15,217.16000366210938,218.25,214.60000610351562,217.44000244140625,217.44000244140625,4846800
2023-02-16,215.0,216.52000427246094,212.1699981689453,212.2100067138672,212.2100067138672,4388000
2023-02-17,211.2100067138672,211.75999450683594,207.6199951171875,211.66000366210938,211.66000366210938,4985700
2023-02-21,208.99000549316406,210.83999633789062,205.0500030517578,205.52000427246094,205.52000427246094,4663800
2023-02-22,205.30999755859375,207.6699981689453,204.64999389648438,205.75999450683594,205.75999450683594,2920000
2023-02-23,207.4499969482422,209.69000244140625,205.75999450683594,208.1300048828125,208.1300048828125,4139400
2023-02-24,200.0,201.6999969482422,197.36000061035156,198.14999389648438,198.14999389648438,9658700
2023-02-27,199.8699951171875,203.1300048828125,199.05999755859375,200.4600067138672,200.4600067138672,4318900
2023-02-28,201.0,202.3800048828125,199.32000732421875,201.5500030517578,201.5500030517578,3589900
2023-03-01,201.47000122070312,205.44000244140625,200.85000610351562,204.5500030517578,204.5500030517578,4402300
2023-03-02,203.77999877929688,210.3300018310547,203.14999389648438,210.05999755859375,210.05999755859375,5451500
2023-03-03,210.25,216.1199951171875,209.39999389648438,215.11000061035156,215.11000061035156,7496800
2023-03-06,214.1199951171875,214.75,209.60000610351562,211.9199981689453,211.9199981689453,7004400
2023-03-07,211.30999755859375,213.17999267578125,207.77999877929688,207.9199981689453,207.9199981689453,4619700
2023-03-08,208.25,208.8800048828125,205.94000244140625,207.1999969482422,207.1999969482422,2406900
2023-03-09,208.32000732421875,209.02000427246094,200.3000030517578,201.24000549316406,201.24000549316406,4284000
2023-03-10,201.42999267578125,205.0,197.7899932861328,203.07000732421875,203.07000732421875,8547100
2023-03-13,200.1999969482422,207.0800018310547,197.11000061035156,203.3699951171875,203.3699951171875,6671200
2023-03-14,207.52999877929688,213.55999755859375,205.0,207.27999877929688,207.27999877929688,8245700
2023-03-15,201.9199981689453,202.2100067138672,192.41000366210938,198.2100067138672,198.2100067138672,10894200
2023-03-16,196.2100067138672,203.91000366210938,194.42999267578125,203.19000244140625,203.19000244140625,6747300
2023-03-17,201.35000610351562,202.8300018310547,199.0,201.0500030517578,201.0500030517578,9858900
2023-03-20,201.1199951171875,205.8699951171875,200.8699951171875,204.77000427246094,204.77000427246094,4764000
2023-03-21,207.3000030517578,207.86000061035156,203.88999938964844,204.6999969482422,204.6999969482422,4673300
2023-03-22,203.67999267578125,203.8300018310547,196.00999450683594,196.16000366210938,196.16000366210938,7311600
2023-03-23,197.89999389648438,201.5,195.13999938964844,197.89999389648438,197.89999389648438,6266900
2023-03-24,195.5,197.57000732421875,193.9199981689453,197.52999877929688,197.52999877929688,4511600
2023-03-27,198.6300048828125,201.5500030517578,198.6300048828125,200.57000732421875,200.57000732421875,3891700
2023-03-28,200.82000732421875,206.3000030517578,200.49000549316406,204.9600067138672,204.9600067138672,5460600
2023-03-29,206.5,208.64999389648438,205.8800048828125,207.97000122070312,207.97000122070312,3572200
2023-03-30,208.97000122070312,212.8699951171875,206.52000427246094,211.0399932861328,211.0399932861328,6583400
2023-03-31,211.75,214.8000030517578,211.38999938964844,212.42999267578125,212.42999267578125,5147500
2023-04-03,212.8000030517578,218.57000732421875,212.52999877929688,215.38999938964844,215.38999938964844,6085900
2023-04-04,212.0,213.99000549316406,209.1199951171875,213.89999389648438,213.89999389648438,6192300
2023-04-05,212.22999572753906,214.22999572753906,208.6699981689453,210.0,210.0,4138400
2023-04-06,210.0,212.3699951171875,208.22000122070312,211.3699951171875,211.3699951171875,5618100
2023-04-10,211.0,214.10000610351562,209.72999572753906,210.77999877929688,210.77999877929688,3729300
2023-04-11,213.2899932861328,214.5,211.86000061035156,212.32000732421875,212.32000732421875,5277500
2023-04-12,213.66000366210938,214.3000030517578,210.1300048828125,212.33999633789062,212.33999633789062,4600300
2023-04-13,213.0,213.67999267578125,211.5,213.58999633789062,213.58999633789062,4501600
2023-04-14,202.58999633789062,204.27999877929688,198.14999389648438,201.7100067138672,201.7100067138672,19066500
2023-04-17,202.0,206.10000610351562,200.8000030517578,205.02999877929688,205.02999877929688,6306800
2023-04-18,205.5,208.94000244140625,203.72000122070312,208.3699951171875,208.3699951171875,7445800
2023-04-19,207.1199951171875,210.8699951171875,206.94000244140625,208.7100067138672,208.7100067138672,4757400
2023-04-20,207.4199981689453,209.8800048828125,206.0800018310547,207.22999572753906,207.22999572753906,3322900
2023-04-21,208.0,208.3800048828125,204.17999267578125,205.14999389648438,205.14999389648438,3432300
2023-04-24,204.8699951171875,206.5,203.25,205.77000427246094,205.77000427246094,3058900
2023-04-25,204.5399932861328,204.94000244140625,201.1199951171875,202.19000244140625,202.19000244140625,4699500
2023-04-26,208.25,211.6999969482422,202.67999267578125,203.02999877929688,203.02999877929688,9137200
2023-04-27,204.64999389648438,209.08999633789062,203.52999877929688,206.0399932861328,206.0399932861328,5105200
2023-04-28,204.50999450683594,206.9499969482422,202.89999389648438,206.77999877929688,206.77999877929688,3709300
2023-05-01,206.25,208.52000427246094,203.6199951171875,203.8699951171875,203.8699951171875,3776800
2023-05-02,203.0,204.19000244140625,200.08999633789062,203.25,203.25,3970800
2023-05-03,204.36000061035156,206.10000610351562,200.5500030517578,200.92999267578125,200.92999267578125,4537900
2023-05-04,200.64999389648438,201.25,193.27000427246094,197.0500030517578,197.0500030517578,6934100
2023-05-05,198.08999633789062,199.0399932861328,196.75999450683594,198.33999633789062,198.33999633789062,3870100
2023-05-08,199.16000366210938,199.66000366210938,196.39999389648438,197.25999450683594,197.25999450683594,4677400
2023-05-09,201.2100067138672,204.61000061035156,198.77999877929688,201.8800048828125,201.8800048828125,9329500
2023-05-10,203.13999938964844,203.1999969482422,198.25,200.83999633789062,200.83999633789062,3923700
2023-05-11,199.38999938964844,202.5500030517578,198.07000732421875,201.83999633789062,201.83999633789062,3322000
2023-05-12,201.83999633789062,203.11000061035156,198.82000732421875,200.6999969482422,200.6999969482422,3168000
2023-05-15,200.00999450683594,203.32000732421875,198.64999389648438,202.77000427246094,202.77000427246094,2842700
2023-05-16,201.82000732421875,202.36000061035156,199.94000244140625,200.8699951171875,200.8699951171875,3012100
2023-05-17,202.7100067138672,208.5800018310547,202.7100067138672,206.8699951171875,206.8699951171875,6641900
2023-05-18,206.4499969482422,208.1699981689453,204.00999450683594,207.24000549316406,207.24000549316406,4349700
2023-05-19,208.11000061035156,208.3699951171875,204.6300048828125,205.49000549316406,205.49000549316406,3891500
2023-05-22,205.50999450683594,206.97999572753906,203.89999389648438,205.91000366210938,205.91000366210938,3094300
2023-05-23,204.5800018310547,207.49000549316406,202.4499969482422,202.60000610351562,202.60000610351562,4011100
2023-05-24,201.32000732421875,201.32000732421875,197.5,199.27000427246094,199.27000427246094,4371600
2023-05-25,199.99000549316406,201.75,196.60000610351562,200.8699951171875,200.8699951171875,3909200
2023-05-26,201.60000610351562,204.8000030517578,201.17999267578125,203.6300048828125,203.6300048828125,3820300
2023-05-30,204.08999633789062,207.8000030517578,203.30999755859375,204.69000244140625,204.69000244140625,3978200
2023-05-31,203.5,206.19000244140625,200.91000366210938,205.6999969482422,205.6999969482422,5461600
2023-06-01,206.4600067138672,210.22999572753906,206.0,207.9600067138672,207.9600067138672,5125100
2023-06-02,210.0,215.24000549316406,210.0,213.32000732421875,213.32000732421875,7482300
2023-06-05,213.27999877929688,213.27999877929688,207.5,208.77999877929688,208.77999877929688,4996800
2023-06-06,208.3699951171875,211.67999267578125,200.61000061035156,207.2899932861328,207.2899932861328,10957200
2023-06-07,207.99000549316406,212.3800048828125,207.1999969482422,211.92999267578125,211.92999267578125,6462400
2023-06-08,212.33999633789062,220.0,212.0500030517578,218.11000061035156,218.11000061035156,9359300
2023-06-09,217.99000549316406,219.16000366210938,215.69000244140625,217.30999755859375,217.30999755859375,5297800
2023-06-12,217.16000366210938,223.91000366210938,216.6300048828125,221.55999755859375,221.55999755859375,8065400
2023-06-13,222.35000610351562,223.1199951171875,219.35000610351562,220.3800048828125,220.3800048828125,5881000
2023-06-14,221.39999389648438,221.58999633789062,216.02999877929688,216.89999389648438,216.89999389648438,5629100
2023-06-15,217.1699981689453,220.61000061035156,215.30999755859375,219.41000366210938,219.41000366210938,5001400
2023-06-16,220.72000122070312,223.8699951171875,218.97999572753906,219.99000549316406,219.99000549316406,7799500
2023-06-20,218.88999938964844,219.2899932861328,211.8800048828125,212.3699951171875,212.3699951171875,8226400
2023-06-21,211.8300018310547,212.99000549316406,209.38999938964844,212.0800018310547,212.0800018310547,5356400
2023-06-22,205.61000061035156,208.5,203.64999389648438,205.61000061035156,205.61000061035156,7057500
2023-06-23,204.02000427246094,205.61000061035156,202.5500030517578,205.41000366210938,205.41000366210938,6334300
2023-06-26,206.11000061035156,207.08999633789062,204.66000366210938,205.5800018310547,205.5800018310547,3444900
2023-06-27,206.14999389648438,209.66000366210938,206.0800018310547,209.42999267578125,209.42999267578125,4465500
2023-06-28,211.2100067138672,212.19000244140625,209.4499969482422,210.72000122070312,210.72000122070312,4276100
2023-06-29,211.1199951171875,213.22000122070312,210.22999572753906,211.8300018310547,211.8300018310547,3443600
2023-06-30,213.13999938964844,213.24000549316406,209.3800048828125,211.16000366210938,211.16000366210938,5484100
2023-07-03,210.5,212.1699981689453,210.24000549316406,210.9199981689453,210.9199981689453,2143000
2023-07-05,210.0,214.27999877929688,207.88999938964844,213.30999755859375,213.30999755859375,4921000
2023-07-06,212.47999572753906,213.61000061035156,209.5800018310547,212.6199951171875,212.6199951171875,4674700
2023-07-07,212.94000244140625,215.66000366210938,211.8300018310547,212.10000610351562,212.10000610351562,4891200
2023-07-10,211.83999633789062,213.58999633789062,211.22000122070312,213.30999755859375,213.30999755859375,3497100
2023-07-11,212.9199981689453,218.97999572753906,211.35000610351562,218.75999450683594,218.75999450683594,7458400
2023-07-12,219.50999450683594,221.55999755859375,216.9199981689453,217.11000061035156,217.11000061035156,5123200
2023-07-13,218.1300048828125,218.89999389648438,216.3000030517578,216.85000610351562,216.85000610351562,4291700
2023-07-14,217.0,217.02000427246094,212.80999755859375,213.1199951171875,213.1199951171875,4287900
2023-07-17,212.5,214.22999572753906,211.74000549316406,211.8699951171875,211.8699951171875,3621500
2023-07-18,211.0,213.0399932861328,209.57000732421875,211.57000732421875,211.57000732421875,5895800
2023-07-19,211.1199951171875,211.8699951171875,208.24000549316406,208.60000610351562,208.60000610351562,4814100
2023-07-20,208.8300018310547,215.10000610351562,208.8000030517578,213.61000061035156,213.61000061035156,5782200
2023-07-21,213.88999938964844,215.60000610351562,211.63999938964844,211.8000030517578,211.8000030517578,4053200
2023-07-24,212.05999755859375,215.94000244140625,211.4600067138672,215.8699951171875,215.8699951171875,4898300
2023-07-25,214.1999969482422,214.82000732421875,210.80999755859375,214.1199951171875,214.1199951171875,6513300
2023-07-26,222.16000366210938,233.08999633789062,221.77000427246094,232.8000030517578,232.8000030517578,24923800
2023-07-27,235.25,238.6699981689453,231.8300018310547,233.75,233.75,12018300
2023-07-28,236.1199951171875,240.1300048828125,235.6999969482422,238.69000244140625,238.69000244140625,7054600
2023-07-31,238.99000549316406,239.07000732421875,236.2100067138672,238.85000610351562,238.85000610351562,4894900
2023-08-01,237.5500030517578,243.10000610351562,237.30999755859375,238.00999450683594,238.00999450683594,4975200
