Date,Open,High,Low,Close,Adj Close,Volume
2019-07-31,85.6500015258789,86.22000122070312,83.6500015258789,84.5199966430664,78.50250244140625,622900
2019-08-01,84.33999633789062,85.80000305175781,82.51000213623047,82.69999694824219,76.81208038330078,436100
2019-08-02,82.58000183105469,83.19999694824219,81.33000183105469,82.51000213623047,76.63560485839844,383000
2019-08-05,81.05999755859375,81.7300033569336,79.95999908447266,80.98999786376953,75.22383880615234,538300
2019-08-06,81.66000366210938,83.05999755859375,81.66000366210938,82.9000015258789,76.99784088134766,368100
2019-08-07,81.81999969482422,83.94000244140625,80.88999938964844,83.66000366210938,77.7037353515625,470600
2019-08-08,84.16999816894531,85.45999908447266,83.83999633789062,84.91000366210938,78.86474609375,437800
2019-08-09,84.5,84.5,82.91000366210938,82.93000030517578,77.02570343017578,290400
2019-08-12,82.48999786376953,83.26000213623047,81.76000213623047,82.44999694824219,76.57987213134766,243400
2019-08-13,82.0,85.31999969482422,81.97000122070312,83.54000091552734,77.59227752685547,206900
2019-08-14,81.88999938964844,82.23999786376953,80.19000244140625,80.80000305175781,75.04733276367188,213500
2019-08-15,81.16999816894531,81.27999877929688,80.20999908447266,80.79000091552734,75.03804779052734,189000
2019-08-16,81.37000274658203,82.62999725341797,81.27999877929688,82.31999969482422,76.45914459228516,145600
2019-08-19,83.62999725341797,84.0199966430664,82.43000030517578,82.86000061035156,76.96068572998047,368300
2019-08-20,82.58000183105469,82.81999969482422,81.9000015258789,82.08000183105469,76.23622131347656,216700
2019-08-21,82.91999816894531,83.22000122070312,82.44000244140625,82.6500015258789,76.76565551757812,155500
2019-08-22,82.91999816894531,83.31999969482422,82.30999755859375,82.9000015258789,76.99784088134766,138600
2019-08-23,82.62999725341797,83.08999633789062,80.76000213623047,81.06999969482422,75.29814147949219,320400
2019-08-26,82.04000091552734,82.04000091552734,79.55000305175781,80.08999633789062,74.38790130615234,362300
2019-08-27,80.87999725341797,80.9000015258789,79.33999633789062,79.61000061035156,73.94208526611328,407600
2019-08-28,79.43000030517578,80.54000091552734,78.87999725341797,79.77999877929688,74.0999755859375,406000
2019-08-29,80.91000366210938,81.69000244140625,80.54000091552734,81.4800033569336,75.67893981933594,259900
2019-08-30,82.36000061035156,82.9000015258789,81.4000015258789,82.55999755859375,76.68204498291016,489300
2019-09-03,81.80999755859375,81.94000244140625,79.0999984741211,80.75,75.00090789794922,285700
2019-09-04,81.58000183105469,81.76000213623047,80.76000213623047,81.41000366210938,75.6139144897461,265700
2019-09-05,82.27999877929688,85.06999969482422,82.27999877929688,84.2300033569336,78.233154296875,334600
2019-09-06,84.63999938964844,85.2300033569336,83.88999938964844,84.80000305175781,78.7625732421875,278500
2019-09-09,84.87000274658203,85.77999877929688,84.41999816894531,85.69000244140625,79.58919525146484,366500
2019-09-10,85.37000274658203,87.54000091552734,85.1500015258789,87.44000244140625,81.21460723876953,354300
2019-09-11,87.7699966430664,88.33999633789062,86.12000274658203,88.11000061035156,81.8369140625,302500
2019-09-12,88.06999969482422,88.80000305175781,87.25,88.5,82.19913482666016,273400
2019-09-13,89.11000061035156,90.08999633789062,88.31999969482422,89.33999633789062,82.97933197021484,342700
2019-09-16,88.86000061035156,89.25,88.25,89.16000366210938,82.8121566772461,226800
2019-09-17,88.51000213623047,89.55000305175781,88.0,89.41000366210938,83.04434967041016,314700
2019-09-18,87.12000274658203,89.0999984741211,85.20999908447266,88.73999786376953,82.42205047607422,599700
2019-09-19,88.87000274658203,89.18000030517578,87.91999816894531,88.2300033569336,81.94835662841797,311600
2019-09-20,88.30999755859375,88.63999938964844,86.16000366210938,86.36000061035156,80.21149444580078,798300
2019-09-23,85.69000244140625,87.41000366210938,85.58999633789062,87.05000305175781,80.85235595703125,180000
2019-09-24,87.12000274658203,87.70999908447266,85.0999984741211,85.48999786376953,79.4034423828125,229700
2019-09-25,85.45999908447266,86.87000274658203,85.38999938964844,86.63999938964844,80.47156524658203,308200
2019-09-26,86.44999694824219,86.83000183105469,85.61000061035156,86.0999984741211,79.9699935913086,211500
2019-09-27,86.22000122070312,86.56999969482422,85.41000366210938,86.01000213623047,80.32490539550781,300600
2019-09-30,86.0199966430664,86.87999725341797,85.91000366210938,86.76000213623047,81.02531433105469,230700
2019-10-01,87.44999694824219,88.13999938964844,84.58999633789062,85.01000213623047,79.39098358154297,232600
2019-10-02,84.13999938964844,84.13999938964844,81.52999877929688,82.80999755859375,77.33639526367188,364200
2019-10-03,82.52999877929688,83.22000122070312,81.41999816894531,83.1500015258789,77.65392303466797,236100
2019-10-04,83.19999694824219,83.88999938964844,82.86000061035156,83.79000091552734,78.25162506103516,151400
2019-10-07,83.33000183105469,83.55000305175781,82.37000274658203,83.38999938964844,77.87805938720703,447000
2019-10-08,80.94999694824219,81.44000244140625,79.31999969482422,80.5999984741211,75.2724838256836,585900
2019-10-09,80.23999786376953,81.58000183105469,79.88999938964844,81.08999633789062,75.73009490966797,317600
2019-10-10,81.36000061035156,82.94000244140625,81.23999786376953,82.04000091552734,76.61730194091797,189600
2019-10-11,83.13999938964844,86.0,82.8499984741211,84.44000244140625,78.8586654663086,258500
2019-10-14,84.08999633789062,84.7300033569336,83.8499984741211,84.55000305175781,78.96139526367188,194500
2019-10-15,84.79000091552734,86.19000244140625,84.33000183105469,85.52999877929688,79.87661743164062,200200
2019-10-16,85.56999969482422,86.5,84.95999908447266,85.88999938964844,80.21282196044922,367400
2019-10-17,86.52999877929688,87.97000122070312,86.52999877929688,87.77999877929688,81.97789001464844,348300
2019-10-18,87.80000305175781,88.11000061035156,87.22000122070312,87.52999877929688,81.74441528320312,305500
2019-10-21,87.51000213623047,88.72000122070312,86.7300033569336,87.06999969482422,81.31483459472656,268700
2019-10-22,87.19000244140625,88.47000122070312,86.1500015258789,88.2300033569336,82.39816284179688,383600
2019-10-23,89.02999877929688,90.48999786376953,87.88999938964844,90.44999694824219,84.47142028808594,333400
2019-10-24,90.55000305175781,90.72000122070312,89.04000091552734,89.3499984741211,83.44412231445312,264000
2019-10-25,89.41000366210938,92.12000274658203,88.97000122070312,91.87999725341797,85.80687713623047,356100
2019-10-28,91.86000061035156,93.06999969482422,91.41999816894531,91.88999938964844,85.81622314453125,497700
2019-10-29,91.55000305175781,94.38999938964844,91.30000305175781,94.31999969482422,88.08560943603516,525100
2019-10-30,89.62000274658203,91.98999786376953,88.29000091552734,89.72000122070312,83.78966522216797,713100
2019-10-31,88.97000122070312,89.80000305175781,86.86000061035156,89.56999969482422,83.64956665039062,795900
2019-11-01,90.33999633789062,91.87999725341797,90.08000183105469,91.45999908447266,85.41465759277344,453900
2019-11-04,92.08999633789062,94.45999908447266,92.08999633789062,94.02999877929688,87.81478881835938,532700
2019-11-05,93.86000061035156,94.54000091552734,92.6500015258789,92.86000061035156,86.72212219238281,310400
2019-11-06,92.9800033569336,92.9800033569336,91.79000091552734,92.29000091552734,86.18980407714844,258300
2019-11-07,92.63999938964844,93.54000091552734,91.80000305175781,92.0199966430664,85.93763732910156,305100
2019-11-08,92.0,92.06999969482422,91.20999908447266,92.02999877929688,85.94699096679688,290800
2019-11-11,91.4800033569336,92.30999755859375,91.05999755859375,91.45999908447266,85.41465759277344,162600
2019-11-12,91.43000030517578,92.12000274658203,91.18000030517578,92.08000183105469,85.99369049072266,279400
2019-11-13,91.55000305175781,91.7300033569336,90.61000061035156,90.80000305175781,84.79828643798828,156600
2019-11-14,90.48999786376953,91.2300033569336,90.48999786376953,90.91999816894531,84.91034698486328,139800
2019-11-15,91.37999725341797,91.8499984741211,90.91999816894531,91.7699966430664,85.70416259765625,235000
2019-11-18,91.23999786376953,91.7300033569336,90.93000030517578,91.69999694824219,85.63878631591797,331000
2019-11-19,92.19999694824219,92.26000213623047,91.13999938964844,91.4000015258789,85.35862731933594,165000
2019-11-20,90.91000366210938,91.6500015258789,89.55000305175781,90.58000183105469,84.59281921386719,362200
2019-11-21,91.0,91.45999908447266,90.55999755859375,91.01000213623047,84.99440002441406,197600
2019-11-22,91.30999755859375,92.45999908447266,90.70999908447266,92.41000366210938,86.30186462402344,239700
2019-11-25,92.98999786376953,93.83999633789062,92.31999969482422,93.18000030517578,87.02098083496094,288200
2019-11-26,93.0199966430664,93.76000213623047,92.3499984741211,92.93000030517578,86.7874755859375,251900
2019-11-27,93.05999755859375,93.94999694824219,92.56999969482422,93.45999908447266,87.282470703125,202600
2019-11-29,93.31999969482422,93.55999755859375,92.04000091552734,92.26000213623047,86.16178131103516,92500
2019-12-02,92.6500015258789,93.33999633789062,91.54000091552734,91.58999633789062,85.53606414794922,136200
2019-12-03,90.56999969482422,91.19999694824219,89.73999786376953,90.30000305175781,84.33132934570312,302400
2019-12-04,91.13999938964844,92.11000061035156,90.48999786376953,90.87999725341797,84.87300109863281,219600
2019-12-05,91.3499984741211,92.0999984741211,91.0,91.8499984741211,85.77887725830078,215200
2019-12-06,93.01000213623047,93.47000122070312,92.37999725341797,92.44000244140625,86.32987976074219,244200
2019-12-09,92.70999908447266,92.77999877929688,91.66000366210938,92.23999786376953,86.14309692382812,257200
2019-12-10,91.9800033569336,93.30999755859375,91.83999633789062,92.95999908447266,86.81549835205078,247000
2019-12-11,92.87000274658203,94.8499984741211,92.30999755859375,94.61000061035156,88.35645294189453,231700
2019-12-12,94.55999755859375,96.31999969482422,93.80000305175781,95.95999908447266,89.61720275878906,237200
2019-12-13,95.77999877929688,96.55000305175781,93.80000305175781,94.25,88.0202407836914,272100
2019-12-16,95.08000183105469,96.79000091552734,94.62999725341797,95.91000366210938,89.5705337524414,434600
2019-12-17,96.30000305175781,96.66000366210938,95.43000030517578,96.0999984741211,89.74797058105469,266700
2019-12-18,96.3499984741211,96.7300033569336,95.2699966430664,96.61000061035156,90.22425842285156,230600
2019-12-19,96.80000305175781,97.0999984741211,96.1500015258789,96.7699966430664,90.37366485595703,259000
2019-12-20,96.9000015258789,97.94000244140625,96.19000244140625,97.80000305175781,91.33560180664062,1271200
2019-12-23,98.13999938964844,98.31999969482422,95.93000030517578,97.16000366210938,90.73789978027344,266800
2019-12-24,97.36000061035156,97.80999755859375,96.75,97.16000366210938,90.73789978027344,107600
2019-12-26,96.94999694824219,97.80000305175781,96.94999694824219,97.73999786376953,91.27955627441406,138400
2019-12-27,97.91000366210938,98.08999633789062,97.37000274658203,97.5199966430664,91.07411193847656,130200
2019-12-30,97.20999908447266,97.5199966430664,96.18000030517578,97.1500015258789,91.1867446899414,148700
2019-12-31,97.02999877929688,97.75,96.6500015258789,96.7300033569336,90.79251861572266,205200
2020-01-02,97.52999877929688,98.16000366210938,96.1500015258789,98.16000366210938,92.1347427368164,386500
2020-01-03,96.7300033569336,97.37000274658203,96.06999969482422,97.2300033569336,91.26182556152344,228900
2020-01-06,96.33000183105469,97.2300033569336,96.23999786376953,97.06999969482422,91.11165618896484,239900
2020-01-07,97.05999755859375,97.44999694824219,95.94000244140625,97.01000213623047,91.05533599853516,199400
2020-01-08,96.83999633789062,98.02999877929688,96.83999633789062,97.33000183105469,91.35568237304688,225300
2020-01-09,97.55999755859375,97.91000366210938,97.20999908447266,97.76000213623047,91.75930786132812,215700
2020-01-10,97.80000305175781,97.91999816894531,96.36000061035156,96.58000183105469,90.65172576904297,215100
2020-01-13,96.55000305175781,97.01000213623047,96.20999908447266,96.7300033569336,90.79251861572266,362500
2020-01-14,96.98999786376953,97.18000030517578,96.0199966430664,96.37000274658203,90.45462799072266,215200
2020-01-15,96.04000091552734,96.62000274658203,95.19000244140625,95.83999633789062,89.9571533203125,383100
2020-01-16,96.44000244140625,97.45999908447266,96.23999786376953,97.45999908447266,91.47771453857422,200600
2020-01-17,97.44999694824219,97.79000091552734,96.6500015258789,96.83000183105469,90.8863754272461,156500
2020-01-21,96.36000061035156,96.36000061035156,95.18000030517578,95.38999938964844,89.5347900390625,229500
2020-01-22,95.7300033569336,96.13999938964844,94.3499984741211,94.52999877929688,88.72755432128906,208500
2020-01-23,94.36000061035156,95.25,93.33000183105469,94.79000091552734,88.97159576416016,277000
2020-01-24,94.98999786376953,94.98999786376953,92.93000030517578,93.04000091552734,87.32901763916016,268300
2020-01-27,91.2699966430664,92.41999816894531,90.80999755859375,91.2699966430664,85.66766357421875,366300
2020-01-28,91.7300033569336,93.6500015258789,91.37000274658203,93.12999725341797,87.41349792480469,257300
2020-01-29,93.48999786376953,94.0,92.93000030517578,92.9800033569336,87.272705078125,160100
2020-01-30,92.33000183105469,93.13999938964844,91.7300033569336,92.93000030517578,87.22575378417969,320000
2020-01-31,92.47000122070312,92.47000122070312,88.94000244140625,89.18000030517578,83.70594787597656,566000
2020-02-03,89.87000274658203,92.0,89.43000030517578,91.08000183105469,85.48933410644531,307000
2020-02-04,92.66999816894531,94.06999969482422,92.58000183105469,93.55000305175781,87.8077163696289,251200
2020-02-05,94.77999877929688,95.2300033569336,94.0999984741211,94.63999938964844,88.83080291748047,239600
2020-02-06,95.27999877929688,95.27999877929688,93.13999938964844,93.37999725341797,87.64814758300781,246700
2020-02-07,92.69000244140625,93.02999877929688,91.80000305175781,92.23999786376953,86.57811737060547,250700
2020-02-10,91.87000274658203,92.58000183105469,91.41999816894531,92.52999877929688,86.85032653808594,316100
2020-02-11,93.06999969482422,94.37000274658203,93.06999969482422,93.80999755859375,88.05174255371094,332900
2020-02-12,94.62999725341797,95.18000030517578,93.55000305175781,94.69999694824219,88.88711547851562,481100
2020-02-13,97.58999633789062,98.19000244140625,92.94999694824219,93.08000183105469,87.3665771484375,740600
2020-02-14,93.41000366210938,94.70999908447266,92.33999633789062,92.58000183105469,86.89726257324219,323600
2020-02-18,91.87000274658203,92.4000015258789,90.5199966430664,91.30999755859375,85.70519256591797,317300
2020-02-19,91.87000274658203,92.08999633789062,88.8499984741211,89.62999725341797,84.12832641601562,684800
2020-02-20,89.56999969482422,90.72000122070312,89.23999786376953,89.75,84.24097442626953,323700
2020-02-21,89.4000015258789,89.61000061035156,87.9000015258789,88.13999938964844,82.72978210449219,339100
2020-02-24,85.05000305175781,87.13999938964844,84.51000213623047,85.56999969482422,80.31753540039062,484400
2020-02-25,85.98999786376953,86.31999969482422,83.16000366210938,83.26000213623047,78.14933776855469,425900
2020-02-26,83.9800033569336,85.45999908447266,82.94999694824219,83.04000091552734,77.94284057617188,464600
2020-02-27,81.16000366210938,85.1500015258789,80.01000213623047,82.18000030517578,77.1356201171875,645100
2020-02-28,79.80999755859375,82.08999633789062,79.31999969482422,81.88999938964844,76.8634262084961,665200
2020-03-02,82.62999725341797,85.33999633789062,81.76000213623047,85.11000061035156,79.88578033447266,498900
2020-03-03,84.97000122070312,87.04000091552734,83.05000305175781,84.5999984741211,79.4070816040039,630800
2020-03-04,86.68000030517578,86.68000030517578,84.69000244140625,86.30999755859375,81.0121078491211,402000
2020-03-05,84.20999908447266,84.98999786376953,81.9800033569336,82.62999725341797,77.55799102783203,318400
2020-03-06,79.91999816894531,82.4000015258789,79.30999755859375,81.44999694824219,76.450439453125,292900
2020-03-09,76.2300033569336,78.9800033569336,70.01000213623047,72.08000183105469,67.65557098388672,724400
2020-03-10,74.30999755859375,77.0,72.6500015258789,76.81999969482422,72.10462951660156,656700
2020-03-11,74.30000305175781,75.44999694824219,71.41000366210938,71.9000015258789,67.48664855957031,385200
2020-03-12,66.83000183105469,70.95999908447266,64.18000030517578,68.83999633789062,64.61445617675781,691900
2020-03-13,72.75,76.73999786376953,71.31999969482422,76.16999816894531,71.4945297241211,842400
2020-03-16,73.41999816894531,77.97000122070312,68.52999877929688,69.08999633789062,64.84912109375,820800
2020-03-17,70.36000061035156,74.86000061035156,68.44999694824219,73.0999984741211,68.61296844482422,679200
2020-03-18,67.0,71.80000305175781,65.4000015258789,70.41999816894531,66.09748077392578,824000
2020-03-19,69.61000061035156,72.98999786376953,66.95999908447266,68.05999755859375,63.8823356628418,679500
2020-03-20,68.16999816894531,69.1500015258789,64.23999786376953,64.79000091552734,60.81306457519531,836700
2020-03-23,64.66000366210938,65.83000183105469,59.29999923706055,59.9900016784668,56.30769348144531,796500
2020-03-24,62.95000076293945,65.4000015258789,61.5099983215332,64.61000061035156,60.64411163330078,736000
2020-03-25,65.08000183105469,72.0,63.9900016784668,68.5999984741211,64.38919830322266,673800
2020-03-26,69.45999908447266,73.33999633789062,68.23999786376953,73.01000213623047,68.52849578857422,391800
2020-03-27,70.5999984741211,71.81999969482422,68.66000366210938,69.2699966430664,65.01806640625,376600
2020-03-30,68.97000122070312,70.66000366210938,68.12999725341797,69.88999938964844,66.06735229492188,412900
2020-03-31,69.76000213623047,69.95999908447266,67.41999816894531,69.0,65.22604370117188,569500
2020-04-01,66.43000030517578,66.43000030517578,62.970001220703125,64.2300033569336,60.71693801879883,479900
2020-04-02,63.91999816894531,67.51000213623047,63.369998931884766,66.41000366210938,62.7776985168457,484100
2020-04-03,66.43000030517578,67.77999877929688,64.2699966430664,66.31999969482422,62.692626953125,349000
2020-04-06,68.8499984741211,72.3499984741211,68.70999908447266,72.04000091552734,68.09976959228516,403700
2020-04-07,74.44000244140625,77.0199966430664,72.62999725341797,72.73999786376953,68.76148223876953,470400
2020-04-08,73.91999816894531,78.12000274658203,73.0,77.72000122070312,73.46910095214844,489600
2020-04-09,79.22000122070312,80.69999694824219,76.69999694824219,78.0999984741211,73.82830047607422,328700
2020-04-13,77.38999938964844,77.38999938964844,74.20999908447266,74.76000213623047,70.6709976196289,339200
2020-04-14,76.23999786376953,77.31999969482422,75.23999786376953,76.58999633789062,72.40088653564453,287900
2020-04-15,73.81999969482422,74.68000030517578,72.73999786376953,73.08000183105469,69.08287811279297,282700
2020-04-16,73.08999633789062,75.02999877929688,72.2300033569336,74.87999725341797,70.78441619873047,281200
2020-04-17,77.0999984741211,78.25,75.19000244140625,75.73999786376953,71.5973892211914,326800
2020-04-20,74.12000274658203,74.94000244140625,72.7699966430664,73.80000305175781,69.76349639892578,373900
2020-04-21,72.02999877929688,73.2300033569336,71.30000305175781,72.66000366210938,68.68585205078125,211900
2020-04-22,74.08999633789062,74.58999633789062,73.0,73.91000366210938,69.86748504638672,192000
2020-04-23,74.7300033569336,76.37000274658203,74.31999969482422,74.56999969482422,70.49137878417969,254600
2020-04-24,75.25,76.72000122070312,73.70999908447266,76.02999877929688,71.87152862548828,443400
2020-04-27,77.43000030517578,81.62000274658203,74.81999969482422,80.7300033569336,76.314453125,603500
2020-04-28,82.19999694824219,83.1500015258789,79.4800033569336,80.98999786376953,76.56025695800781,470000
2020-04-29,82.63999938964844,83.91000366210938,82.04000091552734,83.2699966430664,78.71553802490234,333000
2020-04-30,82.37000274658203,82.37000274658203,80.47000122070312,80.51000213623047,76.10648345947266,681600
2020-05-01,79.19999694824219,79.19999694824219,76.48999786376953,76.88999938964844,72.68448638916016,303200
2020-05-04,75.86000061035156,76.93000030517578,75.19000244140625,76.45999908447266,72.27802276611328,323600
2020-05-05,77.58999633789062,78.38999938964844,77.0999984741211,77.30000305175781,73.07206726074219,252700
2020-05-06,77.98999786376953,77.98999786376953,75.66999816894531,75.69000244140625,71.55012512207031,256300
2020-05-07,76.86000061035156,78.19999694824219,75.4800033569336,76.61000061035156,72.41979217529297,368900
2020-05-08,78.16000366210938,78.88999938964844,76.61000061035156,78.69000244140625,74.38604736328125,198100
2020-05-11,77.69000244140625,78.45999908447266,76.08000183105469,77.62999725341797,73.38400268554688,460300
2020-05-12,78.08000183105469,78.08000183105469,74.54000091552734,74.63999938964844,70.55757141113281,285900
2020-05-13,74.0999984741211,74.94000244140625,69.72000122070312,70.91999816894531,67.04102325439453,462400
2020-05-14,69.2300033569336,72.26000213623047,68.12000274658203,72.12999725341797,68.18482971191406,346800
2020-05-15,71.80000305175781,74.05999755859375,70.72000122070312,73.08999633789062,69.09232330322266,938500
2020-05-18,75.43000030517578,79.44000244140625,74.8499984741211,78.52999877929688,74.23478698730469,411300
2020-05-19,78.2699966430664,79.41999816894531,77.70999908447266,78.08000183105469,73.80941009521484,342400
2020-05-20,79.47000122070312,80.58000183105469,78.88999938964844,79.45999908447266,75.1139144897461,232900
2020-05-21,78.62000274658203,80.05000305175781,78.62000274658203,79.3499984741211,75.00994110107422,322400
2020-05-22,79.62999725341797,79.87000274658203,77.93000030517578,79.69000244140625,75.33134460449219,302400
2020-05-26,82.16999816894531,84.27999877929688,81.0,83.81999969482422,79.2354507446289,323800
2020-05-27,85.0,86.5999984741211,84.75,85.88999938964844,81.19223022460938,278400
2020-05-28,86.87000274658203,86.87000274658203,82.69000244140625,83.27999877929688,78.72498321533203,228500
2020-05-29,82.80999755859375,84.63999938964844,81.02999877929688,82.16999816894531,77.67570495605469,250800
2020-06-01,82.5999984741211,83.5,81.86000061035156,82.7699966430664,78.24288940429688,213000
2020-06-02,83.83000183105469,84.43000030517578,83.0999984741211,83.44999694824219,78.88568878173828,168100
2020-06-03,83.94999694824219,86.16999816894531,83.94999694824219,85.68000030517578,80.99370574951172,199300
2020-06-04,85.0999984741211,86.19999694824219,84.20999908447266,86.1500015258789,81.43801879882812,311900
2020-06-05,88.66999816894531,90.22000122070312,87.66999816894531,89.58999633789062,84.68987274169922,271100
2020-06-08,88.5,92.5,88.23999786376953,91.72000122070312,86.70336151123047,392100
2020-06-09,90.37000274658203,91.9000015258789,89.68000030517578,90.66999816894531,85.71078491210938,383600
2020-06-10,90.63999938964844,90.63999938964844,87.38999938964844,87.44000244140625,82.65745544433594,362100
2020-06-11,83.97000122070312,84.62999725341797,80.05000305175781,80.13999938964844,75.75672912597656,420600
2020-06-12,83.29000091552734,84.12999725341797,79.13999938964844,81.79000091552734,77.31647491455078,441600
2020-06-15,79.08000183105469,83.0,78.95999908447266,82.36000061035156,77.85530853271484,297400
2020-06-16,85.86000061035156,85.97000122070312,83.0,83.80000305175781,79.21653747558594,279600
2020-06-17,84.01000213623047,84.72000122070312,82.73999786376953,84.51000213623047,79.8877182006836,395400
2020-06-18,84.70999908447266,84.86000061035156,83.33999633789062,83.61000061035156,79.03693389892578,400400
2020-06-19,85.33999633789062,85.33999633789062,82.19000244140625,83.51000213623047,78.94241333007812,793700
2020-06-22,83.16999816894531,83.16999816894531,81.33000183105469,82.69000244140625,78.16726684570312,266600
2020-06-23,84.05999755859375,84.05999755859375,81.83999633789062,82.20999908447266,77.71350860595703,263900
2020-06-24,81.8499984741211,81.8499984741211,79.56999969482422,80.27999877929688,75.88905334472656,212400
2020-06-25,79.4000015258789,80.86000061035156,79.08000183105469,80.70999908447266,76.29553985595703,240000
2020-06-26,80.05999755859375,81.69000244140625,79.66999816894531,81.05000305175781,76.61695861816406,1028400
2020-06-29,81.30000305175781,82.95999908447266,81.08000183105469,82.8499984741211,78.79486846923828,210800
2020-06-30,82.80999755859375,84.80999755859375,82.0199966430664,84.23999786376953,80.11683654785156,311700
2020-07-01,84.55999755859375,84.55999755859375,82.30000305175781,82.51000213623047,78.47151184082031,215100
2020-07-02,84.0199966430664,85.16999816894531,83.29000091552734,83.9800033569336,79.86956787109375,172800
2020-07-06,85.41999816894531,85.93000030517578,84.25,85.29000091552734,81.11544036865234,251400
2020-07-07,84.41999816894531,85.33000183105469,83.9800033569336,84.41999816894531,80.28802490234375,213900
2020-07-08,84.9000015258789,85.69000244140625,84.05000305175781,85.55999755859375,81.37222290039062,400100
2020-07-09,85.63999938964844,85.75,83.54000091552734,83.81999969482422,79.71739959716797,195900
2020-07-10,84.04000091552734,84.66999816894531,83.58999633789062,84.31999969482422,80.19292449951172,234100
2020-07-13,85.04000091552734,86.79000091552734,84.72000122070312,86.27999877929688,82.05699157714844,302100
2020-07-14,86.30999755859375,88.36000061035156,85.38999938964844,88.19999694824219,83.88300323486328,380500
2020-07-15,89.77999877929688,90.25,88.05000305175781,89.83999633789062,85.4427490234375,267700
2020-07-16,89.81999969482422,91.01000213623047,88.81999969482422,89.54000091552734,85.15742492675781,268600
2020-07-17,90.08999633789062,90.94999694824219,89.23999786376953,89.3499984741211,84.97671508789062,329900
2020-07-20,88.62000274658203,89.12999725341797,87.36000061035156,88.08000183105469,83.76890563964844,172300
2020-07-21,88.9000015258789,89.91999816894531,88.4000015258789,89.5999984741211,85.21449279785156,221700
2020-07-22,89.44999694824219,90.37999725341797,89.44999694824219,90.18000030517578,85.76609802246094,296700
2020-07-23,90.23999786376953,92.2300033569336,89.77999877929688,90.98999786376953,86.53645324707031,442600
2020-07-24,91.62000274658203,92.37999725341797,90.4800033569336,91.52999877929688,87.0500259399414,342900
2020-07-27,93.98999786376953,96.08999633789062,91.08999633789062,93.73999786376953,89.15185546875,727800
2020-07-28,93.51000213623047,94.2300033569336,90.37000274658203,90.41000366210938,85.98484802246094,602000
2020-07-29,90.37000274658203,92.62000274658203,90.37000274658203,91.70999908447266,87.2212142944336,1069400
2020-07-30,90.29000091552734,90.95999908447266,89.13999938964844,90.95999908447266,86.50792694091797,328900
2020-07-31,90.95999908447266,91.83999633789062,88.37999725341797,90.38999938964844,85.96581268310547,572000
2020-08-03,91.1500015258789,92.73999786376953,90.31999969482422,91.95999908447266,87.45897674560547,342800
2020-08-04,91.6500015258789,92.45999908447266,91.26000213623047,92.27999877929688,87.76332092285156,242700
2020-08-05,92.5,93.97000122070312,92.48999786376953,93.55999755859375,88.98066711425781,174600
2020-08-06,93.93000030517578,93.93000030517578,93.13999938964844,93.4800033569336,88.90458679199219,213700
2020-08-07,93.43000030517578,95.27999877929688,93.02999877929688,95.23999786376953,90.57842254638672,222800
2020-08-10,95.5,97.3499984741211,92.33999633789062,96.81999969482422,92.08109283447266,513900
2020-08-11,97.79000091552734,98.94000244140625,92.9000015258789,98.05999755859375,93.2603988647461,415600
2020-08-12,98.88999938964844,98.88999938964844,97.51000213623047,98.12999725341797,93.32697296142578,274300
2020-08-13,97.80000305175781,97.97000122070312,96.83999633789062,97.38999938964844,92.62321472167969,197500
2020-08-14,96.16999816894531,98.05999755859375,96.04000091552734,97.44000244140625,92.67074584960938,197500
2020-08-17,97.58000183105469,98.25,96.98999786376953,97.69999694824219,92.91802215576172,135000
2020-08-18,97.4000015258789,97.79000091552734,96.58999633789062,96.66999816894531,91.93844604492188,167200
2020-08-19,97.01000213623047,97.38999938964844,95.86000061035156,96.18000030517578,91.47242736816406,206000
2020-08-20,95.0199966430664,95.98999786376953,94.6500015258789,95.58999633789062,90.91130065917969,182400
2020-08-21,95.44999694824219,96.30000305175781,95.33999633789062,96.19999694824219,91.491455078125,176200
2020-08-24,97.1500015258789,97.91000366210938,96.61000061035156,97.16000366210938,92.40446472167969,254100
2020-08-25,97.48999786376953,97.56999969482422,96.08999633789062,96.72000122070312,91.98600769042969,192200
2020-08-26,96.76000213623047,97.79000091552734,95.97000122070312,97.26000213623047,92.49958801269531,272300
2020-08-27,97.77999877929688,98.0,97.04000091552734,97.27999877929688,92.51859283447266,142000
2020-08-28,97.77999877929688,98.23999786376953,96.94999694824219,98.19999694824219,93.3935546875,152100
2020-08-31,97.62000274658203,99.0,96.69000244140625,96.70999908447266,91.97649383544922,196200
2020-09-01,97.08000183105469,98.05999755859375,96.37000274658203,97.58000183105469,92.80389404296875,365200
2020-09-02,97.86000061035156,98.97000122070312,97.5999984741211,98.44999694824219,93.6313247680664,411500
2020-09-03,98.62000274658203,98.63999938964844,93.70999908447266,94.45999908447266,89.83661651611328,329600
2020-09-04,95.62999725341797,96.2300033569336,94.47000122070312,94.69999694824219,90.06485748291016,331300
2020-09-08,93.94000244140625,93.94000244140625,92.0999984741211,92.4800033569336,87.95352935791016,268700
2020-09-09,93.11000061035156,94.56999969482422,93.0199966430664,94.12000274658203,89.51325988769531,279700
2020-09-10,94.18000030517578,94.18000030517578,91.69999694824219,91.97000122070312,87.46849060058594,216100
2020-09-11,92.3499984741211,92.95999908447266,91.58999633789062,92.72000122070312,88.1817855834961,313300
2020-09-14,93.33999633789062,94.08999633789062,92.87999725341797,93.88999938964844,89.29450225830078,371600
2020-09-15,94.37999725341797,94.75,93.0999984741211,93.58999633789062,89.00919342041016,227000
2020-09-16,94.48999786376953,94.48999786376953,92.47000122070312,92.81999969482422,88.27689361572266,335700
2020-09-17,91.97000122070312,93.93000030517578,90.68000030517578,93.38999938964844,88.81898498535156,337100
2020-09-18,94.18000030517578,94.18000030517578,91.22000122070312,91.72000122070312,87.23072052001953,561700
2020-09-21,90.0,90.0,87.7699966430664,88.69999694824219,84.3585433959961,353300
2020-09-22,88.81999969482422,91.69000244140625,87.94999694824219,88.80999755859375,84.46315002441406,343200
2020-09-23,88.8499984741211,89.86000061035156,87.45999908447266,87.63999938964844,83.35042572021484,369000
2020-09-24,87.41999816894531,89.87000274658203,86.87999725341797,88.75,84.4061050415039,241600
2020-09-25,88.05000305175781,89.44000244140625,87.80999755859375,88.93000030517578,84.57727813720703,185000
2020-09-28,90.23999786376953,92.0999984741211,90.08000183105469,91.41999816894531,86.9454116821289,311900
2020-09-29,90.86000061035156,91.72000122070312,90.47000122070312,91.27999877929688,87.28006744384766,266400
2020-09-30,91.83000183105469,93.0199966430664,91.37999725341797,92.04000091552734,88.00677490234375,473700
2020-10-01,92.12000274658203,93.0999984741211,90.26000213623047,90.94999694824219,86.96453857421875,319400
2020-10-02,89.33000183105469,92.88999938964844,89.33000183105469,91.87999725341797,87.8537826538086,265100
2020-10-05,92.94000244140625,95.13999938964844,92.91999816894531,94.9000015258789,90.74143981933594,222800
2020-10-06,95.38999938964844,97.0199966430664,94.61000061035156,94.81999969482422,90.66494750976562,350700
2020-10-07,96.19999694824219,97.48999786376953,91.38999938964844,95.62999725341797,91.439453125,183800
2020-10-08,96.70999908447266,96.81999969482422,93.91000366210938,96.27999877929688,92.06097412109375,149300
2020-10-09,96.9800033569336,97.05999755859375,95.55999755859375,95.9800033569336,91.77412414550781,167800
2020-10-12,97.41000366210938,98.97000122070312,96.76000213623047,97.94999694824219,93.65777587890625,287600
2020-10-13,96.66000366210938,98.36000061035156,96.66000366210938,98.01000213623047,93.71516418457031,259500
2020-10-14,98.19000244140625,100.4000015258789,98.19000244140625,98.62999725341797,94.30799865722656,224300
2020-10-15,97.48999786376953,100.7300033569336,97.12000274658203,100.41000366210938,96.0099868774414,234100
2020-10-16,100.0199966430664,101.51000213623047,100.0199966430664,100.87999725341797,96.45938873291016,198400
2020-10-19,102.69999694824219,102.69999694824219,100.44000244140625,100.77999877929688,96.36378479003906,262200
2020-10-20,101.83999633789062,102.77999877929688,101.47000122070312,101.9800033569336,97.5112075805664,227400
2020-10-21,102.63999938964844,103.62000274658203,101.44000244140625,101.66000366210938,97.2052230834961,324600
2020-10-22,102.1500015258789,104.06999969482422,102.0,103.87000274658203,99.3183822631836,232800
2020-10-23,104.8499984741211,106.19999694824219,104.19999694824219,105.54000091552734,100.91519165039062,362100
2020-10-26,104.02999877929688,104.02999877929688,102.02999877929688,102.72000122070312,98.21875762939453,389900
2020-10-27,99.6500015258789,102.2699966430664,98.98999786376953,101.58999633789062,97.13826751708984,468400
2020-10-28,100.73999786376953,101.7300033569336,99.51000213623047,100.0,95.61795043945312,474700
2020-10-29,100.30000305175781,101.66000366210938,98.54000091552734,101.31999969482422,96.88011169433594,350600
2020-10-30,100.86000061035156,101.9000015258789,100.43000030517578,101.81999969482422,97.35820007324219,465600
2020-11-02,103.25,105.3499984741211,102.66000366210938,104.93000030517578,100.33192443847656,335100
2020-11-03,105.9800033569336,108.30000305175781,105.48999786376953,107.8499984741211,103.12397003173828,275800
2020-11-04,105.37000274658203,106.30000305175781,102.72000122070312,102.79000091552734,98.28569793701172,341900
2020-11-05,103.98999786376953,107.0,103.8499984741211,105.77999877929688,101.14469146728516,268000
2020-11-06,106.45999908447266,106.52999877929688,104.91000366210938,105.06999969482422,100.46578979492188,172600
2020-11-09,110.26000213623047,111.93000030517578,108.13999938964844,108.23999786376953,103.49687957763672,326400
2020-11-10,108.98999786376953,112.06999969482422,108.20999908447266,111.16999816894531,106.2984848022461,279800
2020-11-11,111.63999938964844,112.38999938964844,109.66000366210938,112.31999969482422,107.39808654785156,252800
2020-11-12,111.87999725341797,112.33999633789062,110.6500015258789,111.2300033569336,106.3558578491211,481400
2020-11-13,111.9000015258789,114.83000183105469,111.9000015258789,114.52999877929688,109.51124572753906,305100
2020-11-16,115.1500015258789,118.44000244140625,115.0199966430664,117.79000091552734,112.6283950805664,334900
2020-11-17,116.73999786376953,116.77999877929688,114.36000061035156,116.16000366210938,111.06983184814453,223400
2020-11-18,116.7699966430664,117.43000030517578,114.5,114.58999633789062,109.56861877441406,196000
2020-11-19,114.0,114.7300033569336,113.43000030517578,114.62999725341797,109.60687255859375,185700
2020-11-20,114.91999816894531,114.94000244140625,112.87000274658203,113.29000091552734,108.32559967041016,287400
2020-11-23,114.36000061035156,115.0,113.56999969482422,114.02999877929688,109.03316497802734,149600
2020-11-24,115.5999984741211,116.41000366210938,114.36000061035156,115.62999725341797,110.56305694580078,246700
2020-11-25,115.37000274658203,115.37000274658203,113.48999786376953,114.19000244140625,109.18614959716797,187300
2020-11-27,114.70999908447266,115.2300033569336,112.87000274658203,115.01000213623047,109.97020721435547,69400
2020-11-30,115.19999694824219,115.73999786376953,113.38999938964844,115.0,109.96064758300781,204500
2020-12-01,116.41000366210938,116.55000305175781,115.05000305175781,116.0,110.91682434082031,210600
2020-12-02,115.44000244140625,116.43000030517578,114.7300033569336,114.94999694824219,109.9128646850586,165800
2020-12-03,114.80000305175781,115.76000213623047,113.93000030517578,114.2300033569336,109.22438049316406,177000
2020-12-04,115.22000122070312,117.91999816894531,114.77999877929688,117.91999816894531,112.752685546875,187900
2020-12-07,117.79000091552734,118.4800033569336,117.3499984741211,118.26000213623047,113.07780456542969,235100
2020-12-08,118.27999877929688,119.62999725341797,118.0,119.51000213623047,114.27302551269531,181800
2020-12-09,119.98999786376953,121.13999938964844,118.25,120.08999633789062,114.82759094238281,282800
2020-12-10,119.7699966430664,120.43000030517578,118.56999969482422,119.5,114.26346588134766,501500
2020-12-11,118.9000015258789,120.76000213623047,118.36000061035156,120.70999908447266,115.42044067382812,294300
2020-12-14,122.37999725341797,122.51000213623047,118.27999877929688,118.27999877929688,113.09693145751953,174000
2020-12-15,119.5199966430664,121.1500015258789,118.61000061035156,120.16000366210938,114.89454650878906,169300
2020-12-16,120.5999984741211,120.5999984741211,118.4800033569336,118.98999786376953,113.77580261230469,180600
2020-12-17,119.48999786376953,119.83999633789062,118.44999694824219,119.16000366210938,113.9383544921875,193100
2020-12-18,119.54000091552734,120.13999938964844,117.6500015258789,118.72000122070312,113.51764678955078,565700
2020-12-21,117.30999755859375,119.0999984741211,116.0199966430664,118.81999969482422,113.61326599121094,301700
2020-12-22,118.87999725341797,119.41000366210938,118.05999755859375,118.38999938964844,113.20210266113281,106300
2020-12-23,119.2300033569336,119.44000244140625,118.05999755859375,118.8499984741211,113.64193725585938,152200
2020-12-24,119.62000274658203,119.62000274658203,117.75,118.80999755859375,113.60369873046875,72200
2020-12-28,119.06999969482422,119.51000213623047,117.38999938964844,117.94999694824219,112.7813949584961,178300
2020-12-29,118.08999633789062,118.6500015258789,114.63999938964844,116.0,110.91682434082031,179500
2020-12-30,115.87999725341797,117.43000030517578,115.87999725341797,116.5999984741211,111.98287200927734,127800
2020-12-31,116.8499984741211,117.4800033569336,115.66000366210938,116.25,111.64673614501953,195200
2021-01-04,116.69000244140625,116.87999725341797,112.68000030517578,113.7300033569336,109.22651672363281,234300
2021-01-05,113.7300033569336,115.7300033569336,113.7300033569336,115.05000305175781,110.49425506591797,207100
2021-01-06,116.76000213623047,121.5199966430664,116.76000213623047,120.66000366210938,115.88211822509766,386800
2021-01-07,121.08999633789062,123.01000213623047,119.9800033569336,122.52999877929688,117.67805480957031,236100
2021-01-08,122.5199966430664,123.0,119.3499984741211,121.5,116.6888427734375,183500
2021-01-11,120.73999786376953,122.19999694824219,120.41000366210938,121.94999694824219,117.12103271484375,179700
2021-01-12,122.44999694824219,123.41999816894531,121.16000366210938,121.80000305175781,116.97697448730469,132600
2021-01-13,121.66000366210938,121.66000366210938,118.69999694824219,118.80000305175781,114.09577178955078,172400
2021-01-14,118.93000030517578,120.05999755859375,118.08999633789062,118.47000122070312,113.7788314819336,168800
2021-01-15,117.58999633789062,121.13999938964844,114.80999755859375,118.25,113.56755065917969,404800
2021-01-19,119.54000091552734,121.19000244140625,119.2699966430664,119.98999786376953,115.2386474609375,366800
2021-01-20,119.75,122.4800033569336,119.31999969482422,122.13999938964844,117.30352020263672,276600
2021-01-21,122.44999694824219,122.44999694824219,120.48999786376953,120.9800033569336,116.18944549560547,174500
2021-01-22,120.69000244140625,123.73999786376953,119.87999725341797,123.4000015258789,118.51361083984375,299800
2021-01-25,122.81999969482422,125.23999786376953,121.0199966430664,121.47000122070312,116.6600341796875,319500
2021-01-26,121.94000244140625,121.94000244140625,118.08999633789062,119.1500015258789,114.4319076538086,246500
2021-01-27,117.20999908447266,119.19999694824219,114.62999725341797,117.47000122070312,112.81844329833984,316300
2021-01-28,118.98999786376953,119.52999877929688,117.0,117.22000122070312,112.57833099365234,274700
2021-01-29,116.91000366210938,117.22000122070312,113.91000366210938,114.5,109.9660415649414,618600
2021-02-01,116.70999908447266,117.06999969482422,113.72000122070312,115.77999877929688,111.19535064697266,215800
2021-02-02,116.41000366210938,117.47000122070312,115.1500015258789,116.83999633789062,112.21338653564453,220500
2021-02-03,116.94000244140625,116.94000244140625,115.18000030517578,115.8499984741211,111.2625732421875,140700
2021-02-04,116.12000274658203,117.08999633789062,114.06999969482422,114.33000183105469,109.80277252197266,354900
2021-02-05,114.98999786376953,115.86000061035156,113.86000061035156,115.20999908447266,110.6479263305664,419700
2021-02-08,117.51000213623047,117.51000213623047,115.52999877929688,116.18000030517578,111.57950592041016,377300
2021-02-09,116.2699966430664,116.44999694824219,114.38999938964844,115.51000213623047,110.93603515625,283700
2021-02-10,115.9800033569336,117.2300033569336,115.75,116.69000244140625,112.06932067871094,201100
2021-02-11,117.12000274658203,117.54000091552734,114.5,116.36000061035156,111.75238800048828,354700
2021-02-12,114.37999725341797,116.01000213623047,110.5199966430664,115.75,111.16654205322266,461000
2021-02-16,117.02999877929688,117.72000122070312,114.79000091552734,116.56999969482422,111.95405578613281,262100
2021-02-17,116.0199966430664,116.80000305175781,114.12000274658203,114.2699966430664,109.74512481689453,256100
2021-02-18,114.33000183105469,114.91000366210938,112.44000244140625,113.20999908447266,108.72712707519531,219500
2021-02-19,114.30000305175781,116.13999938964844,114.30000305175781,115.41000366210938,110.83999633789062,200100
2021-02-22,114.80999755859375,117.4000015258789,114.66999816894531,116.12999725341797,111.531494140625,255400
2021-02-23,115.8499984741211,117.44999694824219,115.25,117.06999969482422,112.43426513671875,202400
2021-02-24,116.66999816894531,119.58999633789062,116.1500015258789,119.12999725341797,114.4126968383789,179400
2021-02-25,118.66999816894531,119.5,117.23999786376953,117.62999725341797,112.97208404541016,131600
2021-02-26,117.75,119.88999938964844,116.94999694824219,118.11000061035156,113.43309020996094,344500
2021-03-01,119.88999938964844,121.62999725341797,119.88999938964844,120.36000061035156,115.59398651123047,203800
2021-03-02,120.11000061035156,120.12000274658203,118.58999633789062,119.4800033569336,114.74883270263672,153200
2021-03-03,119.83000183105469,121.23999786376953,118.7300033569336,119.52999877929688,114.7968521118164,148500
2021-03-04,119.94999694824219,119.94999694824219,113.91999816894531,115.19999694824219,110.63831329345703,261500
2021-03-05,116.08000183105469,119.94000244140625,114.48999786376953,119.68000030517578,114.94092559814453,240000
2021-03-08,120.56999969482422,123.0999984741211,119.12999725341797,121.83000183105469,117.00578308105469,220900
2021-03-09,122.69000244140625,122.72000122070312,119.36000061035156,119.44999694824219,114.72003173828125,195300
2021-03-10,120.97000122070312,121.98999786376953,119.48999786376953,121.3499984741211,116.54478454589844,194400
2021-03-11,121.87999725341797,123.25,120.91000366210938,122.37999725341797,117.53401184082031,207700
2021-03-12,122.66999816894531,123.83999633789062,121.98999786376953,123.54000091552734,118.64807891845703,174300
2021-03-15,123.62000274658203,126.81999969482422,122.62999725341797,126.63999938964844,121.62532043457031,297200
2021-03-16,126.20999908447266,126.5199966430664,123.01000213623047,124.7300033569336,119.79096221923828,251400
2021-03-17,123.7699966430664,126.29000091552734,122.80000305175781,125.95999908447266,120.97225189208984,231700
2021-03-18,126.08999633789062,129.0399932861328,125.43000030517578,125.56999969482422,120.59768676757812,171900
2021-03-19,125.02999877929688,126.0,123.58999633789062,124.0,119.08984375,505500
2021-03-22,124.4800033569336,124.4800033569336,121.95999908447266,123.69000244140625,118.79212951660156,144800
2021-03-23,122.79000091552734,123.7300033569336,120.5199966430664,120.76000213623047,115.97815704345703,172100
2021-03-24,121.69000244140625,123.73999786376953,120.5199966430664,121.76000213623047,116.93856811523438,181000
2021-03-25,121.12000274658203,123.68000030517578,118.62999725341797,122.98999786376953,118.11985778808594,169900
2021-03-26,123.63999938964844,125.31999969482422,122.75,124.58000183105469,119.64689636230469,175800
2021-03-29,124.55999755859375,125.98999786376953,120.06999969482422,123.72000122070312,118.8209457397461,168300
2021-03-30,123.58000183105469,124.94999694824219,122.93000030517578,124.16999816894531,119.74674224853516,174100
2021-03-31,124.19999694824219,125.69000244140625,122.48999786376953,122.94000244140625,118.56056213378906,283300
2021-04-01,123.37999725341797,123.75,122.30999755859375,123.70999908447266,119.3031234741211,201200
2021-04-05,124.25,125.0,123.19000244140625,124.45999908447266,120.02642059326172,170900
2021-04-06,124.80999755859375,125.18000030517578,123.6500015258789,123.88999938964844,119.47672271728516,251100
2021-04-07,124.01000213623047,124.01000213623047,121.18000030517578,121.5999984741211,117.26830291748047,152800
2021-04-08,121.5999984741211,121.61000061035156,119.62000274658203,120.43000030517578,116.13998413085938,233700
2021-04-09,120.66999816894531,122.4000015258789,120.4000015258789,122.13999938964844,117.7890625,155100
2021-04-12,122.51000213623047,122.6500015258789,121.29000091552734,122.55999755859375,118.19409942626953,172600
2021-04-13,122.5,123.47000122070312,119.68000030517578,120.2300033569336,115.94709777832031,139900
2021-04-14,120.77999877929688,123.2300033569336,120.58000183105469,122.58000183105469,118.21337890625,186400
2021-04-15,122.77999877929688,123.2300033569336,121.80999755859375,123.05999755859375,118.67628479003906,179500
2021-04-16,123.7699966430664,125.06999969482422,123.01000213623047,123.76000213623047,119.35134887695312,258000
2021-04-19,123.91000366210938,125.37999725341797,123.16999816894531,125.29000091552734,120.82685089111328,249100
2021-04-20,125.2300033569336,126.33000183105469,123.77999877929688,124.52999877929688,120.09390258789062,241700
2021-04-21,124.7300033569336,127.25,124.7300033569336,125.9800033569336,121.49227905273438,225200
2021-04-22,126.18000030517578,126.8499984741211,124.94000244140625,125.19000244140625,120.73042297363281,134500
2021-04-23,125.19000244140625,127.44999694824219,125.13999938964844,126.4800033569336,121.9744644165039,203900
2021-04-26,127.37000274658203,128.99000549316406,126.30999755859375,126.8499984741211,122.3312759399414,288200
2021-04-27,126.8499984741211,130.14999389648438,125.58999633789062,129.63999938964844,125.02188873291016,447700
2021-04-28,131.99000549316406,131.99000549316406,129.50999450683594,130.27000427246094,125.62945556640625,392200
2021-04-29,130.60000610351562,132.72999572753906,130.3699951171875,132.14999389648438,127.44245910644531,316500
2021-04-30,131.69000244140625,132.13999938964844,127.56999969482422,128.0500030517578,123.488525390625,460300
2021-05-03,128.77000427246094,130.75,127.68000030517578,129.52999877929688,124.91580200195312,210400
2021-05-04,128.8300018310547,132.14999389648438,128.8300018310547,131.82000732421875,127.12423706054688,237600
2021-05-05,132.22999572753906,132.77000427246094,130.77999877929688,131.97000122070312,127.26890563964844,178600
2021-05-06,132.77999877929688,133.6199951171875,131.5500030517578,133.61000061035156,128.85047912597656,154700
2021-05-07,132.82000732421875,135.02999877929688,131.97000122070312,133.89999389648438,129.13014221191406,212000
2021-05-10,134.75,136.0399932861328,134.07000732421875,134.89999389648438,130.094482421875,183600
2021-05-11,132.86000061035156,133.9499969482422,131.35000610351562,132.1199951171875,127.4135513305664,184000
2021-05-12,131.27999877929688,132.42999267578125,126.98999786376953,127.1500015258789,122.62059020996094,207900
2021-05-13,127.1500015258789,131.92999267578125,127.13999938964844,131.4499969482422,126.76741790771484,253700
2021-05-14,132.41000366210938,133.74000549316406,131.42999267578125,132.2899932861328,127.57748413085938,157000
2021-05-17,132.25999450683594,132.47999572753906,130.3300018310547,131.13999938964844,126.46845245361328,138100
2021-05-18,130.94000244140625,131.41000366210938,128.36000061035156,128.3699951171875,123.79712677001953,171800
2021-05-19,127.4000015258789,128.3699951171875,125.5199966430664,128.3699951171875,123.79712677001953,220700
2021-05-20,128.22999572753906,128.7100067138672,127.7300033569336,127.91999816894531,123.3631591796875,152000
2021-05-21,128.8300018310547,129.07000732421875,127.43000030517578,128.16000366210938,123.59461212158203,143000
2021-05-24,129.27000427246094,129.27000427246094,127.83000183105469,128.6199951171875,124.03822326660156,142200
2021-05-25,128.49000549316406,129.91000366210938,127.19999694824219,127.25,122.71702575683594,163400
2021-05-26,127.22000122070312,128.3000030517578,126.55000305175781,128.3000030517578,123.72962188720703,155800
2021-05-27,128.8000030517578,129.52999877929688,128.36000061035156,129.05999755859375,124.4625473022461,273100
2021-05-28,129.30999755859375,129.75999450683594,128.36000061035156,128.5800018310547,123.99964141845703,163500
2021-06-01,129.75999450683594,131.4600067138672,128.0800018310547,130.94000244140625,126.27557373046875,211300
2021-06-02,130.97999572753906,132.1300048828125,129.10000610351562,129.30999755859375,124.7036361694336,137100
2021-06-03,129.33999633789062,130.25,127.4000015258789,129.9199981689453,125.29192352294922,142900
2021-06-04,130.25,131.41000366210938,129.7100067138672,130.77000427246094,126.11164093017578,90900
2021-06-07,130.7100067138672,131.85000610351562,128.63999938964844,128.8699951171875,124.27931213378906,116400
2021-06-08,128.6300048828125,130.49000549316406,127.4000015258789,130.3699951171875,125.72589111328125,147700
2021-06-09,130.0399932861328,130.25999450683594,128.39999389648438,128.88999938964844,124.29859161376953,91900
2021-06-10,129.4499969482422,129.91000366210938,128.41000366210938,128.52999877929688,123.95142364501953,128900
2021-06-11,129.16000366210938,129.5800018310547,128.02999877929688,128.88999938964844,124.29859161376953,119100
2021-06-14,128.7100067138672,128.7100067138672,126.0,126.61000061035156,122.0998306274414,224600
2021-06-15,126.44999694824219,128.22000122070312,126.2699966430664,127.98999786376953,123.4306640625,162200
2021-06-16,127.4000015258789,127.66000366210938,125.69999694824219,125.88999938964844,121.40547943115234,133700
2021-06-17,126.11000061035156,126.11000061035156,121.66000366210938,123.47000122070312,119.07168579101562,186100
2021-06-18,122.33000183105469,125.18000030517578,121.80000305175781,123.63999938964844,119.23563385009766,646000
2021-06-21,124.66000366210938,127.9000015258789,123.68000030517578,127.69000244140625,123.141357421875,319000
2021-06-22,129.17999267578125,129.49000549316406,127.16000366210938,128.80999755859375,124.22145080566406,328700
2021-06-23,129.05999755859375,130.6699981689453,128.42999267578125,129.94000244140625,125.31119537353516,234000
2021-06-24,130.6999969482422,132.3699951171875,130.0500030517578,131.99000549316406,127.2881851196289,282100
2021-06-25,132.0,133.07000732421875,131.41000366210938,132.16000366210938,127.45211029052734,1045300
2021-06-28,132.16000366210938,133.00999450683594,130.61000061035156,131.99000549316406,127.2881851196289,218500
2021-06-29,131.97999572753906,132.5500030517578,131.0800018310547,132.0800018310547,127.86903381347656,327600
2021-06-30,131.57000732421875,132.07000732421875,130.0500030517578,131.7100067138672,127.51085662841797,402800
2021-07-01,132.36000061035156,133.11000061035156,131.8800048828125,132.27000427246094,128.05299377441406,392200
2021-07-02,132.36000061035156,134.7100067138672,131.86000061035156,134.52000427246094,130.2312469482422,288700
2021-07-06,134.33999633789062,134.33999633789062,132.6199951171875,133.39999389648438,129.14694213867188,458200
2021-07-07,132.91000366210938,134.99000549316406,132.6300048828125,134.52999877929688,130.24095153808594,175400
2021-07-08,132.64999389648438,133.94000244140625,131.1199951171875,132.83999633789062,128.60484313964844,229500
2021-07-09,134.11000061035156,135.39999389648438,133.94000244140625,134.6999969482422,130.40550231933594,178600
2021-07-12,134.0399932861328,135.80999755859375,133.4199981689453,135.75,131.4220428466797,181100
2021-07-13,135.67999267578125,135.85000610351562,134.3300018310547,134.80999755859375,130.5120086669922,151700
2021-07-14,135.2899932861328,135.9600067138672,133.42999267578125,134.66000366210938,130.36679077148438,162800
2021-07-15,133.8699951171875,135.77000427246094,133.4499969482422,135.13999938964844,130.83148193359375,142200
2021-07-16,135.99000549316406,135.99000549316406,134.0,134.2899932861328,130.0085906982422,189800
2021-07-19,132.32000732421875,134.25,129.94000244140625,131.25,127.06549072265625,239200
2021-07-20,131.91000366210938,135.75,131.91000366210938,135.05999755859375,130.75401306152344,266100
2021-07-21,135.58999633789062,137.19000244140625,134.66000366210938,135.72999572753906,131.4026641845703,180500
2021-07-22,135.97999572753906,136.17999267578125,133.6300048828125,134.6199951171875,130.32806396484375,139200
2021-07-23,135.33999633789062,136.00999450683594,133.99000549316406,135.91000366210938,131.5769500732422,188600
2021-07-26,136.25999450683594,137.64999389648438,134.33999633789062,137.24000549316406,132.86453247070312,297900
2021-07-27,135.91000366210938,136.14999389648438,132.50999450683594,135.80999755859375,131.48013305664062,410600
2021-07-28,136.8300018310547,137.22000122070312,135.0,136.72999572753906,132.3708038330078,254800
2021-07-29,137.80999755859375,139.60000610351562,136.99000549316406,138.50999450683594,134.0940399169922,225500
2021-07-30,137.8300018310547,140.0,137.5500030517578,139.42999267578125,134.98468017578125,529500
2021-08-02,140.25,141.1199951171875,137.3000030517578,137.42999267578125,133.04847717285156,284900
2021-08-03,138.22999572753906,139.61000061035156,136.24000549316406,139.58999633789062,135.1396026611328,218000
2021-08-04,139.05999755859375,139.94000244140625,137.0800018310547,137.19000244140625,132.81613159179688,132000
2021-08-05,138.41000366210938,138.97000122070312,137.42999267578125,138.80999755859375,134.3844757080078,169700
2021-08-06,139.33999633789062,140.1300048828125,138.3800048828125,139.50999450683594,135.06214904785156,209400
2021-08-09,143.25999450683594,143.25999450683594,138.25999450683594,139.75,135.2945098876953,175700
2021-08-10,140.27999877929688,143.0800018310547,139.8000030517578,141.9499969482422,137.4243621826172,233900
2021-08-11,142.6199951171875,143.16000366210938,141.6999969482422,142.60000610351562,138.0536346435547,174600
2021-08-12,143.0399932861328,143.27000427246094,141.99000549316406,142.5500030517578,138.0052490234375,148000
2021-08-13,142.49000549316406,143.3000030517578,141.75,141.85000610351562,137.32754516601562,171000
2021-08-16,141.6300048828125,142.2100067138672,140.6300048828125,141.58999633789062,137.07583618164062,152200
2021-08-17,140.80999755859375,140.86000061035156,138.4600067138672,140.10000610351562,135.63336181640625,134400
2021-08-18,139.41000366210938,140.22999572753906,137.69000244140625,137.75999450683594,133.36795043945312,121100
2021-08-19,136.17999267578125,137.5,135.60000610351562,136.57000732421875,132.21588134765625,155600
2021-08-20,136.52999877929688,137.4499969482422,136.10000610351562,136.35000610351562,132.00291442871094,193700
2021-08-23,136.11000061035156,137.5800018310547,136.11000061035156,136.8300018310547,132.4676055908203,193400
2021-08-24,137.27000427246094,138.5800018310547,136.97999572753906,138.3300018310547,133.9197998046875,165300
2021-08-25,138.14999389648438,139.97999572753906,137.7100067138672,138.75,134.32638549804688,161000
2021-08-26,139.00999450683594,139.19000244140625,137.7899932861328,138.19000244140625,133.7842559814453,119700
2021-08-27,138.7899932861328,140.83999633789062,138.66000366210938,140.36000061035156,135.8850860595703,197400
2021-08-30,140.6199951171875,141.69000244140625,140.1999969482422,141.4600067138672,136.94998168945312,118900
2021-08-31,141.4600067138672,141.6300048828125,139.22000122070312,139.61000061035156,135.15899658203125,152300
2021-09-01,140.19000244140625,140.19000244140625,136.24000549316406,137.1300048828125,132.758056640625,246300
2021-09-02,137.77999877929688,138.4199981689453,136.72999572753906,137.8000030517578,133.40667724609375,144000
2021-09-03,137.42999267578125,138.0,136.1999969482422,136.3800048828125,132.0319366455078,83300
2021-09-07,135.89999389648438,135.89999389648438,133.47999572753906,134.05999755859375,129.78591918945312,185900
2021-09-08,133.89999389648438,136.17999267578125,133.66000366210938,135.6699981689453,131.34458923339844,264600
2021-09-09,135.38999938964844,136.5399932861328,133.55999755859375,134.2100067138672,129.93113708496094,145500
2021-09-10,135.0500030517578,135.69000244140625,133.3300018310547,133.3300018310547,129.07919311523438,169600
2021-09-13,134.47999572753906,134.47999572753906,132.1999969482422,134.1199951171875,129.84400939941406,159100
2021-09-14,134.69000244140625,134.88999938964844,130.85000610351562,131.3800048828125,127.19136047363281,287300
2021-09-15,131.55999755859375,134.50999450683594,131.22999572753906,134.4499969482422,130.16348266601562,269400
2021-09-16,134.99000549316406,135.36000061035156,132.57000732421875,133.42999267578125,129.176025390625,184700
2021-09-17,133.8300018310547,133.8300018310547,131.5800018310547,132.5,128.27566528320312,626000
2021-09-20,130.1999969482422,131.3300018310547,128.72000122070312,131.16000366210938,126.97838592529297,261900
2021-09-21,131.64999389648438,131.83999633789062,129.80999755859375,130.52000427246094,126.35877990722656,181900
2021-09-22,131.27000427246094,133.02000427246094,131.27000427246094,132.02000427246094,127.81095886230469,185100
2021-09-23,132.72999572753906,134.3699951171875,131.74000549316406,133.6199951171875,129.3599395751953,304500
2021-09-24,133.3300018310547,133.97999572753906,133.02999877929688,133.14999389648438,128.90492248535156,158200
2021-09-27,133.02999877929688,134.88999938964844,133.02999877929688,133.6300048828125,129.36965942382812,166900
2021-09-28,133.4199981689453,133.75,130.6999969482422,131.72000122070312,127.52051544189453,198600
2021-09-29,131.8000030517578,132.85000610351562,130.16000366210938,132.13999938964844,128.4243621826172,170900
2021-09-30,132.80999755859375,133.77000427246094,128.5399932861328,128.7899932861328,125.16856384277344,414300
2021-10-01,129.05999755859375,131.17999267578125,127.9000015258789,130.63999938964844,126.966552734375,289600
2021-10-04,130.52999877929688,132.8800048828125,129.77999877929688,132.24000549316406,128.52154541015625,234100
2021-10-05,132.86000061035156,134.80999755859375,131.75999450683594,134.24000549316406,130.46533203125,229400
2021-10-06,133.36000061035156,134.58999633789062,130.9499969482422,134.4199981689453,130.6402587890625,212400
2021-10-07,135.17999267578125,136.9199981689453,135.17999267578125,136.00999450683594,132.185546875,141000
2021-10-08,136.24000549316406,136.5800018310547,134.6300048828125,135.72999572753906,131.91342163085938,155900
2021-10-11,135.4199981689453,135.97999572753906,133.22000122070312,133.3000030517578,129.5517578125,128100
2021-10-12,133.36000061035156,134.30999755859375,131.6699981689453,131.8300018310547,128.12307739257812,146400
2021-10-13,132.11000061035156,133.22999572753906,131.10000610351562,132.47000122070312,128.7451171875,149500
2021-10-14,133.33999633789062,136.7100067138672,133.05999755859375,136.39999389648438,132.56459045410156,135900
2021-10-15,137.35000610351562,139.22999572753906,135.49000549316406,138.80999755859375,134.90682983398438,175800
2021-10-18,138.5,139.94000244140625,137.39999389648438,139.5500030517578,135.62600708007812,190900
2021-10-19,139.1999969482422,140.44000244140625,138.9499969482422,140.11000061035156,136.17027282714844,114600
2021-10-20,140.8000030517578,144.9199981689453,140.00999450683594,144.57000732421875,140.50485229492188,295900
2021-10-21,143.94000244140625,145.7100067138672,143.0800018310547,145.69000244140625,141.59335327148438,164000
2021-10-22,146.4499969482422,147.02999877929688,144.32000732421875,144.50999450683594,140.44651794433594,145900
2021-10-25,144.07000732421875,146.2899932861328,143.41000366210938,145.61000061035156,141.51559448242188,214300
2021-10-26,146.02999877929688,147.0800018310547,144.7100067138672,145.5399932861328,141.44757080078125,227600
2021-10-27,145.30999755859375,146.35000610351562,143.8800048828125,143.94000244140625,139.89259338378906,303800
2021-10-28,143.55999755859375,143.57000732421875,138.47000122070312,140.39999389648438,136.4521026611328,304400
2021-10-29,141.02999877929688,143.22999572753906,140.1199951171875,142.39999389648438,138.39585876464844,354600
2021-11-01,142.82000732421875,144.3800048828125,140.94000244140625,142.91000366210938,138.8915252685547,234300
2021-11-02,142.92999267578125,144.86000061035156,141.74000549316406,144.0399932861328,139.98973083496094,202500
2021-11-03,143.74000549316406,144.00999450683594,139.9600067138672,141.42999267578125,137.45314025878906,200700
2021-11-04,141.8699951171875,143.92999267578125,141.27000427246094,142.2899932861328,138.28897094726562,156300
2021-11-05,143.6999969482422,144.3699951171875,142.64999389648438,143.30999755859375,139.2802734375,150300
2021-11-08,143.82000732421875,144.44000244140625,142.69000244140625,144.0,139.9508819580078,176900
2021-11-09,144.02999877929688,144.7100067138672,142.4600067138672,144.00999450683594,139.96060180664062,124000
2021-11-10,143.72999572753906,144.60000610351562,142.92999267578125,143.38999938964844,139.3580322265625,93100
2021-11-11,143.85000610351562,143.85000610351562,142.27999877929688,142.8300018310547,138.81378173828125,84300
2021-11-12,143.1300048828125,144.5,142.22999572753906,144.27000427246094,140.21328735351562,82300
2021-11-15,145.1699981689453,145.82000732421875,143.6999969482422,145.7100067138672,141.61279296875,115900
2021-11-16,145.85000610351562,146.8800048828125,144.77000427246094,145.39999389648438,141.31150817871094,152000
2021-11-17,145.38999938964844,145.80999755859375,143.6999969482422,145.60000610351562,141.5059051513672,118700
2021-11-18,145.6300048828125,146.6300048828125,144.5399932861328,144.6699981689453,140.60202026367188,153000
2021-11-19,144.85000610351562,147.42999267578125,144.85000610351562,146.0399932861328,141.93353271484375,207600
2021-11-22,146.8300018310547,148.5399932861328,145.24000549316406,145.61000061035156,141.51559448242188,227300
2021-11-23,145.85000610351562,146.5,144.27999877929688,145.72000122070312,141.6225128173828,143600
2021-11-24,145.08999633789062,146.1999969482422,144.4600067138672,145.33999633789062,141.25318908691406,85600
2021-11-26,141.5,141.8699951171875,140.0,140.2100067138672,136.2674560546875,103100
2021-11-29,141.63999938964844,141.63999938964844,138.3300018310547,139.86000061035156,135.92730712890625,115300
2021-11-30,138.63999938964844,138.63999938964844,134.1999969482422,134.9600067138672,131.16506958007812,218100
2021-12-01,137.1199951171875,139.99000549316406,131.97000122070312,132.14999389648438,128.43406677246094,313100
2021-12-02,132.8699951171875,136.64999389648438,131.92999267578125,135.6199951171875,131.80650329589844,157600
2021-12-03,135.27999877929688,139.8800048828125,133.11000061035156,134.63999938964844,130.8540802001953,125200
2021-12-06,136.52999877929688,139.89999389648438,135.47000122070312,136.0399932861328,132.21470642089844,218400
2021-12-07,137.2100067138672,138.05999755859375,135.60000610351562,136.00999450683594,132.185546875,191900
2021-12-08,136.42999267578125,138.00999450683594,135.50999450683594,136.5500030517578,132.7103729248047,124200
2021-12-09,135.5800018310547,137.3000030517578,134.8800048828125,135.91000366210938,132.08836364746094,159500
2021-12-10,136.63999938964844,138.11000061035156,135.2100067138672,135.97999572753906,132.15640258789062,119500
2021-12-13,135.32000732421875,136.02999877929688,133.35000610351562,133.60000610351562,129.84332275390625,239600
2021-12-14,132.7100067138672,134.2899932861328,132.1300048828125,132.74000549316406,129.00750732421875,271200
2021-12-15,133.27999877929688,134.42999267578125,131.9199981689453,134.08999633789062,130.3195343017578,274600
2021-12-16,134.25999450683594,135.57000732421875,133.17999267578125,134.7100067138672,130.92210388183594,344600
2021-12-17,133.80999755859375,137.8800048828125,133.60000610351562,135.17999267578125,131.37889099121094,1156800
2021-12-20,133.75999450683594,134.0399932861328,129.6199951171875,131.41000366210938,127.71488189697266,403400
2021-12-21,132.7100067138672,135.7899932861328,131.69000244140625,135.25,131.4468994140625,179100
2021-12-22,135.3699951171875,136.19000244140625,134.3800048828125,135.7899932861328,131.97174072265625,128100
2021-12-23,136.5800018310547,138.0,136.5800018310547,137.55999755859375,133.69195556640625,122400
2021-12-27,137.8300018310547,139.6300048828125,136.99000549316406,139.5399932861328,135.61627197265625,122200
2021-12-28,139.25999450683594,140.7899932861328,139.25999450683594,140.25999450683594,136.31605529785156,97600
2021-12-29,139.9499969482422,141.8000030517578,139.9499969482422,140.94000244140625,136.9769287109375,146500
2021-12-30,140.77000427246094,141.32000732421875,139.02999877929688,139.17999267578125,135.80601501464844,147900
2021-12-31,139.16000366210938,140.5500030517578,139.0399932861328,139.47000122070312,136.0889892578125,123700
2022-01-03,139.14999389648438,140.3699951171875,136.89999389648438,139.0800018310547,135.7084503173828,205800
2022-01-04,139.6199951171875,141.8699951171875,138.60000610351562,139.72000122070312,136.33291625976562,240300
2022-01-05,140.22999572753906,142.05999755859375,138.61000061035156,138.80999755859375,135.4449920654297,141200
2022-01-06,141.5399932861328,142.49000549316406,139.63999938964844,139.77999877929688,136.39146423339844,230500
2022-01-07,139.55999755859375,141.75999450683594,138.6699981689453,139.77999877929688,136.39146423339844,173300
2022-01-10,138.77000427246094,139.42999267578125,137.10000610351562,138.19000244140625,134.83999633789062,185100
2022-01-11,138.35000610351562,138.4199981689453,135.42999267578125,138.02999877929688,134.68389892578125,130500
2022-01-12,138.47999572753906,139.41000366210938,137.07000732421875,137.61000061035156,134.27407836914062,141000
2022-01-13,137.66000366210938,138.91000366210938,136.47000122070312,137.13999938964844,133.81546020507812,216200
2022-01-14,136.19000244140625,136.5399932861328,134.36000061035156,135.60000610351562,132.3128204345703,201400
2022-01-18,135.02000427246094,135.02000427246094,133.3800048828125,133.83999633789062,130.59547424316406,173800
2022-01-19,134.47000122070312,134.47000122070312,132.1999969482422,132.3699951171875,129.16110229492188,139000
2022-01-20,132.66000366210938,133.0399932861328,129.13999938964844,129.4499969482422,126.31189727783203,156100
2022-01-21,129.38999938964844,131.2899932861328,128.32000732421875,128.8800048828125,125.75570678710938,184100
2022-01-24,127.75,132.75999450683594,127.05000305175781,132.55999755859375,129.34649658203125,285400
2022-01-25,130.99000549316406,131.42999267578125,127.22000122070312,129.8699951171875,126.72171020507812,253500
2022-01-26,130.47999572753906,132.2899932861328,126.1500015258789,127.33000183105469,124.2432861328125,327900
2022-01-27,128.32000732421875,129.47000122070312,123.83999633789062,124.83000183105469,121.80388641357422,276400
2022-01-28,124.94999694824219,126.12999725341797,122.5999984741211,125.88999938964844,122.83819580078125,328600
2022-01-31,125.0,128.4199981689453,123.7699966430664,127.83999633789062,124.74092102050781,494000
2022-02-01,127.83999633789062,129.44000244140625,126.88999938964844,129.0800018310547,125.95085144042969,172700
2022-02-02,128.9199981689453,129.25999450683594,127.37000274658203,128.41000366210938,125.29710388183594,160600
2022-02-03,127.93000030517578,129.86000061035156,127.33000183105469,127.83999633789062,124.74092102050781,287400
2022-02-04,127.23999786376953,128.1999969482422,125.05000305175781,126.6500015258789,123.57978057861328,131100
2022-02-07,126.86000061035156,128.85000610351562,125.7300033569336,126.7300033569336,123.65782928466797,163400
2022-02-08,126.87000274658203,129.86000061035156,126.29000091552734,129.6300048828125,126.487548828125,219400
2022-02-09,130.5399932861328,131.52000427246094,129.39999389648438,130.19000244140625,127.03395080566406,294600
2022-02-10,130.1199951171875,130.1199951171875,126.4000015258789,126.88999938964844,123.81394958496094,320500
2022-02-11,128.07000732421875,128.35000610351562,125.05000305175781,125.95999908447266,122.90650177001953,248000
2022-02-14,126.45999908447266,127.51000213623047,125.30000305175781,126.76000213623047,123.68710327148438,297900
2022-02-15,128.19000244140625,129.25,126.9000015258789,127.43000030517578,124.34085845947266,252400
2022-02-16,126.87000274658203,128.66000366210938,126.26000213623047,128.02999877929688,124.92631530761719,201400
2022-02-17,127.01000213623047,127.80999755859375,126.26000213623047,126.87000274658203,123.79443359375,204600
2022-02-18,126.80999755859375,129.50999450683594,126.80999755859375,127.37999725341797,124.29206848144531,339800
2022-02-22,127.47000122070312,128.5800018310547,126.62000274658203,127.27999877929688,124.19448852539062,298700
2022-02-23,127.8499984741211,128.1199951171875,125.29000091552734,125.52999877929688,122.48690795898438,233400
2022-02-24,123.5999984741211,126.44999694824219,122.58000183105469,126.13999938964844,123.08213806152344,318000
2022-02-25,126.41999816894531,128.0399932861328,125.7699966430664,127.47000122070312,124.37989807128906,332800
2022-02-28,126.19000244140625,127.81999969482422,125.55000305175781,127.45999908447266,124.37012481689453,385400
2022-03-01,127.81999969482422,128.5,124.08999633789062,125.47000122070312,122.42838287353516,279700
2022-03-02,126.54000091552734,129.39999389648438,125.91999816894531,128.3800048828125,125.26782989501953,284500
2022-03-03,129.16000366210938,131.1199951171875,128.72999572753906,130.1300048828125,126.97542572021484,295800
2022-03-04,129.0500030517578,129.5,127.20999908447266,128.4199981689453,125.30685424804688,264100
2022-03-07,128.6699981689453,129.72999572753906,125.44000244140625,126.0,122.94552612304688,453600
2022-03-08,126.76000213623047,130.77999877929688,126.30000305175781,126.5,123.43340301513672,687300
2022-03-09,128.35000610351562,129.33999633789062,126.44000244140625,126.98999786376953,123.9115219116211,415500
2022-03-10,125.79000091552734,126.27999877929688,124.7699966430664,125.9000015258789,122.84795379638672,211300
2022-03-11,126.4800033569336,127.80000305175781,125.5,125.69000244140625,122.6430435180664,253400
2022-03-14,126.69999694824219,127.87000274658203,125.94999694824219,127.25,124.16522216796875,286300
2022-03-15,127.38999938964844,129.64999389648438,127.38999938964844,129.33999633789062,126.20455932617188,226900
2022-03-16,129.8300018310547,132.2100067138672,129.02999877929688,131.75999450683594,128.56588745117188,364800
2022-03-17,131.85000610351562,132.75,130.9199981689453,132.50999450683594,129.2976837158203,184900
2022-03-18,132.7100067138672,134.88999938964844,131.0,134.17999267578125,130.92723083496094,517700
2022-03-21,134.63999938964844,135.10000610351562,133.4600067138672,134.25,130.99549865722656,254200
2022-03-22,134.41000366210938,135.3300018310547,133.8800048828125,135.11000061035156,131.83468627929688,339000
2022-03-23,135.33999633789062,135.52999877929688,133.30999755859375,133.3699951171875,130.13687133789062,289300
2022-03-24,134.1199951171875,135.05999755859375,133.11000061035156,133.4600067138672,130.2246856689453,268800
2022-03-25,133.47000122070312,134.72000122070312,132.83999633789062,134.72000122070312,131.45411682128906,221600
2022-03-28,134.52000427246094,135.39999389648438,133.5399932861328,134.91000366210938,131.63954162597656,200400
2022-03-29,135.75,139.83999633789062,135.4199981689453,139.4600067138672,136.07923889160156,447400
2022-03-30,138.97000122070312,139.5500030517578,137.1699981689453,138.5399932861328,135.72654724121094,279700
2022-03-31,138.44000244140625,139.66000366210938,136.77000427246094,137.80999755859375,135.01138305664062,281000
2022-04-01,138.1999969482422,139.16000366210938,136.97000122070312,137.44000244140625,134.6488800048828,379200
2022-04-04,137.44000244140625,137.77999877929688,135.5,135.77000427246094,133.0128173828125,409200
2022-04-05,135.07000732421875,135.88999938964844,131.5500030517578,131.57000732421875,128.89810180664062,593300
2022-04-06,131.02000427246094,131.66000366210938,128.7100067138672,131.07000732421875,128.4082489013672,357900
2022-04-07,130.4600067138672,131.2899932861328,129.08999633789062,130.47999572753906,127.8302230834961,244400
2022-04-08,130.74000549316406,132.05999755859375,129.7100067138672,129.88999938964844,127.25218963623047,200400
2022-04-11,129.5500030517578,130.47000122070312,127.12999725341797,127.26000213623047,124.67561340332031,238000
2022-04-12,127.30999755859375,129.17999267578125,126.80000305175781,127.58000183105469,124.98912048339844,296000
2022-04-13,127.38999938964844,129.67999267578125,127.38999938964844,129.52999877929688,126.89949798583984,182300
2022-04-14,128.99000549316406,130.3300018310547,128.7899932861328,129.47000122070312,126.84074401855469,204200
2022-04-18,129.00999450683594,130.58999633789062,128.69000244140625,129.3699951171875,126.74276733398438,310500
2022-04-19,129.32000732421875,132.61000061035156,129.32000732421875,132.61000061035156,129.91697692871094,201800
2022-04-20,133.47999572753906,135.42999267578125,132.97000122070312,133.25,130.54396057128906,275300
2022-04-21,134.67999267578125,134.89999389648438,132.75,133.16000366210938,130.45579528808594,233600
2022-04-22,132.25999450683594,132.97999572753906,129.5399932861328,130.05999755859375,127.41874694824219,204700
2022-04-25,129.72999572753906,130.1199951171875,126.61000061035156,129.92999267578125,127.2913818359375,246600
2022-04-26,128.80999755859375,129.72000122070312,126.83999633789062,126.93000030517578,124.3523178100586,225100
2022-04-27,127.38999938964844,129.33999633789062,126.83000183105469,128.35000610351562,125.74349212646484,284400
2022-04-28,136.16000366210938,137.5399932861328,133.14999389648438,135.85000610351562,133.09117126464844,546900
2022-04-29,134.94000244140625,138.1300048828125,134.47999572753906,134.72999572753906,131.993896484375,564400
2022-05-02,135.25,135.9199981689453,131.1999969482422,133.10000610351562,130.39703369140625,364900
2022-05-03,133.14999389648438,135.89999389648438,132.4199981689453,135.17999267578125,132.4347686767578,261100
2022-05-04,135.17999267578125,139.63999938964844,134.85000610351562,139.3699951171875,136.5396728515625,216100
2022-05-05,139.0800018310547,139.17999267578125,134.7899932861328,135.75,132.99317932128906,192500
2022-05-06,135.22000122070312,136.13999938964844,132.38999938964844,136.1199951171875,133.35569763183594,300800
2022-05-09,135.66000366210938,138.77999877929688,135.66000366210938,136.67999267578125,133.90431213378906,405200
2022-05-10,138.32000732421875,138.32000732421875,132.02000427246094,134.0800018310547,131.3571014404297,306300
2022-05-11,133.75999450683594,136.02999877929688,132.9499969482422,133.8699951171875,131.1513671875,388700
2022-05-12,134.2100067138672,134.9199981689453,129.77999877929688,133.1999969482422,130.49497985839844,532800
2022-05-13,133.8000030517578,134.97999572753906,131.4499969482422,133.25,130.54396057128906,450100
2022-05-16,133.13999938964844,134.4199981689453,130.63999938964844,133.8300018310547,131.11221313476562,218200
2022-05-17,135.36000061035156,136.3699951171875,133.88999938964844,135.67999267578125,132.92462158203125,272100
2022-05-18,135.1300048828125,136.11000061035156,131.85000610351562,132.1300048828125,129.4467315673828,286900
2022-05-19,131.25999450683594,133.66000366210938,129.85000610351562,132.05999755859375,129.37811279296875,223300
2022-05-20,132.97000122070312,133.1300048828125,128.10000610351562,130.75999450683594,128.1045379638672,252000
2022-05-23,131.82000732421875,132.5500030517578,130.24000549316406,130.64999389648438,127.99677276611328,302600
2022-05-24,129.5500030517578,131.3800048828125,127.44999694824219,129.92999267578125,127.2913818359375,220000
2022-05-25,129.13999938964844,131.2899932861328,128.49000549316406,130.6199951171875,127.96737670898438,213500
2022-05-26,131.1199951171875,134.1199951171875,130.69000244140625,133.44000244140625,130.73011779785156,164700
2022-05-27,133.97000122070312,135.91000366210938,133.97000122070312,135.91000366210938,133.1499481201172,165100
2022-05-31,135.14999389648438,136.63999938964844,134.02000427246094,135.82000732421875,133.06179809570312,275600
2022-06-01,136.4600067138672,136.83999633789062,133.8800048828125,135.75999450683594,133.00302124023438,161700
2022-06-02,136.61000061035156,138.6699981689453,135.72000122070312,138.55999755859375,135.74612426757812,173100
2022-06-03,138.0399932861328,138.94000244140625,136.94000244140625,137.6300048828125,134.83505249023438,161700
2022-06-06,138.22000122070312,139.58999633789062,137.63999938964844,139.27999877929688,136.45152282714844,174600
2022-06-07,138.27000427246094,140.44000244140625,137.44000244140625,140.3300018310547,137.48019409179688,168000
2022-06-08,139.80999755859375,139.80999755859375,138.07000732421875,138.39999389648438,135.58937072753906,162900
2022-06-09,138.7100067138672,140.6999969482422,137.83999633789062,138.55999755859375,135.74612426757812,326800
2022-06-10,136.57000732421875,136.60000610351562,134.1300048828125,134.6699981689453,131.93511962890625,244900
2022-06-13,132.30999755859375,132.58999633789062,129.17999267578125,129.72000122070312,127.08565521240234,286800
2022-06-14,129.6199951171875,130.97000122070312,126.37000274658203,127.81999969482422,125.2242431640625,341300
2022-06-15,128.7100067138672,129.0800018310547,126.37999725341797,127.69000244140625,125.09688568115234,278500
2022-06-16,125.86000061035156,126.06999969482422,121.83999633789062,124.0,121.4818115234375,523400
2022-06-17,124.87000274658203,124.91000366210938,121.94000244140625,122.31999969482422,119.8359375,656700
2022-06-21,123.38999938964844,124.30999755859375,121.01000213623047,123.94999694824219,121.43282318115234,342500
2022-06-22,122.56999969482422,124.83000183105469,121.9800033569336,124.29000091552734,121.76592254638672,289100
2022-06-23,123.76000213623047,124.9000015258789,120.3499984741211,121.7699966430664,119.29708862304688,307700
2022-06-24,123.0199966430664,125.80000305175781,122.48999786376953,125.77999877929688,123.22566986083984,497600
2022-06-27,126.3499984741211,127.69000244140625,125.06999969482422,127.55999755859375,124.96952056884766,204800
2022-06-28,127.55999755859375,128.89999389648438,124.6500015258789,124.9800033569336,122.44192504882812,458700
2022-06-29,124.6500015258789,124.6500015258789,122.12000274658203,122.7699966430664,120.81814575195312,247000
2022-06-30,121.8499984741211,123.79000091552734,121.33000183105469,123.36000061035156,121.39876556396484,315100
2022-07-01,123.2300033569336,125.02999877929688,121.80000305175781,124.23999786376953,122.26477813720703,187300
2022-07-05,122.08999633789062,122.41000366210938,118.94999694824219,121.7300033569336,119.79468536376953,489300
2022-07-06,121.87000274658203,123.02999877929688,120.54000091552734,122.11000061035156,120.16864013671875,320100
2022-07-07,123.20999908447266,125.19999694824219,123.20999908447266,125.0,123.0126953125,259700
2022-07-08,124.9000015258789,125.04000091552734,123.30000305175781,123.45999908447266,121.49718475341797,147000
2022-07-11,122.22000122070312,123.81999969482422,122.22000122070312,122.83999633789062,120.88703155517578,173900
2022-07-12,122.83999633789062,124.69000244140625,121.86000061035156,122.18000030517578,120.2375259399414,207000
2022-07-13,121.0,123.43000030517578,119.91999816894531,121.08000183105469,119.15502166748047,172000
2022-07-14,119.88999938964844,119.93000030517578,118.16999816894531,119.5999984741211,117.69853973388672,369000
2022-07-15,121.13999938964844,123.73999786376953,119.9800033569336,122.6500015258789,120.70005798339844,584600
2022-07-18,122.66000366210938,123.68000030517578,121.7699966430664,122.12000274658203,120.17848205566406,210100
2022-07-19,123.4800033569336,126.88999938964844,123.37000274658203,126.48999786376953,124.47900390625,191600
2022-07-20,126.41000366210938,127.7300033569336,125.30000305175781,127.30000305175781,125.27613830566406,184700
2022-07-21,127.51000213623047,128.63999938964844,124.05999755859375,128.5500030517578,126.50625610351562,270400
2022-07-22,129.30999755859375,129.49000549316406,126.87999725341797,127.66000366210938,125.63040924072266,220100
2022-07-25,128.22000122070312,129.49000549316406,127.13999938964844,129.13999938964844,127.08687591552734,298900
2022-07-26,129.35000610351562,130.4600067138672,126.95999908447266,130.2100067138672,128.13986206054688,240800
2022-07-27,130.25,134.47000122070312,129.80999755859375,133.7100067138672,131.584228515625,353200
2022-07-28,134.5500030517578,137.61000061035156,133.61000061035156,136.5800018310547,134.4085693359375,382300
2022-07-29,138.10000610351562,142.0,133.44000244140625,141.44000244140625,139.1913299560547,449100
2022-08-01,140.27000427246094,141.94000244140625,139.80999755859375,140.72000122070312,138.48275756835938,269900
2022-08-02,140.50999450683594,140.67999267578125,138.4199981689453,138.72999572753906,136.52439880371094,187000
2022-08-03,139.08999633789062,140.25,137.74000549316406,139.57000732421875,137.35104370117188,146700
2022-08-04,139.60000610351562,141.64999389648438,138.89999389648438,141.35000610351562,139.10276794433594,285700
2022-08-05,140.1999969482422,142.6199951171875,140.1999969482422,142.61000061035156,140.3427276611328,209700
2022-08-08,142.75,143.6999969482422,141.55999755859375,141.89999389648438,139.6439971923828,195800
2022-08-09,142.3000030517578,142.69000244140625,138.92999267578125,141.52999877929688,139.2799072265625,243400
2022-08-10,143.92999267578125,145.07000732421875,143.5,144.0,141.71063232421875,246400
2022-08-11,144.86000061035156,146.17999267578125,143.47000122070312,144.83999633789062,142.5372772216797,187000
2022-08-12,145.35000610351562,147.3000030517578,143.67999267578125,147.3000030517578,144.9581756591797,125500
2022-08-15,146.82000732421875,148.4199981689453,145.9499969482422,148.07000732421875,145.71592712402344,180200
2022-08-16,147.5500030517578,148.5,147.0,147.99000549316406,145.63719177246094,194800
2022-08-17,147.0500030517578,147.83999633789062,146.22000122070312,147.35000610351562,145.0073699951172,174400
2022-08-18,147.6999969482422,148.27999877929688,147.13999938964844,147.77999877929688,145.4305419921875,95900
2022-08-19,147.02999877929688,147.94000244140625,146.22999572753906,147.1999969482422,144.8597412109375,153500
2022-08-22,146.17999267578125,146.17999267578125,143.6699981689453,143.99000549316406,141.70079040527344,153100
2022-08-23,144.30999755859375,145.5399932861328,143.50999450683594,143.6199951171875,141.336669921875,172300
2022-08-24,143.52000427246094,144.33999633789062,142.94000244140625,143.7100067138672,141.42523193359375,159300
2022-08-25,144.35000610351562,145.7100067138672,143.97000122070312,145.5,143.18678283691406,170500
2022-08-26,145.6999969482422,145.6999969482422,140.77999877929688,140.89999389648438,138.65989685058594,165500
2022-08-29,140.61000061035156,140.7100067138672,138.75999450683594,139.9499969482422,137.7250213623047,121700
2022-08-30,139.77000427246094,142.24000549316406,137.55999755859375,137.92999267578125,135.7371368408203,251600
2022-08-31,138.25,139.2100067138672,136.14999389648438,136.69000244140625,134.516845703125,158600
2022-09-01,135.97999572753906,137.47999572753906,135.25999450683594,137.14999389648438,134.9695281982422,226300
2022-09-02,137.72000122070312,138.75999450683594,135.08999633789062,135.50999450683594,133.3555908203125,242300
2022-09-06,135.0800018310547,136.27999877929688,133.99000549316406,135.72999572753906,133.5720977783203,158200
2022-09-07,135.57000732421875,138.88999938964844,134.85000610351562,138.11000061035156,135.91429138183594,203900
2022-09-08,136.92999267578125,138.6699981689453,135.82000732421875,138.57000732421875,136.366943359375,147600
2022-09-09,139.25999450683594,140.63999938964844,139.08999633789062,139.77000427246094,137.54788208007812,188500
2022-09-12,141.39999389648438,141.69000244140625,140.39999389648438,141.4600067138672,139.2110137939453,192800
2022-09-13,139.0500030517578,140.8699951171875,139.0399932861328,139.5800018310547,137.36090087890625,249400
2022-09-14,139.6699981689453,140.30999755859375,137.75,139.5399932861328,137.321533203125,317800
2022-09-15,139.0800018310547,140.3699951171875,136.42999267578125,136.83999633789062,134.66445922851562,267400
2022-09-16,135.6999969482422,135.94000244140625,132.75999450683594,134.02999877929688,131.8991241455078,454400
2022-09-19,133.89999389648438,137.6199951171875,133.60000610351562,137.3300018310547,135.1466827392578,316200
2022-09-20,137.32000732421875,137.32000732421875,134.41000366210938,135.8699951171875,133.70986938476562,163500
2022-09-21,137.00999450683594,138.13999938964844,134.57000732421875,134.6199951171875,132.47975158691406,201200
2022-09-22,133.85000610351562,134.42999267578125,129.77999877929688,129.86000061035156,127.7954330444336,271400
2022-09-23,128.6300048828125,129.27000427246094,126.16999816894531,127.55000305175781,125.52216339111328,388900
2022-09-26,127.22000122070312,129.38999938964844,126.20999908447266,126.7300033569336,124.71519470214844,292900
2022-09-27,127.72000122070312,128.08999633789062,124.66000366210938,125.69999694824219,123.70156860351562,467600
2022-09-28,126.73999786376953,128.9199981689453,125.56999969482422,127.9000015258789,125.8666000366211,294000
2022-09-29,126.41999816894531,127.19999694824219,124.94999694824219,127.13999938964844,125.66890716552734,245500
2022-09-30,127.22000122070312,127.94000244140625,125.4800033569336,125.72000122070312,124.26534271240234,301100
2022-10-03,127.22000122070312,128.58999633789062,125.94000244140625,127.27999877929688,125.80728149414062,354000
2022-10-04,128.8000030517578,130.32000732421875,128.0800018310547,130.17999267578125,128.67372131347656,366700
2022-10-05,129.60000610351562,131.64999389648438,129.24000549316406,130.10000610351562,128.59466552734375,300400
2022-10-06,129.49000549316406,130.14999389648438,126.9800033569336,127.20999908447266,125.73809814453125,341900
2022-10-07,126.23999786376953,126.23999786376953,122.9800033569336,124.04000091552734,122.60477447509766,240100
2022-10-10,124.29000091552734,124.75,120.48999786376953,122.44000244140625,121.02328491210938,356500
2022-10-11,121.93000030517578,124.31999969482422,121.66999816894531,123.37000274658203,121.94253540039062,268100
2022-10-12,123.80000305175781,124.30999755859375,122.37000274658203,122.44000244140625,121.02328491210938,187900
2022-10-13,120.16999816894531,125.5,120.01000213623047,124.68000030517578,123.23736572265625,270600
2022-10-14,126.2699966430664,126.29000091552734,122.16000366210938,122.5,121.08259582519531,346300
2022-10-17,124.19000244140625,126.72000122070312,124.12999725341797,126.37000274658203,124.9078140258789,303200
2022-10-18,128.5,129.99000549316406,127.33999633789062,129.80999755859375,128.30799865722656,347000
2022-10-19,130.0500030517578,130.58999633789062,127.9800033569336,130.00999450683594,128.5056915283203,325200
2022-10-20,130.44000244140625,130.69000244140625,126.44000244140625,126.66999816894531,125.20433807373047,254100
2022-10-21,127.01000213623047,131.75,126.77999877929688,131.3300018310547,129.8104248046875,405700
2022-10-24,132.2100067138672,133.85000610351562,131.77000427246094,132.99000549316406,131.45123291015625,362400
2022-10-25,132.88999938964844,137.0800018310547,132.5,136.99000549316406,135.4049530029297,369900
2022-10-26,137.47999572753906,139.57000732421875,136.3800048828125,138.32000732421875,136.7195587158203,481400
2022-10-27,139.22000122070312,143.10000610351562,138.47000122070312,139.91000366210938,138.2911376953125,615000
2022-10-28,141.4600067138672,142.61000061035156,140.10000610351562,140.77000427246094,139.14120483398438,415500
2022-10-31,140.74000549316406,142.61000061035156,139.44000244140625,142.0,140.35696411132812,635400
2022-11-01,143.36000061035156,143.6300048828125,141.3000030517578,142.89999389648438,141.2465362548828,408700
2022-11-02,141.89999389648438,143.22000122070312,138.67999267578125,138.77000427246094,137.16433715820312,348900
2022-11-03,137.6699981689453,141.52000427246094,136.0,140.8300018310547,139.2005157470703,261900
2022-11-04,142.50999450683594,144.0,140.32000732421875,142.58999633789062,140.9401397705078,220200
2022-11-07,142.77000427246094,143.97999572753906,141.13999938964844,143.50999450683594,141.8494873046875,242900
2022-11-08,143.91000366210938,146.14999389648438,143.22999572753906,145.50999450683594,143.82635498046875,245500
2022-11-09,144.14999389648438,145.99000549316406,143.02000427246094,144.13999938964844,142.4722137451172,247300
2022-11-10,148.0,148.0,144.13999938964844,145.8000030517578,144.11300659179688,487900
2022-11-11,145.6999969482422,146.69000244140625,144.4499969482422,145.44000244140625,143.75717163085938,252200
2022-11-14,145.5399932861328,148.38999938964844,143.80999755859375,145.91000366210938,144.2217254638672,361800
2022-11-15,146.5500030517578,150.00999450683594,146.3699951171875,148.4199981689453,146.7026824951172,311300
2022-11-16,148.39999389648438,149.3300018310547,146.97999572753906,148.41000366210938,146.6927947998047,255000
2022-11-17,146.74000549316406,147.8300018310547,143.22999572753906,145.8300018310547,144.1426544189453,274300
2022-11-18,147.67999267578125,148.6699981689453,146.24000549316406,147.72999572753906,146.02064514160156,291800
2022-11-21,147.8699951171875,149.32000732421875,147.6999969482422,149.0,147.27598571777344,172800
2022-11-22,149.89999389648438,149.9499969482422,147.3800048828125,149.63999938964844,147.9085693359375,324400
2022-11-23,149.69000244140625,150.67999267578125,148.07000732421875,148.2899932861328,146.57418823242188,826800
2022-11-25,149.00999450683594,149.7899932861328,148.35000610351562,148.9499969482422,147.22654724121094,93700
2022-11-28,147.8300018310547,148.32000732421875,145.1300048828125,145.5399932861328,143.85598754882812,186700
2022-11-29,145.05999755859375,146.24000549316406,144.38999938964844,144.7899932861328,143.11468505859375,177100
2022-11-30,145.17999267578125,148.08999633789062,142.83999633789062,147.8800048828125,146.16893005371094,379300
2022-12-01,149.11000061035156,149.99000549316406,146.86000061035156,148.1699981689453,146.45556640625,251800
2022-12-02,147.27999877929688,149.10000610351562,146.3800048828125,148.22999572753906,146.51486206054688,230300
2022-12-05,147.47999572753906,147.57000732421875,145.8699951171875,146.58999633789062,144.89385986328125,163400
2022-12-06,146.60000610351562,146.8300018310547,142.08999633789062,143.82000732421875,142.15591430664062,291600
2022-12-07,143.82000732421875,146.91000366210938,143.82000732421875,146.6300048828125,144.93341064453125,326600
2022-12-08,147.42999267578125,148.44000244140625,146.11000061035156,147.82000732421875,146.10963439941406,249500
2022-12-09,147.75999450683594,148.5,145.52999877929688,145.75999450683594,144.0734405517578,199100
2022-12-12,146.3699951171875,147.88999938964844,144.72000122070312,147.6699981689453,145.9613494873047,163100
2022-12-13,150.14999389648438,150.33999633789062,147.27999877929688,147.72999572753906,146.02064514160156,228900
2022-12-14,148.4199981689453,149.47999572753906,145.64999389648438,146.14999389648438,144.45895385742188,221600
2022-12-15,144.80999755859375,144.80999755859375,141.7100067138672,143.05999755859375,141.40469360351562,367600
2022-12-16,141.6699981689453,143.50999450683594,141.00999450683594,142.08999633789062,140.4459228515625,920100
2022-12-19,141.83999633789062,143.4199981689453,139.9199981689453,140.5,138.87432861328125,209300
2022-12-20,140.1300048828125,142.97999572753906,139.94000244140625,140.5,138.87432861328125,236300
2022-12-21,141.39999389648438,144.3000030517578,141.1999969482422,144.13999938964844,142.4722137451172,292400
2022-12-22,142.97999572753906,144.9499969482422,141.72999572753906,143.9499969482422,142.28440856933594,362100
2022-12-23,143.9499969482422,145.50999450683594,143.36000061035156,145.0500030517578,143.37167358398438,224800
2022-12-27,145.94000244140625,148.2100067138672,145.69000244140625,146.5500030517578,144.8543243408203,458300
2022-12-28,146.74000549316406,147.47999572753906,142.47000122070312,142.66000366210938,141.00933837890625,691400
2022-12-29,142.88999938964844,145.91000366210938,141.97999572753906,145.47000122070312,144.43478393554688,282300
2022-12-30,144.52000427246094,145.07000732421875,143.52000427246094,144.49000549316406,143.46176147460938,214900
2023-01-03,144.94000244140625,146.67999267578125,143.75999450683594,146.17999267578125,145.13970947265625,268700
2023-01-04,147.27000427246094,149.02000427246094,146.61000061035156,148.86000061035156,147.8006591796875,370900
2023-01-05,148.6199951171875,149.22000122070312,147.75,148.35000610351562,147.29429626464844,226200
2023-01-06,149.85000610351562,154.8000030517578,149.85000610351562,153.64999389648438,152.5565643310547,382000
2023-01-09,153.64999389648438,156.60000610351562,153.3800048828125,154.27000427246094,153.1721649169922,401000
2023-01-10,154.14999389648438,155.7100067138672,153.3000030517578,155.24000549316406,154.13525390625,494000
2023-01-11,155.77999877929688,157.75,155.5399932861328,157.17999267578125,156.0614471435547,204100
2023-01-12,157.97999572753906,158.92999267578125,156.47999572753906,157.17999267578125,156.0614471435547,232800
2023-01-13,156.74000549316406,158.7899932861328,152.19000244140625,158.07000732421875,156.94512939453125,218800
2023-01-17,158.22000122070312,159.39999389648438,157.33999633789062,159.0,157.86849975585938,256000
2023-01-18,159.36000061035156,159.7899932861328,155.6199951171875,156.58999633789062,155.47564697265625,387700
2023-01-19,156.4600067138672,156.52000427246094,154.0399932861328,154.3000030517578,153.20193481445312,431500
2023-01-20,154.82000732421875,156.9600067138672,153.77000427246094,156.72999572753906,155.61465454101562,298500
2023-01-23,157.0,158.1699981689453,156.24000549316406,157.9499969482422,156.82595825195312,365000
2023-01-24,158.67999267578125,159.9600067138672,157.0,158.25,157.12384033203125,434500
2023-01-25,157.41000366210938,158.49000549316406,156.0,157.92999267578125,156.8061065673828,966500
2023-01-26,158.22999572753906,160.77999877929688,157.5,160.7100067138672,159.5663299560547,334100
2023-01-27,160.1300048828125,163.9600067138672,160.08999633789062,163.10000610351562,161.9393310546875,391200
2023-01-30,163.1999969482422,163.5,161.92999267578125,162.7899932861328,161.6315155029297,343800
2023-01-31,162.7899932861328,167.30999755859375,162.39999389648438,166.8699951171875,165.68247985839844,585700
2023-02-01,166.60000610351562,170.75,165.89999389648438,169.57000732421875,168.36328125,337100
2023-02-02,169.77000427246094,172.83999633789062,169.16000366210938,172.14999389648438,170.92491149902344,333600
2023-02-03,171.50999450683594,174.6199951171875,171.1699981689453,174.5,173.25819396972656,627000
2023-02-06,172.8000030517578,174.0,171.52999877929688,172.5,171.27243041992188,347100
2023-02-07,171.8000030517578,173.92999267578125,171.02000427246094,173.6999969482422,172.46388244628906,437900
2023-02-08,172.72000122070312,173.5399932861328,172.13999938964844,172.32000732421875,171.0937042236328,330800
2023-02-09,173.66000366210938,174.27000427246094,171.69000244140625,171.97999572753906,170.75613403320312,194700
2023-02-10,171.97999572753906,172.6300048828125,171.0500030517578,172.33999633789062,171.11355590820312,186200
2023-02-13,172.0500030517578,174.1999969482422,172.0500030517578,173.89999389648438,172.66246032714844,288100
2023-02-14,173.97000122070312,174.64999389648438,172.52999877929688,174.30999755859375,173.06954956054688,250400
2023-02-15,173.30999755859375,176.19000244140625,173.30999755859375,175.97000122070312,174.71774291992188,256700
2023-02-16,173.9199981689453,176.0,173.07000732421875,174.3800048828125,173.1390380859375,441500
2023-02-17,174.25999450683594,176.52000427246094,173.4199981689453,176.2899932861328,175.0354461669922,601700
2023-02-21,168.7100067138672,173.0,163.11000061035156,163.33999633789062,162.17759704589844,918400
2023-02-22,164.55999755859375,165.5500030517578,162.02999877929688,164.0500030517578,162.882568359375,743000
2023-02-23,164.92999267578125,166.7899932861328,163.3000030517578,166.30999755859375,165.12648010253906,914900
2023-02-24,165.0,166.22999572753906,162.6999969482422,165.91000366210938,164.7293243408203,307700
2023-02-27,167.0800018310547,170.75,166.99000549316406,168.02000427246094,166.82431030273438,596500
2023-02-28,168.50999450683594,169.8699951171875,167.4499969482422,167.92999267578125,166.7349395751953,417700
2023-03-01,167.00999450683594,170.0,166.8000030517578,169.1999969482422,167.9958953857422,285600
2023-03-02,168.75999450683594,171.89999389648438,168.02000427246094,171.89999389648438,170.67669677734375,318800
2023-03-03,172.6199951171875,174.1199951171875,171.07000732421875,173.44000244140625,172.20574951171875,276200
2023-03-06,173.00999450683594,174.1199951171875,169.75,170.74000549316406,169.5249481201172,425400
2023-03-07,170.50999450683594,171.16000366210938,169.77000427246094,170.33999633789062,169.12779235839844,408300
2023-03-08,170.0,172.0399932861328,170.0,171.72999572753906,170.5078887939453,209100
2023-03-09,172.10000610351562,173.88999938964844,171.0800018310547,171.3300018310547,170.11074829101562,397200
2023-03-10,170.94000244140625,170.94000244140625,166.24000549316406,166.52999877929688,165.3448944091797,436800
2023-03-13,164.47999572753906,167.32000732421875,164.10000610351562,165.47000122070312,164.29244995117188,193800
2023-03-14,168.02999877929688,170.1699981689453,166.97999572753906,169.39999389648438,168.19447326660156,293400
2023-03-15,165.77000427246094,166.32000732421875,160.74000549316406,163.02000427246094,161.85989379882812,370100
2023-03-16,161.25999450683594,163.57000732421875,160.82000732421875,162.7899932861328,161.6315155029297,664100
2023-03-17,162.08999633789062,162.08999633789062,159.41000366210938,160.58999633789062,159.44717407226562,1155800
2023-03-20,161.5399932861328,164.61000061035156,161.5399932861328,163.9199981689453,162.75347900390625,369600
2023-03-21,165.99000549316406,167.1999969482422,165.0,167.0800018310547,165.8909912109375,300700
2023-03-22,166.6699981689453,167.02999877929688,162.80999755859375,163.05999755859375,161.8996124267578,428400
2023-03-23,163.25999450683594,165.52000427246094,162.0399932861328,163.72000122070312,162.55491638183594,412100
2023-03-24,162.11000061035156,162.6300048828125,158.74000549316406,160.77000427246094,159.6259002685547,537800
2023-03-27,161.86000061035156,163.6300048828125,160.67999267578125,162.27999877929688,161.12515258789062,351700
2023-03-28,162.66000366210938,165.10000610351562,162.5,164.8699951171875,163.69671630859375,291600
2023-03-29,165.2100067138672,167.00999450683594,164.55999755859375,166.8699951171875,165.68247985839844,257400
2023-03-30,167.5800018310547,168.44000244140625,166.86000061035156,167.7899932861328,167.2373504638672,254700
2023-03-31,168.6699981689453,169.63999938964844,167.8000030517578,169.10000610351562,168.5430450439453,285000
2023-04-03,168.7100067138672,170.6300048828125,167.55999755859375,169.1300048828125,168.57293701171875,297100
2023-04-04,168.69000244140625,168.69000244140625,161.6199951171875,162.5800018310547,162.0445098876953,408600
2023-04-05,161.38999938964844,161.8699951171875,157.17999267578125,158.86000061035156,158.33676147460938,465100
2023-04-06,158.6300048828125,158.6300048828125,153.58999633789062,154.17999267578125,153.6721649169922,733600
2023-04-10,153.3800048828125,159.67999267578125,152.36000061035156,159.5500030517578,159.0244903564453,630900
2023-04-11,160.3699951171875,161.39999389648438,159.47000122070312,160.3800048828125,159.8517608642578,240000
2023-04-12,161.35000610351562,161.67999267578125,159.91000366210938,160.2100067138672,159.6823272705078,371800
2023-04-13,159.72999572753906,159.97999572753906,156.4499969482422,159.5399932861328,159.01451110839844,329400
2023-04-14,159.0800018310547,161.74000549316406,158.3800048828125,159.0,158.47630310058594,243300
2023-04-17,159.42999267578125,160.61000061035156,159.42999267578125,160.1699981689453,159.64244079589844,225500
2023-04-18,161.0,161.72000122070312,159.6199951171875,161.0800018310547,160.54945373535156,181200
2023-04-19,161.00999450683594,161.00999450683594,158.9499969482422,160.3300018310547,159.8019256591797,170500
2023-04-20,159.69000244140625,160.5800018310547,158.83999633789062,159.7899932861328,159.26368713378906,226600
2023-04-21,160.07000732421875,160.2899932861328,157.86000061035156,160.0399932861328,159.5128631591797,325900
2023-04-24,159.97999572753906,161.72000122070312,159.52000427246094,160.72999572753906,160.2006072998047,332200
2023-04-25,160.22000122070312,160.58999633789062,158.38999938964844,158.38999938964844,157.86831665039062,507800
2023-04-26,157.52000427246094,159.3699951171875,155.22000122070312,156.0500030517578,155.53602600097656,1160100
2023-04-27,159.11000061035156,164.3699951171875,156.8000030517578,163.80999755859375,163.2704620361328,805700
2023-04-28,164.61000061035156,169.5500030517578,162.0800018310547,167.8000030517578,167.247314453125,835300
2023-05-01,167.52999877929688,171.5800018310547,167.52999877929688,170.6199951171875,170.0580291748047,453900
2023-05-02,170.52999877929688,171.3699951171875,167.19000244140625,170.17999267578125,169.61947631835938,391800
2023-05-03,170.67999267578125,173.22000122070312,169.8800048828125,169.9600067138672,169.40020751953125,330800
2023-05-04,170.0500030517578,170.0500030517578,166.0,166.6699981689453,166.12103271484375,327500
2023-05-05,168.8300018310547,171.1300048828125,167.2899932861328,170.4600067138672,169.8985595703125,299200
2023-05-08,170.6300048828125,171.82000732421875,168.9199981689453,169.5,168.94171142578125,194800
2023-05-09,168.94000244140625,170.02999877929688,168.3300018310547,169.22000122070312,168.6626434326172,214900
2023-05-10,170.08999633789062,170.25999450683594,165.1999969482422,168.08999633789062,167.53636169433594,254800
2023-05-11,167.57000732421875,167.57000732421875,165.9600067138672,167.02999877929688,166.4798583984375,196200
2023-05-12,167.8800048828125,168.8300018310547,166.55999755859375,168.3300018310547,167.77557373046875,241300
2023-05-15,168.3300018310547,169.82000732421875,167.4499969482422,169.72999572753906,169.17095947265625,230800
2023-05-16,168.82000732421875,169.36000061035156,166.58999633789062,167.44000244140625,166.8885040283203,331800
2023-05-17,168.3300018310547,169.47999572753906,167.4499969482422,169.1199951171875,168.56297302246094,227300
2023-05-18,168.89999389648438,171.17999267578125,168.17999267578125,170.39999389648438,169.8387451171875,231700
2023-05-19,171.85000610351562,172.61000061035156,169.74000549316406,170.1999969482422,169.639404296875,240600
2023-05-22,170.69000244140625,171.94000244140625,169.17999267578125,171.27999877929688,170.71585083007812,212100
2023-05-23,170.88999938964844,171.99000549316406,168.88999938964844,169.77000427246094,169.21083068847656,446900
2023-05-24,169.5,169.5500030517578,167.5800018310547,168.5500030517578,167.99485778808594,944300
2023-05-25,169.19000244140625,172.1300048828125,168.22999572753906,170.99000549316406,170.42681884765625,343100
2023-05-26,171.3300018310547,174.3300018310547,170.67999267578125,173.63999938964844,173.06808471679688,236000
2023-05-30,174.7899932861328,176.5500030517578,174.0800018310547,175.33999633789062,174.76248168945312,456000
2023-05-31,174.4199981689453,175.36000061035156,169.5,169.66000366210938,169.1011962890625,446500
2023-06-01,170.1300048828125,175.47000122070312,169.85000610351562,175.25,174.6727752685547,446000
2023-06-02,176.8800048828125,182.2899932861328,176.77999877929688,181.8000030517578,181.20120239257812,582900
2023-06-05,181.19000244140625,181.22000122070312,177.00999450683594,180.67999267578125,180.0848846435547,284800
2023-06-06,180.38999938964844,184.55999755859375,179.41000366210938,183.66000366210938,183.05508422851562,237000
2023-06-07,183.82000732421875,189.5399932861328,182.97999572753906,189.13999938964844,188.51702880859375,308000
2023-06-08,188.47000122070312,191.75,188.1999969482422,190.61000061035156,189.98219299316406,372500
2023-06-09,190.0800018310547,190.77000427246094,188.0399932861328,190.52000427246094,189.89248657226562,231200
2023-06-12,190.1699981689453,192.4199981689453,189.13999938964844,192.0399932861328,191.407470703125,261800
2023-06-13,192.32000732421875,196.49000549316406,192.32000732421875,195.25999450683594,194.6168670654297,338500
2023-06-14,195.39999389648438,195.4499969482422,192.9199981689453,194.55999755859375,193.91917419433594,396300
2023-06-15,193.16000366210938,196.8000030517578,193.16000366210938,196.08999633789062,195.4441375732422,335000
2023-06-16,196.47999572753906,197.25999450683594,194.69000244140625,195.92999267578125,195.28465270996094,666000
2023-06-20,195.0,195.6999969482422,193.13999938964844,194.4499969482422,193.80953979492188,268600
2023-06-21,193.16000366210938,196.27999877929688,192.8000030517578,195.07000732421875,194.42750549316406,334700
2023-06-22,195.1300048828125,195.1300048828125,192.3000030517578,192.8800048828125,192.24472045898438,352700
2023-06-23,191.7100067138672,192.8000030517578,188.80999755859375,189.58999633789062,188.96554565429688,663900
2023-06-26,189.9199981689453,193.08999633789062,189.8300018310547,191.83999633789062,191.2081298828125,444900
2023-06-27,192.25,194.72999572753906,191.8000030517578,194.08999633789062,193.4507293701172,287400
2023-06-28,196.57000732421875,197.22999572753906,193.97999572753906,194.30999755859375,193.6699981689453,488600
2023-06-29,193.60000610351562,197.69000244140625,192.6999969482422,197.33999633789062,197.33999633789062,393800
2023-06-30,199.0,199.72000122070312,197.38999938964844,198.6300048828125,198.6300048828125,370500
2023-07-03,197.50999450683594,198.97000122070312,196.5,198.97000122070312,198.97000122070312,121900
2023-07-05,197.1999969482422,197.5,194.55999755859375,194.88999938964844,194.88999938964844,340200
2023-07-06,193.5500030517578,194.8000030517578,189.16000366210938,193.2899932861328,193.2899932861328,284600
2023-07-07,193.4499969482422,195.86000061035156,191.44000244140625,193.44000244140625,193.44000244140625,261700
2023-07-10,194.0,197.33999633789062,193.9499969482422,197.02000427246094,197.02000427246094,186900
2023-07-11,197.1300048828125,198.3300018310547,196.39999389648438,198.0800018310547,198.0800018310547,270800
2023-07-12,200.47999572753906,200.7899932861328,198.0500030517578,199.05999755859375,199.05999755859375,290100
2023-07-13,199.02999877929688,200.4600067138672,198.08999633789062,199.82000732421875,199.82000732421875,158000
2023-07-14,199.74000549316406,200.82000732421875,198.2100067138672,199.82000732421875,199.82000732421875,328500
2023-07-17,198.88999938964844,203.47000122070312,198.83999633789062,202.6699981689453,202.6699981689453,255200
2023-07-18,201.88999938964844,208.5399932861328,201.88999938964844,207.75,207.75,468900
2023-07-19,208.24000549316406,209.42999267578125,205.4199981689453,209.00999450683594,209.00999450683594,461800
2023-07-20,210.0,210.86000061035156,207.6699981689453,210.0399932861328,210.0399932861328,330000
2023-07-21,209.1699981689453,210.47999572753906,206.75999450683594,207.85000610351562,207.85000610351562,428700
2023-07-24,208.0399932861328,210.05999755859375,206.8699951171875,206.94000244140625,206.94000244140625,394500
2023-07-25,205.85000610351562,207.5500030517578,205.1999969482422,205.41000366210938,205.41000366210938,345500
2023-07-26,205.16000366210938,206.0,202.08999633789062,203.9600067138672,203.9600067138672,379100
2023-07-27,209.0,209.0,190.17999267578125,197.75999450683594,197.75999450683594,781200
2023-07-28,199.77999877929688,199.77999877929688,196.42999267578125,199.1300048828125,199.1300048828125,456600
2023-07-31,199.33999633789062,200.42999267578125,197.4949951171875,200.1199951171875,200.1199951171875,115759
